record_id,sensor_id,event_time,ingest_time,reading,unit,operator_email
R000001,S01,2026-02-02T00:00:30Z,2026-02-02T00:01:30Z,,C,operator1@example.invalid
R000002,S02,2026-02-02T00:01:00Z,2026-02-02T00:02:00Z,,F,operator2@example.invalid
R000003,S03,2026-02-02T00:01:30Z,2026-02-02T00:02:30Z,,C,operator3@example.invalid
R000004,S04,2026-02-02T00:02:00Z,2026-02-02T00:03:00Z,,F,operator4@example.invalid
R000005,S05,2026-02-02T00:02:30Z,2026-02-02T00:03:30Z,,C,operator0@example.invalid
R000006,S06,2026-02-02T00:03:00Z,2026-02-02T00:04:00Z,,F,operator1@example.invalid
R000007, s07 ,2026-02-02T00:03:30Z,2026-02-02T00:04:30Z,,C,operator2@example.invalid
R000008,S08,2026-02-02T00:04:00Z,2026-02-02T00:05:00Z,,F,operator3@example.invalid
R000009,S09,2026-02-02T00:04:30Z,2026-02-02T00:05:30Z,,C,operator4@example.invalid
R000010,S10,2026-02-02T00:05:00Z,2026-02-02T00:06:00Z,,F,operator0@example.invalid
R000011,S11,2026-02-02T00:05:30Z,2026-02-02T00:06:30Z,, c ,operator1@example.invalid
R000012,S12,2026-02-02T00:06:00Z,2026-02-02T00:07:00Z,,F,operator2@example.invalid
R000013,S13,2026-02-02T00:06:30Z,2026-02-02T00:07:30Z,,C,operator3@example.invalid
R000014, s14 ,2026-02-02T00:07:00Z,2026-02-02T00:08:00Z,,F,operator4@example.invalid
R000015,S15,2026-02-02T00:07:30Z,2026-02-02T00:08:30Z,,C,operator0@example.invalid
R000016,S16,2026-02-02T00:08:00Z,2026-02-02T00:09:00Z,,F,operator1@example.invalid
R000017,S17,2026-02-02T00:08:30Z,2026-02-02T00:09:30Z,,C,operator2@example.invalid
R000018,S18,2026-02-02T00:09:00Z,2026-02-02T00:10:00Z,,F,operator3@example.invalid
R000019,S19,2026-02-02T00:09:30Z,2026-02-02T00:10:30Z,,C,operator4@example.invalid
R000020,S20,2026-02-02T00:10:00Z,2026-02-02T00:11:00Z,,F,operator0@example.invalid
R000021, s01 ,2026-02-02T00:10:30Z,2026-02-02T00:11:30Z,,C,operator1@example.invalid
R000022,S02,2026-02-02T00:11:00Z,2026-02-02T00:12:00Z,, f ,operator2@example.invalid
R000023,S03,2026-02-02T00:11:30Z,2026-02-02T00:12:30Z,,C,operator3@example.invalid
R000024,S04,2026-02-02T00:12:00Z,2026-02-02T00:13:00Z,,F,operator4@example.invalid
R000025,S05,2026-02-02T00:12:30Z,2026-02-02T00:13:30Z,,C,operator0@example.invalid
R000026,S06,2026-02-02T00:13:00Z,2026-02-02T00:14:00Z,,F,operator1@example.invalid
R000027,S07,2026-02-02T00:13:30Z,2026-02-02T00:14:30Z,,C,operator2@example.invalid
R000028, s08 ,2026-02-02T00:14:00Z,2026-02-02T00:15:00Z,,F,operator3@example.invalid
R000029,S09,2026-02-02T00:14:30Z,2026-02-02T00:15:30Z,,C,operator4@example.invalid
R000030,S10,2026-02-02T00:15:00Z,2026-02-02T00:16:00Z,,F,operator0@example.invalid
R000031,S11,2026-02-02T00:15:30Z,2026-02-02T00:16:30Z,,C,operator1@example.invalid
R000032,S12,2026-02-02T00:16:00Z,2026-02-02T00:17:00Z,,F,operator2@example.invalid
R000033,S13,2026-02-02T00:16:30Z,2026-02-02T00:17:30Z,, c ,operator3@example.invalid
R000034,S14,2026-02-02T00:17:00Z,2026-02-02T00:18:00Z,,F,operator4@example.invalid
R000035, s15 ,2026-02-02T00:17:30Z,2026-02-02T00:18:30Z,,C,operator0@example.invalid
R000036,S16,2026-02-02T00:18:00Z,2026-02-02T00:19:00Z,,F,operator1@example.invalid
R000037,S17,2026-02-02T00:18:30Z,2026-02-02T00:19:30Z,,C,operator2@example.invalid
R000038,S18,2026-02-02T00:19:00Z,2026-02-02T00:20:00Z,,F,operator3@example.invalid
R000039,S19,2026-02-02T00:19:30Z,2026-02-02T00:20:30Z,,C,operator4@example.invalid
R000040,S20,2026-02-02T00:20:00Z,2026-02-02T00:21:00Z,,F,operator0@example.invalid
R000041,S01,2026-02-02T00:20:30Z,2026-02-02T00:21:30Z,,C,operator1@example.invalid
R000042, s02 ,2026-02-02T00:21:00Z,2026-02-02T00:22:00Z,,F,operator2@example.invalid
R000043,S03,2026-02-02T00:21:30Z,2026-02-02T00:22:30Z,,C,operator3@example.invalid
R000044,S04,2026-02-02T00:22:00Z,2026-02-02T00:23:00Z,, f ,operator4@example.invalid
R000045,S05,2026-02-02T00:22:30Z,2026-02-02T00:23:30Z,,C,operator0@example.invalid
R000046,S06,2026-02-02T00:23:00Z,2026-02-02T00:24:00Z,,F,operator1@example.invalid
R000047,S07,2026-02-02T00:23:30Z,2026-02-02T00:24:30Z,,C,operator2@example.invalid
R000048,S08,2026-02-02T00:24:00Z,2026-02-02T00:25:00Z,,F,operator3@example.invalid
R000049, s09 ,2026-02-02T00:24:30Z,2026-02-02T00:25:30Z,,C,operator4@example.invalid
R000050,S10,2026-02-02T00:25:00Z,2026-02-02T00:26:00Z,,F,operator0@example.invalid
R000051,S11,2026-02-02T00:25:30Z,2026-02-02T00:26:30Z,,C,operator1@example.invalid
R000052,S12,2026-02-02T00:26:00Z,2026-02-02T00:27:00Z,,F,operator2@example.invalid
R000053,S13,2026-02-02T00:26:30Z,2026-02-02T00:27:30Z,,C,operator3@example.invalid
R000054,S14,2026-02-02T00:27:00Z,2026-02-02T00:28:00Z,,F,operator4@example.invalid
R000055,S15,2026-02-02T00:27:30Z,2026-02-02T00:28:30Z,, c ,operator0@example.invalid
R000056, s16 ,2026-02-02T00:28:00Z,2026-02-02T00:29:00Z,,F,operator1@example.invalid
R000057,S17,2026-02-02T00:28:30Z,2026-02-02T00:29:30Z,,C,operator2@example.invalid
R000058,S18,2026-02-02T00:29:00Z,2026-02-02T00:30:00Z,,F,operator3@example.invalid
R000059,S19,2026-02-02T00:29:30Z,2026-02-02T00:30:30Z,,C,operator4@example.invalid
R000060,S20,2026-02-02T00:30:00Z,2026-02-02T00:31:00Z,,F,operator0@example.invalid
R000061,S01,2026-02-02T00:30:30Z,2026-02-02T00:31:30Z,,C,operator1@example.invalid
R000062,S02,2026-02-02T00:31:00Z,2026-02-02T00:32:00Z,,F,operator2@example.invalid
R000063, s03 ,2026-02-02T00:31:30Z,2026-02-02T00:32:30Z,,C,operator3@example.invalid
R000064,S04,2026-02-02T00:32:00Z,2026-02-02T00:33:00Z,,F,operator4@example.invalid
R000065,S05,2026-02-02T00:32:30Z,2026-02-02T00:33:30Z,,C,operator0@example.invalid
R000066,S06,2026-02-02T00:33:00Z,2026-02-02T00:34:00Z,, f ,operator1@example.invalid
R000067,S07,2026-02-02T00:33:30Z,2026-02-02T00:34:30Z,,C,operator2@example.invalid
R000068,S08,2026-02-02T00:34:00Z,2026-02-02T00:35:00Z,,F,operator3@example.invalid
R000069,S09,2026-02-02T00:34:30Z,2026-02-02T00:35:30Z,,C,operator4@example.invalid
R000070, s10 ,2026-02-02T00:35:00Z,2026-02-02T00:36:00Z,,F,operator0@example.invalid
R000071,S11,2026-02-02T00:35:30Z,2026-02-02T00:36:30Z,,C,operator1@example.invalid
R000072,S12,2026-02-02T00:36:00Z,2026-02-02T00:37:00Z,,F,operator2@example.invalid
R000073,S13,2026-02-02T00:36:30Z,2026-02-02T00:37:30Z,,C,operator3@example.invalid
R000074,S14,2026-02-02T00:37:00Z,2026-02-02T00:38:00Z,,F,operator4@example.invalid
R000075,S15,2026-02-02T00:37:30Z,2026-02-02T00:38:30Z,,C,operator0@example.invalid
R000076,S16,2026-02-02T00:38:00Z,2026-02-02T00:39:00Z,,F,operator1@example.invalid
R000077, s17 ,2026-02-02T00:38:30Z,2026-02-02T00:39:30Z,, c ,operator2@example.invalid
R000078,S18,2026-02-02T00:39:00Z,2026-02-02T00:40:00Z,,F,operator3@example.invalid
R000079,S19,2026-02-02T00:39:30Z,2026-02-02T00:40:30Z,,C,operator4@example.invalid
R000080,S20,2026-02-02T00:40:00Z,2026-02-02T00:41:00Z,,F,operator0@example.invalid
R000081,S01,2026-02-02T00:40:30Z,2026-02-02T00:41:30Z,,C,operator1@example.invalid
R000082,S02,2026-02-02T00:41:00Z,2026-02-02T00:42:00Z,,F,operator2@example.invalid
R000083,S03,2026-02-02T00:41:30Z,2026-02-02T00:42:30Z,,C,operator3@example.invalid
R000084, s04 ,2026-02-02T00:42:00Z,2026-02-02T00:43:00Z,,F,operator4@example.invalid
R000085,S05,2026-02-02T00:42:30Z,2026-02-02T00:43:30Z,,C,operator0@example.invalid
R000086,S06,2026-02-02T00:43:00Z,2026-02-02T00:44:00Z,,F,operator1@example.invalid
R000087,S07,2026-02-02T00:43:30Z,2026-02-02T00:44:30Z,,C,operator2@example.invalid
R000088,S08,2026-02-02T00:44:00Z,2026-02-02T00:45:00Z,, f ,operator3@example.invalid
R000089,S09,2026-02-02T00:44:30Z,2026-02-02T00:45:30Z,,C,operator4@example.invalid
R000090,S10,2026-02-02T00:45:00Z,2026-02-02T00:46:00Z,,F,operator0@example.invalid
R000091, s11 ,2026-02-02T00:45:30Z,2026-02-02T00:46:30Z,,C,operator1@example.invalid
R000092,S12,2026-02-02T00:46:00Z,2026-02-02T00:47:00Z,,F,operator2@example.invalid
R000093,S13,2026-02-02T00:46:30Z,2026-02-02T00:47:30Z,,C,operator3@example.invalid
R000094,S14,2026-02-02T00:47:00Z,2026-02-02T00:48:00Z,,F,operator4@example.invalid
R000095,S15,2026-02-02T00:47:30Z,2026-02-02T00:48:30Z,,C,operator0@example.invalid
R000096,S16,2026-02-02T00:48:00Z,2026-02-02T00:49:00Z,,F,operator1@example.invalid
R000097,S17,2026-02-02T00:48:30Z,2026-02-02T00:49:30Z,,C,operator2@example.invalid
R000098, s18 ,2026-02-02T00:49:00Z,2026-02-02T00:50:00Z,,F,operator3@example.invalid
R000099,S19,2026-02-02T00:49:30Z,2026-02-02T00:50:30Z,, c ,operator4@example.invalid
R000100,S20,2026-02-02T00:50:00Z,2026-02-02T00:51:00Z,,F,operator0@example.invalid
R000101,S01,2026-02-02T00:50:30Z,2026-02-02T00:51:30Z,bad,C,operator1@example.invalid
R000102,S02,2026-02-02T00:51:00Z,2026-02-02T00:52:00Z,bad,F,operator2@example.invalid
R000103,S03,2026-02-02T00:51:30Z,2026-02-02T00:52:30Z,bad,C,operator3@example.invalid
R000104,S04,2026-02-02T00:52:00Z,2026-02-02T00:53:00Z,bad,F,operator4@example.invalid
R000105, s05 ,2026-02-02T00:52:30Z,2026-02-02T00:53:30Z,bad,C,operator0@example.invalid
R000106,S06,2026-02-02T00:53:00Z,2026-02-02T00:54:00Z,bad,F,operator1@example.invalid
R000107,S07,2026-02-02T00:53:30Z,2026-02-02T00:54:30Z,bad,C,operator2@example.invalid
R000108,S08,2026-02-02T00:54:00Z,2026-02-02T00:55:00Z,bad,F,operator3@example.invalid
R000109,S09,2026-02-02T00:54:30Z,2026-02-02T00:55:30Z,bad,C,operator4@example.invalid
R000110,S10,2026-02-02T00:55:00Z,2026-02-02T00:56:00Z,bad, f ,operator0@example.invalid
R000111,S11,2026-02-02T00:55:30Z,2026-02-02T00:56:30Z,bad,C,operator1@example.invalid
R000112, s12 ,2026-02-02T00:56:00Z,2026-02-02T00:57:00Z,bad,F,operator2@example.invalid
R000113,S13,2026-02-02T00:56:30Z,2026-02-02T00:57:30Z,bad,C,operator3@example.invalid
R000114,S14,2026-02-02T00:57:00Z,2026-02-02T00:58:00Z,bad,F,operator4@example.invalid
R000115,S15,2026-02-02T00:57:30Z,2026-02-02T00:58:30Z,bad,C,operator0@example.invalid
R000116,S16,2026-02-02T00:58:00Z,2026-02-02T00:59:00Z,bad,F,operator1@example.invalid
R000117,S17,2026-02-02T00:58:30Z,2026-02-02T00:59:30Z,bad,C,operator2@example.invalid
R000118,S18,2026-02-02T00:59:00Z,2026-02-02T01:00:00Z,bad,F,operator3@example.invalid
R000119, s19 ,2026-02-02T00:59:30Z,2026-02-02T01:00:30Z,bad,C,operator4@example.invalid
R000120,S20,2026-02-02T01:00:00Z,2026-02-02T01:01:00Z,bad,F,operator0@example.invalid
R000121,S01,2026-02-02T01:00:30Z,2026-02-02T01:01:30Z,bad, c ,operator1@example.invalid
R000122,S02,2026-02-02T01:01:00Z,2026-02-02T01:02:00Z,bad,F,operator2@example.invalid
R000123,S03,2026-02-02T01:01:30Z,2026-02-02T01:02:30Z,bad,C,operator3@example.invalid
R000124,S04,2026-02-02T01:02:00Z,2026-02-02T01:03:00Z,bad,F,operator4@example.invalid
R000125,S05,2026-02-02T01:02:30Z,2026-02-02T01:03:30Z,bad,C,operator0@example.invalid
R000126, s06 ,2026-02-02T01:03:00Z,2026-02-02T01:04:00Z,bad,F,operator1@example.invalid
R000127,S07,2026-02-02T01:03:30Z,2026-02-02T01:04:30Z,bad,C,operator2@example.invalid
R000128,S08,2026-02-02T01:04:00Z,2026-02-02T01:05:00Z,bad,F,operator3@example.invalid
R000129,S09,2026-02-02T01:04:30Z,2026-02-02T01:05:30Z,bad,C,operator4@example.invalid
R000130,S10,2026-02-02T01:05:00Z,2026-02-02T01:06:00Z,bad,F,operator0@example.invalid
R000131,S11,2026-02-02T01:05:30Z,2026-02-02T01:06:30Z,bad,C,operator1@example.invalid
R000132,S12,2026-02-02T01:06:00Z,2026-02-02T01:07:00Z,bad, f ,operator2@example.invalid
R000133, s13 ,2026-02-02T01:06:30Z,2026-02-02T01:07:30Z,bad,C,operator3@example.invalid
R000134,S14,2026-02-02T01:07:00Z,2026-02-02T01:08:00Z,bad,F,operator4@example.invalid
R000135,S15,2026-02-02T01:07:30Z,2026-02-02T01:08:30Z,bad,C,operator0@example.invalid
R000136,S16,2026-02-02T01:08:00Z,2026-02-02T01:09:00Z,bad,F,operator1@example.invalid
R000137,S17,2026-02-02T01:08:30Z,2026-02-02T01:09:30Z,bad,C,operator2@example.invalid
R000138,S18,2026-02-02T01:09:00Z,2026-02-02T01:10:00Z,bad,F,operator3@example.invalid
R000139,S19,2026-02-02T01:09:30Z,2026-02-02T01:10:30Z,bad,C,operator4@example.invalid
R000140, s20 ,2026-02-02T01:10:00Z,2026-02-02T01:11:00Z,bad,F,operator0@example.invalid
R000141,S01,2026-02-02T01:10:30Z,2026-02-02T01:11:30Z,bad,C,operator1@example.invalid
R000142,S02,2026-02-02T01:11:00Z,2026-02-02T01:12:00Z,bad,F,operator2@example.invalid
R000143,S03,2026-02-02T01:11:30Z,2026-02-02T01:12:30Z,bad, c ,operator3@example.invalid
R000144,S04,2026-02-02T01:12:00Z,2026-02-02T01:13:00Z,bad,F,operator4@example.invalid
R000145,S05,2026-02-02T01:12:30Z,2026-02-02T01:13:30Z,bad,C,operator0@example.invalid
R000146,S06,2026-02-02T01:13:00Z,2026-02-02T01:14:00Z,bad,F,operator1@example.invalid
R000147, s07 ,2026-02-02T01:13:30Z,2026-02-02T01:14:30Z,bad,C,operator2@example.invalid
R000148,S08,2026-02-02T01:14:00Z,2026-02-02T01:15:00Z,bad,F,operator3@example.invalid
R000149,S09,2026-02-02T01:14:30Z,2026-02-02T01:15:30Z,bad,C,operator4@example.invalid
R000150,S10,2026-02-02T01:15:00Z,2026-02-02T01:16:00Z,bad,F,operator0@example.invalid
R000151,S11,2026-02-02T01:15:30Z,2026-02-02T01:16:30Z,bad,C,operator1@example.invalid
R000152,S12,2026-02-02T01:16:00Z,2026-02-02T01:17:00Z,bad,F,operator2@example.invalid
R000153,S13,2026-02-02T01:16:30Z,2026-02-02T01:17:30Z,bad,C,operator3@example.invalid
R000154, s14 ,2026-02-02T01:17:00Z,2026-02-02T01:18:00Z,bad, f ,operator4@example.invalid
R000155,S15,2026-02-02T01:17:30Z,2026-02-02T01:18:30Z,bad,C,operator0@example.invalid
R000156,S16,2026-02-02T01:18:00Z,2026-02-02T01:19:00Z,bad,F,operator1@example.invalid
R000157,S17,2026-02-02T01:18:30Z,2026-02-02T01:19:30Z,bad,C,operator2@example.invalid
R000158,S18,2026-02-02T01:19:00Z,2026-02-02T01:20:00Z,bad,F,operator3@example.invalid
R000159,S19,2026-02-02T01:19:30Z,2026-02-02T01:20:30Z,bad,C,operator4@example.invalid
R000160,S20,2026-02-02T01:20:00Z,2026-02-02T01:21:00Z,bad,F,operator0@example.invalid
R000161, s01 ,2026-02-02T01:20:30Z,2026-02-02T01:21:30Z,24.10,K,operator1@example.invalid
R000162,S02,2026-02-02T01:21:00Z,2026-02-02T01:22:00Z,75.56,K,operator2@example.invalid
R000163,S03,2026-02-02T01:21:30Z,2026-02-02T01:22:30Z,24.30,K,operator3@example.invalid
R000164,S04,2026-02-02T01:22:00Z,2026-02-02T01:23:00Z,75.92,K,operator4@example.invalid
R000165,S05,2026-02-02T01:22:30Z,2026-02-02T01:23:30Z,24.50, k ,operator0@example.invalid
R000166,S06,2026-02-02T01:23:00Z,2026-02-02T01:24:00Z,76.28,K,operator1@example.invalid
R000167,S07,2026-02-02T01:23:30Z,2026-02-02T01:24:30Z,24.70,K,operator2@example.invalid
R000168, s08 ,2026-02-02T01:24:00Z,2026-02-02T01:25:00Z,76.64,K,operator3@example.invalid
R000169,S09,2026-02-02T01:24:30Z,2026-02-02T01:25:30Z,24.90,K,operator4@example.invalid
R000170,S10,2026-02-02T01:25:00Z,2026-02-02T01:26:00Z,77.00,K,operator0@example.invalid
R000171,S11,2026-02-02T01:25:30Z,2026-02-02T01:26:30Z,25.10,K,operator1@example.invalid
R000172,S12,2026-02-02T01:26:00Z,2026-02-02T01:27:00Z,77.36,K,operator2@example.invalid
R000173,S13,2026-02-02T01:26:30Z,2026-02-02T01:27:30Z,25.30,K,operator3@example.invalid
R000174,S14,2026-02-02T01:27:00Z,2026-02-02T01:28:00Z,77.72,K,operator4@example.invalid
R000175, s15 ,2026-02-02T01:27:30Z,2026-02-02T01:28:30Z,25.50,K,operator0@example.invalid
R000176,S16,2026-02-02T01:28:00Z,2026-02-02T01:29:00Z,78.08, k ,operator1@example.invalid
R000177,S17,2026-02-02T01:28:30Z,2026-02-02T01:29:30Z,25.70,K,operator2@example.invalid
R000178,S18,2026-02-02T01:29:00Z,2026-02-02T01:30:00Z,78.44,K,operator3@example.invalid
R000179,S19,2026-02-02T01:29:30Z,2026-02-02T01:30:30Z,25.90,K,operator4@example.invalid
R000180,S20,2026-02-02T01:30:00Z,2026-02-02T01:31:00Z,78.80,K,operator0@example.invalid
R000181,S01,2026-02-02T01:30:30Z,2026-02-02T01:31:30Z,26.10,K,operator1@example.invalid
R000182, s02 ,2026-02-02T01:31:00Z,2026-02-02T01:32:00Z,79.16,K,operator2@example.invalid
R000183,S03,2026-02-02T01:31:30Z,2026-02-02T01:32:30Z,26.30,K,operator3@example.invalid
R000184,S04,2026-02-02T01:32:00Z,2026-02-02T01:33:00Z,79.52,K,operator4@example.invalid
R000185,S05,2026-02-02T01:32:30Z,2026-02-02T01:33:30Z,26.50,K,operator0@example.invalid
R000186,S06,2026-02-02T01:33:00Z,2026-02-02T01:34:00Z,79.88,K,operator1@example.invalid
R000187,S07,2026-02-02T01:33:30Z,2026-02-02T01:34:30Z,26.70, k ,operator2@example.invalid
R000188,S08,2026-02-02T01:34:00Z,2026-02-02T01:35:00Z,80.24,K,operator3@example.invalid
R000189, s09 ,2026-02-02T01:34:30Z,2026-02-02T01:35:30Z,26.90,K,operator4@example.invalid
R000190,S10,2026-02-02T01:35:00Z,2026-02-02T01:36:00Z,80.60,K,operator0@example.invalid
R000191,S11,2026-02-02T01:35:30Z,2026-02-02T01:36:30Z,27.10,K,operator1@example.invalid
R000192,S12,2026-02-02T01:36:00Z,2026-02-02T01:37:00Z,80.96,K,operator2@example.invalid
R000193,S13,2026-02-02T01:36:30Z,2026-02-02T01:37:30Z,27.30,K,operator3@example.invalid
R000194,S14,2026-02-02T01:37:00Z,2026-02-02T01:38:00Z,81.32,K,operator4@example.invalid
R000195,S15,2026-02-02T01:37:30Z,2026-02-02T01:38:30Z,27.50,K,operator0@example.invalid
R000196, s16 ,2026-02-02T01:38:00Z,2026-02-02T01:39:00Z,81.68,K,operator1@example.invalid
R000197,S17,2026-02-02T01:38:30Z,2026-02-02T01:39:30Z,27.70,K,operator2@example.invalid
R000198,S18,2026-02-02T01:39:00Z,2026-02-02T01:40:00Z,82.04, k ,operator3@example.invalid
R000199,S19,2026-02-02T01:39:30Z,2026-02-02T01:40:30Z,27.90,K,operator4@example.invalid
R000200,S20,2026-02-02T01:40:00Z,2026-02-02T01:41:00Z,64.40,K,operator0@example.invalid
R000201,S01,2026-02-02T01:40:30Z,2026-02-02T01:41:30Z,100.00,C,operator1@example.invalid
R000202,S02,2026-02-02T01:41:00Z,2026-02-02T01:42:00Z,212.00,F,operator2@example.invalid
R000203, s03 ,2026-02-02T01:41:30Z,2026-02-02T01:42:30Z,100.00,C,operator3@example.invalid
R000204,S04,2026-02-02T01:42:00Z,2026-02-02T01:43:00Z,212.00,F,operator4@example.invalid
R000205,S05,2026-02-02T01:42:30Z,2026-02-02T01:43:30Z,100.00,C,operator0@example.invalid
R000206,S06,2026-02-02T01:43:00Z,2026-02-02T01:44:00Z,212.00,F,operator1@example.invalid
R000207,S07,2026-02-02T01:43:30Z,2026-02-02T01:44:30Z,100.00,C,operator2@example.invalid
R000208,S08,2026-02-02T01:44:00Z,2026-02-02T01:45:00Z,212.00,F,operator3@example.invalid
R000209,S09,2026-02-02T01:44:30Z,2026-02-02T01:45:30Z,100.00, c ,operator4@example.invalid
R000210, s10 ,2026-02-02T01:45:00Z,2026-02-02T01:46:00Z,212.00,F,operator0@example.invalid
R000211,S11,2026-02-02T01:45:30Z,2026-02-02T01:46:30Z,100.00,C,operator1@example.invalid
R000212,S12,2026-02-02T01:46:00Z,2026-02-02T01:47:00Z,212.00,F,operator2@example.invalid
R000213,S13,2026-02-02T01:46:30Z,2026-02-02T01:47:30Z,100.00,C,operator3@example.invalid
R000214,S14,2026-02-02T01:47:00Z,2026-02-02T01:48:00Z,212.00,F,operator4@example.invalid
R000215,S15,2026-02-02T01:47:30Z,2026-02-02T01:48:30Z,100.00,C,operator0@example.invalid
R000216,S16,2026-02-02T01:48:00Z,2026-02-02T01:49:00Z,212.00,F,operator1@example.invalid
R000217, s17 ,2026-02-02T01:48:30Z,2026-02-02T01:49:30Z,100.00,C,operator2@example.invalid
R000218,S18,2026-02-02T01:49:00Z,2026-02-02T01:50:00Z,212.00,F,operator3@example.invalid
R000219,S19,2026-02-02T01:49:30Z,2026-02-02T01:50:30Z,100.00,C,operator4@example.invalid
R000220,S20,2026-02-02T01:50:00Z,2026-02-02T01:51:00Z,212.00, f ,operator0@example.invalid
R000221,S01,2026-02-02T01:50:30Z,2026-02-02T01:51:30Z,100.00,C,operator1@example.invalid
R000222,S02,2026-02-02T01:51:00Z,2026-02-02T01:52:00Z,212.00,F,operator2@example.invalid
R000223,S03,2026-02-02T01:51:30Z,2026-02-02T01:52:30Z,100.00,C,operator3@example.invalid
R000224, s04 ,2026-02-02T01:52:00Z,2026-02-02T01:53:00Z,212.00,F,operator4@example.invalid
R000225,S05,2026-02-02T01:52:30Z,2026-02-02T01:53:30Z,100.00,C,operator0@example.invalid
R000226,S06,2026-02-02T01:53:00Z,2026-02-02T01:54:00Z,212.00,F,operator1@example.invalid
R000227,S07,2026-02-02T01:53:30Z,2026-02-02T01:54:30Z,100.00,C,operator2@example.invalid
R000228,S08,2026-02-02T01:54:00Z,2026-02-02T01:55:00Z,212.00,F,operator3@example.invalid
R000229,S09,2026-02-02T01:54:30Z,2026-02-02T01:55:30Z,100.00,C,operator4@example.invalid
R000230,S10,2026-02-02T01:55:00Z,2026-02-02T01:56:00Z,212.00,F,operator0@example.invalid
R000231, s11 ,2026-02-02T01:55:30Z,2026-02-02T01:56:30Z,100.00, c ,operator1@example.invalid
R000232,S12,2026-02-02T01:56:00Z,2026-02-02T01:57:00Z,212.00,F,operator2@example.invalid
R000233,S13,2026-02-02T01:56:30Z,2026-02-02T01:57:30Z,100.00,C,operator3@example.invalid
R000234,S14,2026-02-02T01:57:00Z,2026-02-02T01:58:00Z,212.00,F,operator4@example.invalid
R000235,S15,2026-02-02T01:57:30Z,2026-02-02T01:58:30Z,100.00,C,operator0@example.invalid
R000236,S16,2026-02-02T01:58:00Z,2026-02-02T01:59:00Z,212.00,F,operator1@example.invalid
R000237,S17,2026-02-02T01:58:30Z,2026-02-02T01:59:30Z,100.00,C,operator2@example.invalid
R000238, s18 ,2026-02-02T01:59:00Z,2026-02-02T02:00:00Z,212.00,F,operator3@example.invalid
R000239,S19,2026-02-02T01:59:30Z,2026-02-02T02:00:30Z,100.00,C,operator4@example.invalid
R000240,S20,2026-02-02T02:00:00Z,2026-02-02T02:01:00Z,212.00,F,operator0@example.invalid
R000241,S01,not-a-time,2026-02-02T02:01:30Z,22.10,C,operator1@example.invalid
R000242,S02,not-a-time,2026-02-02T02:02:00Z,71.96, f ,operator2@example.invalid
R000243,S03,not-a-time,2026-02-02T02:02:30Z,22.30,C,operator3@example.invalid
R000244,S04,not-a-time,2026-02-02T02:03:00Z,72.32,F,operator4@example.invalid
R000245, s05 ,not-a-time,2026-02-02T02:03:30Z,22.50,C,operator0@example.invalid
R000246,S06,not-a-time,2026-02-02T02:04:00Z,72.68,F,operator1@example.invalid
R000247,S07,not-a-time,2026-02-02T02:04:30Z,22.70,C,operator2@example.invalid
R000248,S08,not-a-time,2026-02-02T02:05:00Z,73.04,F,operator3@example.invalid
R000249,S09,not-a-time,2026-02-02T02:05:30Z,22.90,C,operator4@example.invalid
R000250,S10,not-a-time,2026-02-02T02:06:00Z,73.40,F,operator0@example.invalid
R000251,S11,not-a-time,2026-02-02T02:06:30Z,23.10,C,operator1@example.invalid
R000252, s12 ,not-a-time,2026-02-02T02:07:00Z,73.76,F,operator2@example.invalid
R000253,S13,not-a-time,2026-02-02T02:07:30Z,23.30, c ,operator3@example.invalid
R000254,S14,not-a-time,2026-02-02T02:08:00Z,74.12,F,operator4@example.invalid
R000255,S15,not-a-time,2026-02-02T02:08:30Z,23.50,C,operator0@example.invalid
R000256,S16,not-a-time,2026-02-02T02:09:00Z,74.48,F,operator1@example.invalid
R000257,S17,not-a-time,2026-02-02T02:09:30Z,23.70,C,operator2@example.invalid
R000258,S18,not-a-time,2026-02-02T02:10:00Z,74.84,F,operator3@example.invalid
R000259, s19 ,not-a-time,2026-02-02T02:10:30Z,23.90,C,operator4@example.invalid
R000260,S20,not-a-time,2026-02-02T02:11:00Z,75.20,F,operator0@example.invalid
R000261,S01,not-a-time,2026-02-02T02:11:30Z,24.10,C,operator1@example.invalid
R000262,S02,not-a-time,2026-02-02T02:12:00Z,75.56,F,operator2@example.invalid
R000263,S03,not-a-time,2026-02-02T02:12:30Z,24.30,C,operator3@example.invalid
R000264,S04,not-a-time,2026-02-02T02:13:00Z,75.92, f ,operator4@example.invalid
R000265,S05,not-a-time,2026-02-02T02:13:30Z,24.50,C,operator0@example.invalid
R000266, s06 ,not-a-time,2026-02-02T02:14:00Z,76.28,F,operator1@example.invalid
R000267,S07,not-a-time,2026-02-02T02:14:30Z,24.70,C,operator2@example.invalid
R000268,S08,not-a-time,2026-02-02T02:15:00Z,76.64,F,operator3@example.invalid
R000269,S09,not-a-time,2026-02-02T02:15:30Z,24.90,C,operator4@example.invalid
R000270,S10,not-a-time,2026-02-02T02:16:00Z,77.00,F,operator0@example.invalid
R000271,S11,not-a-time,2026-02-02T02:16:30Z,25.10,C,operator1@example.invalid
R000272,S12,not-a-time,2026-02-02T02:17:00Z,77.36,F,operator2@example.invalid
R000273, s13 ,not-a-time,2026-02-02T02:17:30Z,25.30,C,operator3@example.invalid
R000274,S14,not-a-time,2026-02-02T02:18:00Z,77.72,F,operator4@example.invalid
R000275,S15,not-a-time,2026-02-02T02:18:30Z,25.50, c ,operator0@example.invalid
R000276,S16,not-a-time,2026-02-02T02:19:00Z,78.08,F,operator1@example.invalid
R000277,S17,not-a-time,2026-02-02T02:19:30Z,25.70,C,operator2@example.invalid
R000278,S18,not-a-time,2026-02-02T02:20:00Z,78.44,F,operator3@example.invalid
R000279,S19,not-a-time,2026-02-02T02:20:30Z,25.90,C,operator4@example.invalid
R000280, s20 ,not-a-time,2026-02-02T02:21:00Z,78.80,F,operator0@example.invalid
R000281,S01,2026-02-10T00:00:00Z,2026-02-02T02:21:30Z,26.10,C,operator1@example.invalid
R000282,S02,2026-02-10T00:00:00Z,2026-02-02T02:22:00Z,79.16,F,operator2@example.invalid
R000283,S03,2026-02-10T00:00:00Z,2026-02-02T02:22:30Z,26.30,C,operator3@example.invalid
R000284,S04,2026-02-10T00:00:00Z,2026-02-02T02:23:00Z,79.52,F,operator4@example.invalid
R000285,S05,2026-02-10T00:00:00Z,2026-02-02T02:23:30Z,26.50,C,operator0@example.invalid
R000286,S06,2026-02-10T00:00:00Z,2026-02-02T02:24:00Z,79.88, f ,operator1@example.invalid
R000287, s07 ,2026-02-10T00:00:00Z,2026-02-02T02:24:30Z,26.70,C,operator2@example.invalid
R000288,S08,2026-02-10T00:00:00Z,2026-02-02T02:25:00Z,80.24,F,operator3@example.invalid
R000289,S09,2026-02-10T00:00:00Z,2026-02-02T02:25:30Z,26.90,C,operator4@example.invalid
R000290,S10,2026-02-10T00:00:00Z,2026-02-02T02:26:00Z,80.60,F,operator0@example.invalid
R000291,S11,2026-02-10T00:00:00Z,2026-02-02T02:26:30Z,27.10,C,operator1@example.invalid
R000292,S12,2026-02-10T00:00:00Z,2026-02-02T02:27:00Z,80.96,F,operator2@example.invalid
R000293,S13,2026-02-10T00:00:00Z,2026-02-02T02:27:30Z,27.30,C,operator3@example.invalid
R000294, s14 ,2026-02-10T00:00:00Z,2026-02-02T02:28:00Z,81.32,F,operator4@example.invalid
R000295,S15,2026-02-10T00:00:00Z,2026-02-02T02:28:30Z,27.50,C,operator0@example.invalid
R000296,S16,2026-02-10T00:00:00Z,2026-02-02T02:29:00Z,81.68,F,operator1@example.invalid
R000297,S17,2026-02-10T00:00:00Z,2026-02-02T02:29:30Z,27.70, c ,operator2@example.invalid
R000298,S18,2026-02-10T00:00:00Z,2026-02-02T02:30:00Z,82.04,F,operator3@example.invalid
R000299,S19,2026-02-10T00:00:00Z,2026-02-02T02:30:30Z,27.90,C,operator4@example.invalid
R000300,S20,2026-02-10T00:00:00Z,2026-02-02T02:31:00Z,64.40,F,operator0@example.invalid
R000301, s01 ,2026-02-10T00:00:00Z,2026-02-02T02:31:30Z,18.10,C,operator1@example.invalid
R000302,S02,2026-02-10T00:00:00Z,2026-02-02T02:32:00Z,64.76,F,operator2@example.invalid
R000303,S03,2026-02-10T00:00:00Z,2026-02-02T02:32:30Z,18.30,C,operator3@example.invalid
R000304,S04,2026-02-10T00:00:00Z,2026-02-02T02:33:00Z,65.12,F,operator4@example.invalid
R000305,S05,2026-02-10T00:00:00Z,2026-02-02T02:33:30Z,18.50,C,operator0@example.invalid
R000306,S06,2026-02-10T00:00:00Z,2026-02-02T02:34:00Z,65.48,F,operator1@example.invalid
R000307,S07,2026-02-10T00:00:00Z,2026-02-02T02:34:30Z,18.70,C,operator2@example.invalid
R000308, s08 ,2026-02-10T00:00:00Z,2026-02-02T02:35:00Z,65.84, f ,operator3@example.invalid
R000309,S09,2026-02-10T00:00:00Z,2026-02-02T02:35:30Z,18.90,C,operator4@example.invalid
R000310,S10,2026-02-10T00:00:00Z,2026-02-02T02:36:00Z,66.20,F,operator0@example.invalid
R000311,S99,2026-02-02T02:35:30Z,2026-02-02T02:36:30Z,19.10,C,operator1@example.invalid
R000312,S99,2026-02-02T02:36:00Z,2026-02-02T02:37:00Z,66.56,F,operator2@example.invalid
R000313,S99,2026-02-02T02:36:30Z,2026-02-02T02:37:30Z,19.30,C,operator3@example.invalid
R000314,S99,2026-02-02T02:37:00Z,2026-02-02T02:38:00Z,66.92,F,operator4@example.invalid
R000315, s99 ,2026-02-02T02:37:30Z,2026-02-02T02:38:30Z,19.50,C,operator0@example.invalid
R000316,S99,2026-02-02T02:38:00Z,2026-02-02T02:39:00Z,67.28,F,operator1@example.invalid
R000317,S99,2026-02-02T02:38:30Z,2026-02-02T02:39:30Z,19.70,C,operator2@example.invalid
R000318,S99,2026-02-02T02:39:00Z,2026-02-02T02:40:00Z,67.64,F,operator3@example.invalid
R000319,S99,2026-02-02T02:39:30Z,2026-02-02T02:40:30Z,19.90, c ,operator4@example.invalid
R000320,S99,2026-02-02T02:40:00Z,2026-02-02T02:41:00Z,68.00,F,operator0@example.invalid
R000321,S99,2026-02-02T02:40:30Z,2026-02-02T02:41:30Z,20.10,C,operator1@example.invalid
R000322, s99 ,2026-02-02T02:41:00Z,2026-02-02T02:42:00Z,68.36,F,operator2@example.invalid
R000323,S99,2026-02-02T02:41:30Z,2026-02-02T02:42:30Z,20.30,C,operator3@example.invalid
R000324,S99,2026-02-02T02:42:00Z,2026-02-02T02:43:00Z,68.72,F,operator4@example.invalid
R000325,S99,2026-02-02T02:42:30Z,2026-02-02T02:43:30Z,20.50,C,operator0@example.invalid
R000326,S99,2026-02-02T02:43:00Z,2026-02-02T02:44:00Z,69.08,F,operator1@example.invalid
R000327,S99,2026-02-02T02:43:30Z,2026-02-02T02:44:30Z,20.70,C,operator2@example.invalid
R000328,S99,2026-02-02T02:44:00Z,2026-02-02T02:45:00Z,69.44,F,operator3@example.invalid
R000329, s99 ,2026-02-02T02:44:30Z,2026-02-02T02:45:30Z,20.90,C,operator4@example.invalid
R000330,S99,2026-02-02T02:45:00Z,2026-02-02T02:46:00Z,69.80, f ,operator0@example.invalid
R000331,S99,2026-02-02T02:45:30Z,2026-02-02T02:46:30Z,21.10,C,operator1@example.invalid
R000332,S99,2026-02-02T02:46:00Z,2026-02-02T02:47:00Z,70.16,F,operator2@example.invalid
R000333,S99,2026-02-02T02:46:30Z,2026-02-02T02:47:30Z,21.30,C,operator3@example.invalid
R000334,S99,2026-02-02T02:47:00Z,2026-02-02T02:48:00Z,70.52,F,operator4@example.invalid
R000335,S99,2026-02-02T02:47:30Z,2026-02-02T02:48:30Z,21.50,C,operator0@example.invalid
R000336, s99 ,2026-02-02T02:48:00Z,2026-02-02T02:49:00Z,70.88,F,operator1@example.invalid
R000337,S99,2026-02-02T02:48:30Z,2026-02-02T02:49:30Z,21.70,C,operator2@example.invalid
R000338,S99,2026-02-02T02:49:00Z,2026-02-02T02:50:00Z,71.24,F,operator3@example.invalid
R000339,S99,2026-02-02T02:49:30Z,2026-02-02T02:50:30Z,21.90,C,operator4@example.invalid
R000340,S99,2026-02-02T02:50:00Z,2026-02-02T02:51:00Z,71.60,F,operator0@example.invalid
,S01,2026-02-02T02:50:30Z,2026-02-02T02:51:30Z,22.10, c ,operator1@example.invalid
,S02,2026-02-02T02:51:00Z,2026-02-02T02:52:00Z,71.96,F,operator2@example.invalid
, s03 ,2026-02-02T02:51:30Z,2026-02-02T02:52:30Z,22.30,C,operator3@example.invalid
,S04,2026-02-02T02:52:00Z,2026-02-02T02:53:00Z,72.32,F,operator4@example.invalid
,S05,2026-02-02T02:52:30Z,2026-02-02T02:53:30Z,22.50,C,operator0@example.invalid
,S06,2026-02-02T02:53:00Z,2026-02-02T02:54:00Z,72.68,F,operator1@example.invalid
,S07,2026-02-02T02:53:30Z,2026-02-02T02:54:30Z,22.70,C,operator2@example.invalid
,S08,2026-02-02T02:54:00Z,2026-02-02T02:55:00Z,73.04,F,operator3@example.invalid
,S09,2026-02-02T02:54:30Z,2026-02-02T02:55:30Z,22.90,C,operator4@example.invalid
, s10 ,2026-02-02T02:55:00Z,2026-02-02T02:56:00Z,73.40,F,operator0@example.invalid
,S11,2026-02-02T02:55:30Z,2026-02-02T02:56:30Z,23.10,C,operator1@example.invalid
,S12,2026-02-02T02:56:00Z,2026-02-02T02:57:00Z,73.76, f ,operator2@example.invalid
,S13,2026-02-02T02:56:30Z,2026-02-02T02:57:30Z,23.30,C,operator3@example.invalid
,S14,2026-02-02T02:57:00Z,2026-02-02T02:58:00Z,74.12,F,operator4@example.invalid
,S15,2026-02-02T02:57:30Z,2026-02-02T02:58:30Z,23.50,C,operator0@example.invalid
,S16,2026-02-02T02:58:00Z,2026-02-02T02:59:00Z,74.48,F,operator1@example.invalid
, s17 ,2026-02-02T02:58:30Z,2026-02-02T02:59:30Z,23.70,C,operator2@example.invalid
,S18,2026-02-02T02:59:00Z,2026-02-02T03:00:00Z,74.84,F,operator3@example.invalid
,S19,2026-02-02T02:59:30Z,2026-02-02T03:00:30Z,23.90,C,operator4@example.invalid
,S20,2026-02-02T03:00:00Z,2026-02-02T03:01:00Z,75.20,F,operator0@example.invalid
R000361,S01,2026-02-02T03:00:30Z,invalid,24.10,C,operator1@example.invalid
R000362,S02,2026-02-02T03:01:00Z,invalid,75.56,F,operator2@example.invalid
R000363,S03,2026-02-02T03:01:30Z,invalid,24.30, c ,operator3@example.invalid
R000364, s04 ,2026-02-02T03:02:00Z,invalid,75.92,F,operator4@example.invalid
R000365,S05,2026-02-02T03:02:30Z,invalid,24.50,C,operator0@example.invalid
R000366,S06,2026-02-02T03:03:00Z,invalid,76.28,F,operator1@example.invalid
R000367,S07,2026-02-02T03:03:30Z,invalid,24.70,C,operator2@example.invalid
R000368,S08,2026-02-02T03:04:00Z,invalid,76.64,F,operator3@example.invalid
R000369,S09,2026-02-02T03:04:30Z,invalid,24.90,C,operator4@example.invalid
R000370,S10,2026-02-02T03:05:00Z,invalid,77.00,F,operator0@example.invalid
R000371, s11 ,2026-02-02T03:05:30Z,invalid,25.10,C,operator1@example.invalid
R000372,S12,2026-02-02T03:06:00Z,invalid,77.36,F,operator2@example.invalid
R000373,S13,2026-02-02T03:06:30Z,invalid,25.30,C,operator3@example.invalid
R000374,S14,2026-02-02T03:07:00Z,invalid,77.72, f ,operator4@example.invalid
R000375,S15,2026-02-02T03:07:30Z,invalid,25.50,C,operator0@example.invalid
R000376,S16,2026-02-02T03:08:00Z,invalid,78.08,F,operator1@example.invalid
R000377,S17,2026-02-02T03:08:30Z,invalid,25.70,C,operator2@example.invalid
R000378, s18 ,2026-02-02T03:09:00Z,invalid,78.44,F,operator3@example.invalid
R000379,S19,2026-02-02T03:09:30Z,invalid,25.90,C,operator4@example.invalid
R000380,S20,2026-02-02T03:10:00Z,invalid,78.80,F,operator0@example.invalid
R000381,S01,2026-02-02T03:10:30Z,2026-02-02T03:40:30Z,26.10,C,operator1@example.invalid
R000382,S02,2026-02-02T03:11:00Z,2026-02-02T03:41:00Z,79.16,F,operator2@example.invalid
R000383,S03,2026-02-02T03:11:30Z,2026-02-02T03:41:30Z,26.30,C,operator3@example.invalid
R000384,S04,2026-02-02T03:12:00Z,2026-02-02T03:42:00Z,79.52,F,operator4@example.invalid
R000385, s05 ,2026-02-02T03:12:30Z,2026-02-02T03:42:30Z,26.50, c ,operator0@example.invalid
R000386,S06,2026-02-02T03:13:00Z,2026-02-02T03:43:00Z,79.88,F,operator1@example.invalid
R000387,S07,2026-02-02T03:13:30Z,2026-02-02T03:43:30Z,26.70,C,operator2@example.invalid
R000388,S08,2026-02-02T03:14:00Z,2026-02-02T03:44:00Z,80.24,F,operator3@example.invalid
R000389,S09,2026-02-02T03:14:30Z,2026-02-02T03:44:30Z,26.90,C,operator4@example.invalid
R000390,S10,2026-02-02T03:15:00Z,2026-02-02T03:45:00Z,80.60,F,operator0@example.invalid
R000391,S11,2026-02-02T03:15:30Z,2026-02-02T03:45:30Z,27.10,C,operator1@example.invalid
R000392, s12 ,2026-02-02T03:16:00Z,2026-02-02T03:46:00Z,80.96,F,operator2@example.invalid
R000393,S13,2026-02-02T03:16:30Z,2026-02-02T03:46:30Z,27.30,C,operator3@example.invalid
R000394,S14,2026-02-02T03:17:00Z,2026-02-02T03:47:00Z,81.32,F,operator4@example.invalid
R000395,S15,2026-02-02T03:17:30Z,2026-02-02T03:47:30Z,27.50,C,operator0@example.invalid
R000396,S16,2026-02-02T03:18:00Z,2026-02-02T03:48:00Z,81.68, f ,operator1@example.invalid
R000397,S17,2026-02-02T03:18:30Z,2026-02-02T03:48:30Z,27.70,C,operator2@example.invalid
R000398,S18,2026-02-02T03:19:00Z,2026-02-02T03:49:00Z,82.04,F,operator3@example.invalid
R000399, s19 ,2026-02-02T03:19:30Z,2026-02-02T03:49:30Z,27.90,C,operator4@example.invalid
R000400,S20,2026-02-02T03:20:00Z,2026-02-02T03:50:00Z,64.40,F,operator0@example.invalid
R000401,S01,2026-02-02T03:20:30Z,2026-02-02T03:50:30Z,18.10,C,operator1@example.invalid
R000402,S02,2026-02-02T03:21:00Z,2026-02-02T03:51:00Z,64.76,F,operator2@example.invalid
R000403,S03,2026-02-02T03:21:30Z,2026-02-02T03:51:30Z,18.30,C,operator3@example.invalid
R000404,S04,2026-02-02T03:22:00Z,2026-02-02T03:52:00Z,65.12,F,operator4@example.invalid
R000405,S05,2026-02-02T03:22:30Z,2026-02-02T03:52:30Z,18.50,C,operator0@example.invalid
R000406, s06 ,2026-02-02T03:23:00Z,2026-02-02T03:53:00Z,65.48,F,operator1@example.invalid
R000407,S07,2026-02-02T03:23:30Z,2026-02-02T03:53:30Z,18.70, c ,operator2@example.invalid
R000408,S08,2026-02-02T03:24:00Z,2026-02-02T03:54:00Z,65.84,F,operator3@example.invalid
R000409,S09,2026-02-02T03:24:30Z,2026-02-02T03:54:30Z,18.90,C,operator4@example.invalid
R000410,S10,2026-02-02T03:25:00Z,2026-02-02T03:55:00Z,66.20,F,operator0@example.invalid
R000411,S11,2026-02-02T03:25:30Z,2026-02-02T03:55:30Z,19.10,C,operator1@example.invalid
R000412,S12,2026-02-02T03:26:00Z,2026-02-02T03:56:00Z,66.56,F,operator2@example.invalid
R000413, s13 ,2026-02-02T03:26:30Z,2026-02-02T03:56:30Z,19.30,C,operator3@example.invalid
R000414,S14,2026-02-02T03:27:00Z,2026-02-02T03:57:00Z,66.92,F,operator4@example.invalid
R000415,S15,2026-02-02T03:27:30Z,2026-02-02T03:57:30Z,19.50,C,operator0@example.invalid
R000416,S16,2026-02-02T03:28:00Z,2026-02-02T03:58:00Z,67.28,F,operator1@example.invalid
R000417,S17,2026-02-02T03:28:30Z,2026-02-02T03:58:30Z,19.70,C,operator2@example.invalid
R000418,S18,2026-02-02T03:29:00Z,2026-02-02T03:59:00Z,67.64, f ,operator3@example.invalid
R000419,S19,2026-02-02T03:29:30Z,2026-02-02T03:59:30Z,19.90,C,operator4@example.invalid
R000420, s20 ,2026-02-02T03:30:00Z,2026-02-02T04:00:00Z,68.00,F,operator0@example.invalid
R000421,S01,2026-02-02T03:30:30Z,2026-02-02T04:00:30Z,20.10,C,operator1@example.invalid
R000422,S02,2026-02-02T03:31:00Z,2026-02-02T04:01:00Z,68.36,F,operator2@example.invalid
R000423,S03,2026-02-02T03:31:30Z,2026-02-02T04:01:30Z,20.30,C,operator3@example.invalid
R000424,S04,2026-02-02T03:32:00Z,2026-02-02T04:02:00Z,68.72,F,operator4@example.invalid
R000425,S05,2026-02-02T03:32:30Z,2026-02-02T04:02:30Z,20.50,C,operator0@example.invalid
R000426,S06,2026-02-02T03:33:00Z,2026-02-02T04:03:00Z,69.08,F,operator1@example.invalid
R000427, s07 ,2026-02-02T03:33:30Z,2026-02-02T04:03:30Z,20.70,C,operator2@example.invalid
R000428,S08,2026-02-02T03:34:00Z,2026-02-02T04:04:00Z,69.44,F,operator3@example.invalid
R000429,S09,2026-02-02T03:34:30Z,2026-02-02T04:04:30Z,20.90, c ,operator4@example.invalid
R000430,S10,2026-02-02T03:35:00Z,2026-02-02T04:05:00Z,69.80,F,operator0@example.invalid
R000431,S11,2026-02-02T03:35:30Z,2026-02-02T04:05:30Z,21.10,C,operator1@example.invalid
R000432,S12,2026-02-02T03:36:00Z,2026-02-02T04:06:00Z,70.16,F,operator2@example.invalid
R000433,S13,2026-02-02T03:36:30Z,2026-02-02T04:06:30Z,21.30,C,operator3@example.invalid
R000434, s14 ,2026-02-02T03:37:00Z,2026-02-02T04:07:00Z,70.52,F,operator4@example.invalid
R000435,S15,2026-02-02T03:37:30Z,2026-02-02T04:07:30Z,21.50,C,operator0@example.invalid
R000436,S16,2026-02-02T03:38:00Z,2026-02-02T04:08:00Z,70.88,F,operator1@example.invalid
R000437,S17,2026-02-02T03:38:30Z,2026-02-02T04:08:30Z,21.70,C,operator2@example.invalid
R000438,S18,2026-02-02T03:39:00Z,2026-02-02T04:09:00Z,71.24,F,operator3@example.invalid
R000439,S19,2026-02-02T03:39:30Z,2026-02-02T04:09:30Z,21.90,C,operator4@example.invalid
R000440,S20,2026-02-02T03:40:00Z,2026-02-02T04:10:00Z,71.60, f ,operator0@example.invalid
R000441, s01 ,2026-02-02T03:40:30Z,2026-02-02T04:10:30Z,22.10,C,operator1@example.invalid
R000442,S02,2026-02-02T03:41:00Z,2026-02-02T04:11:00Z,71.96,F,operator2@example.invalid
R000443,S03,2026-02-02T03:41:30Z,2026-02-02T04:11:30Z,22.30,C,operator3@example.invalid
R000444,S04,2026-02-02T03:42:00Z,2026-02-02T04:12:00Z,72.32,F,operator4@example.invalid
R000445,S05,2026-02-02T03:42:30Z,2026-02-02T04:12:30Z,22.50,C,operator0@example.invalid
R000446,S06,2026-02-02T03:43:00Z,2026-02-02T04:13:00Z,72.68,F,operator1@example.invalid
R000447,S07,2026-02-02T03:43:30Z,2026-02-02T04:13:30Z,22.70,C,operator2@example.invalid
R000448, s08 ,2026-02-02T03:44:00Z,2026-02-02T04:14:00Z,73.04,F,operator3@example.invalid
R000449,S09,2026-02-02T03:44:30Z,2026-02-02T04:14:30Z,22.90,C,operator4@example.invalid
R000450,S10,2026-02-02T03:45:00Z,2026-02-02T04:15:00Z,73.40,F,operator0@example.invalid
R000451,S11,2026-02-02T03:45:30Z,2026-02-02T04:15:30Z,23.10, c ,operator1@example.invalid
R000452,S12,2026-02-02T03:46:00Z,2026-02-02T04:16:00Z,73.76,F,operator2@example.invalid
R000453,S13,2026-02-02T03:46:30Z,2026-02-02T04:16:30Z,23.30,C,operator3@example.invalid
R000454,S14,2026-02-02T03:47:00Z,2026-02-02T04:17:00Z,74.12,F,operator4@example.invalid
R000455, s15 ,2026-02-02T03:47:30Z,2026-02-02T04:17:30Z,23.50,C,operator0@example.invalid
R000456,S16,2026-02-02T03:48:00Z,2026-02-02T04:18:00Z,74.48,F,operator1@example.invalid
R000457,S17,2026-02-02T03:48:30Z,2026-02-02T04:18:30Z,23.70,C,operator2@example.invalid
R000458,S18,2026-02-02T03:49:00Z,2026-02-02T04:19:00Z,74.84,F,operator3@example.invalid
R000459,S19,2026-02-02T03:49:30Z,2026-02-02T04:19:30Z,23.90,C,operator4@example.invalid
R000460,S20,2026-02-02T03:50:00Z,2026-02-02T04:20:00Z,75.20,F,operator0@example.invalid
R000461,S01,2026-02-02T03:50:30Z,2026-02-02T04:20:30Z,24.10,C,operator1@example.invalid
R000462, s02 ,2026-02-02T03:51:00Z,2026-02-02T04:21:00Z,75.56, f ,operator2@example.invalid
R000463,S03,2026-02-02T03:51:30Z,2026-02-02T04:21:30Z,24.30,C,operator3@example.invalid
R000464,S04,2026-02-02T03:52:00Z,2026-02-02T04:22:00Z,75.92,F,operator4@example.invalid
R000465,S05,2026-02-02T03:52:30Z,2026-02-02T04:22:30Z,24.50,C,operator0@example.invalid
R000466,S06,2026-02-02T03:53:00Z,2026-02-02T04:23:00Z,76.28,F,operator1@example.invalid
R000467,S07,2026-02-02T03:53:30Z,2026-02-02T04:23:30Z,24.70,C,operator2@example.invalid
R000468,S08,2026-02-02T03:54:00Z,2026-02-02T04:24:00Z,76.64,F,operator3@example.invalid
R000469, s09 ,2026-02-02T03:54:30Z,2026-02-02T04:24:30Z,24.90,C,operator4@example.invalid
R000470,S10,2026-02-02T03:55:00Z,2026-02-02T04:25:00Z,77.00,F,operator0@example.invalid
R000471,S11,2026-02-02T03:55:30Z,2026-02-02T04:25:30Z,25.10,C,operator1@example.invalid
R000472,S12,2026-02-02T03:56:00Z,2026-02-02T04:26:00Z,77.36,F,operator2@example.invalid
R000473,S13,2026-02-02T03:56:30Z,2026-02-02T04:26:30Z,25.30, c ,operator3@example.invalid
R000474,S14,2026-02-02T03:57:00Z,2026-02-02T04:27:00Z,77.72,F,operator4@example.invalid
R000475,S15,2026-02-02T03:57:30Z,2026-02-02T04:27:30Z,25.50,C,operator0@example.invalid
R000476, s16 ,2026-02-02T03:58:00Z,2026-02-02T04:28:00Z,78.08,F,operator1@example.invalid
R000477,S17,2026-02-02T03:58:30Z,2026-02-02T04:28:30Z,25.70,C,operator2@example.invalid
R000478,S18,2026-02-02T03:59:00Z,2026-02-02T04:29:00Z,78.44,F,operator3@example.invalid
R000479,S19,2026-02-02T03:59:30Z,2026-02-02T04:29:30Z,25.90,C,operator4@example.invalid
R000480,S20,2026-02-02T04:00:00Z,2026-02-02T04:30:00Z,78.80,F,operator0@example.invalid
R000481,S01,2026-02-02T04:00:30Z,2026-02-02T04:30:30Z,26.10,C,operator1@example.invalid
R000482,S02,2026-02-02T04:01:00Z,2026-02-02T04:31:00Z,79.16,F,operator2@example.invalid
R000483, s03 ,2026-02-02T04:01:30Z,2026-02-02T04:31:30Z,26.30,C,operator3@example.invalid
R000484,S04,2026-02-02T04:02:00Z,2026-02-02T04:32:00Z,79.52, f ,operator4@example.invalid
R000485,S05,2026-02-02T04:02:30Z,2026-02-02T04:32:30Z,26.50,C,operator0@example.invalid
R000486,S06,2026-02-02T04:03:00Z,2026-02-02T04:33:00Z,79.88,F,operator1@example.invalid
R000487,S07,2026-02-02T04:03:30Z,2026-02-02T04:33:30Z,26.70,C,operator2@example.invalid
R000488,S08,2026-02-02T04:04:00Z,2026-02-02T04:34:00Z,80.24,F,operator3@example.invalid
R000489,S09,2026-02-02T04:04:30Z,2026-02-02T04:34:30Z,26.90,C,operator4@example.invalid
R000490, s10 ,2026-02-02T04:05:00Z,2026-02-02T04:35:00Z,80.60,F,operator0@example.invalid
R000491,S11,2026-02-02T04:05:30Z,2026-02-02T04:35:30Z,27.10,C,operator1@example.invalid
R000492,S12,2026-02-02T04:06:00Z,2026-02-02T04:36:00Z,80.96,F,operator2@example.invalid
R000493,S13,2026-02-02T04:06:30Z,2026-02-02T04:36:30Z,27.30,C,operator3@example.invalid
R000494,S14,2026-02-02T04:07:00Z,2026-02-02T04:37:00Z,81.32,F,operator4@example.invalid
R000495,S15,2026-02-02T04:07:30Z,2026-02-02T04:37:30Z,27.50, c ,operator0@example.invalid
R000496,S16,2026-02-02T04:08:00Z,2026-02-02T04:38:00Z,81.68,F,operator1@example.invalid
R000497, s17 ,2026-02-02T04:08:30Z,2026-02-02T04:38:30Z,27.70,C,operator2@example.invalid
R000498,S18,2026-02-02T04:09:00Z,2026-02-02T04:39:00Z,82.04,F,operator3@example.invalid
R000499,S19,2026-02-02T04:09:30Z,2026-02-02T04:39:30Z,27.90,C,operator4@example.invalid
R000500,S20,2026-02-02T04:10:00Z,2026-02-02T04:40:00Z,64.40,F,operator0@example.invalid
R000501,S01,2026-02-02T04:10:30Z,2026-02-02T04:40:30Z,18.10,C,
R000502,S02,2026-02-02T04:11:00Z,2026-02-02T04:41:00Z,64.76,F,
R000503,S03,2026-02-02T04:11:30Z,2026-02-02T04:41:30Z,18.30,C,
R000504, s04 ,2026-02-02T04:12:00Z,2026-02-02T04:42:00Z,65.12,F,
R000505,S05,2026-02-02T04:12:30Z,2026-02-02T04:42:30Z,18.50,C,
R000506,S06,2026-02-02T04:13:00Z,2026-02-02T04:43:00Z,65.48, f ,
R000507,S07,2026-02-02T04:13:30Z,2026-02-02T04:43:30Z,18.70,C,
R000508,S08,2026-02-02T04:14:00Z,2026-02-02T04:44:00Z,65.84,F,
R000509,S09,2026-02-02T04:14:30Z,2026-02-02T04:44:30Z,18.90,C,
R000510,S10,2026-02-02T04:15:00Z,2026-02-02T04:45:00Z,66.20,F,
R000511, s11 ,2026-02-02T04:15:30Z,2026-02-02T04:45:30Z,19.10,C,
R000512,S12,2026-02-02T04:16:00Z,2026-02-02T04:46:00Z,66.56,F,
R000513,S13,2026-02-02T04:16:30Z,2026-02-02T04:46:30Z,19.30,C,
R000514,S14,2026-02-02T04:17:00Z,2026-02-02T04:47:00Z,66.92,F,
R000515,S15,2026-02-02T04:17:30Z,2026-02-02T04:47:30Z,19.50,C,
R000516,S16,2026-02-02T04:18:00Z,2026-02-02T04:48:00Z,67.28,F,
R000517,S17,2026-02-02T04:18:30Z,2026-02-02T04:48:30Z,19.70, c ,
R000518, s18 ,2026-02-02T04:19:00Z,2026-02-02T04:49:00Z,67.64,F,
R000519,S19,2026-02-02T04:19:30Z,2026-02-02T04:49:30Z,19.90,C,
R000520,S20,2026-02-02T04:20:00Z,2026-02-02T04:50:00Z,68.00,F,
R000521,S01,2026-02-02T04:20:30Z,2026-02-02T04:50:30Z,20.10,C,
R000522,S02,2026-02-02T04:21:00Z,2026-02-02T04:51:00Z,68.36,F,
R000523,S03,2026-02-02T04:21:30Z,2026-02-02T04:51:30Z,20.30,C,
R000524,S04,2026-02-02T04:22:00Z,2026-02-02T04:52:00Z,68.72,F,
R000525, s05 ,2026-02-02T04:22:30Z,2026-02-02T04:52:30Z,20.50,C,
R000526,S06,2026-02-02T04:23:00Z,2026-02-02T04:53:00Z,69.08,F,
R000527,S07,2026-02-02T04:23:30Z,2026-02-02T04:53:30Z,20.70,C,
R000528,S08,2026-02-02T04:24:00Z,2026-02-02T04:54:00Z,69.44, f ,
R000529,S09,2026-02-02T04:24:30Z,2026-02-02T04:54:30Z,20.90,C,
R000530,S10,2026-02-02T04:25:00Z,2026-02-02T04:55:00Z,69.80,F,
R000531,S11,2026-02-02T04:25:30Z,2026-02-02T04:55:30Z,21.10,C,
R000532, s12 ,2026-02-02T04:26:00Z,2026-02-02T04:56:00Z,70.16,F,
R000533,S13,2026-02-02T04:26:30Z,2026-02-02T04:56:30Z,21.30,C,
R000534,S14,2026-02-02T04:27:00Z,2026-02-02T04:57:00Z,70.52,F,
R000535,S15,2026-02-02T04:27:30Z,2026-02-02T04:57:30Z,21.50,C,
R000536,S16,2026-02-02T04:28:00Z,2026-02-02T04:58:00Z,70.88,F,
R000537,S17,2026-02-02T04:28:30Z,2026-02-02T04:58:30Z,21.70,C,
R000538,S18,2026-02-02T04:29:00Z,2026-02-02T04:59:00Z,71.24,F,
R000539, s19 ,2026-02-02T04:29:30Z,2026-02-02T04:59:30Z,21.90, c ,
R000540,S20,2026-02-02T04:30:00Z,2026-02-02T05:00:00Z,71.60,F,
R000541,S01,2026-02-02T04:30:30Z,2026-02-02T05:00:30Z,22.10,C,
R000542,S02,2026-02-02T04:31:00Z,2026-02-02T05:01:00Z,71.96,F,
R000543,S03,2026-02-02T04:31:30Z,2026-02-02T05:01:30Z,22.30,C,
R000544,S04,2026-02-02T04:32:00Z,2026-02-02T05:02:00Z,72.32,F,
R000545,S05,2026-02-02T04:32:30Z,2026-02-02T05:02:30Z,22.50,C,
R000546, s06 ,2026-02-02T04:33:00Z,2026-02-02T05:03:00Z,72.68,F,
R000547,S07,2026-02-02T04:33:30Z,2026-02-02T05:03:30Z,22.70,C,
R000548,S08,2026-02-02T04:34:00Z,2026-02-02T05:04:00Z,73.04,F,
R000549,S09,2026-02-02T04:34:30Z,2026-02-02T05:04:30Z,22.90,C,
R000550,S10,2026-02-02T04:35:00Z,2026-02-02T05:05:00Z,73.40, f ,
R000551,S11,2026-02-02T04:35:30Z,2026-02-02T05:05:30Z,23.10,C,
R000552,S12,2026-02-02T04:36:00Z,2026-02-02T05:06:00Z,73.76,F,
R000553, s13 ,2026-02-02T04:36:30Z,2026-02-02T05:06:30Z,23.30,C,
R000554,S14,2026-02-02T04:37:00Z,2026-02-02T05:07:00Z,74.12,F,
R000555,S15,2026-02-02T04:37:30Z,2026-02-02T05:07:30Z,23.50,C,
R000556,S16,2026-02-02T04:38:00Z,2026-02-02T05:08:00Z,74.48,F,
R000557,S17,2026-02-02T04:38:30Z,2026-02-02T05:08:30Z,23.70,C,
R000558,S18,2026-02-02T04:39:00Z,2026-02-02T05:09:00Z,74.84,F,
R000559,S19,2026-02-02T04:39:30Z,2026-02-02T05:09:30Z,23.90,C,
R000560, s20 ,2026-02-02T04:40:00Z,2026-02-02T05:10:00Z,75.20,F,
R000561,S01,2026-02-02T04:40:30Z,2026-02-02T05:10:30Z,24.10, c ,
R000562,S02,2026-02-02T04:41:00Z,2026-02-02T05:11:00Z,75.56,F,
R000563,S03,2026-02-02T04:41:30Z,2026-02-02T05:11:30Z,24.30,C,
R000564,S04,2026-02-02T04:42:00Z,2026-02-02T05:12:00Z,75.92,F,
R000565,S05,2026-02-02T04:42:30Z,2026-02-02T05:12:30Z,24.50,C,
R000566,S06,2026-02-02T04:43:00Z,2026-02-02T05:13:00Z,76.28,F,
R000567, s07 ,2026-02-02T04:43:30Z,2026-02-02T05:13:30Z,24.70,C,
R000568,S08,2026-02-02T04:44:00Z,2026-02-02T05:14:00Z,76.64,F,
R000569,S09,2026-02-02T04:44:30Z,2026-02-02T05:14:30Z,24.90,C,
R000570,S10,2026-02-02T04:45:00Z,2026-02-02T05:15:00Z,77.00,F,
R000571,S11,2026-02-02T04:45:30Z,2026-02-02T05:15:30Z,25.10,C,
R000572,S12,2026-02-02T04:46:00Z,2026-02-02T05:16:00Z,77.36, f ,
R000573,S13,2026-02-02T04:46:30Z,2026-02-02T05:16:30Z,25.30,C,
R000574, s14 ,2026-02-02T04:47:00Z,2026-02-02T05:17:00Z,77.72,F,
R000575,S15,2026-02-02T04:47:30Z,2026-02-02T05:17:30Z,25.50,C,
R000576,S16,2026-02-02T04:48:00Z,2026-02-02T05:18:00Z,78.08,F,
R000577,S17,2026-02-02T04:48:30Z,2026-02-02T05:18:30Z,25.70,C,
R000578,S18,2026-02-02T04:49:00Z,2026-02-02T05:19:00Z,78.44,F,
R000579,S19,2026-02-02T04:49:30Z,2026-02-02T05:19:30Z,25.90,C,
R000580,S20,2026-02-02T04:50:00Z,2026-02-02T05:20:00Z,78.80,F,
R000581, s01 ,2026-02-02T04:50:30Z,2026-02-02T04:51:30Z,26.10,C,
R000582,S02,2026-02-02T04:51:00Z,2026-02-02T04:52:00Z,79.16,F,
R000583,S03,2026-02-02T04:51:30Z,2026-02-02T04:52:30Z,26.30, c ,
R000584,S04,2026-02-02T04:52:00Z,2026-02-02T04:53:00Z,79.52,F,
R000585,S05,2026-02-02T04:52:30Z,2026-02-02T04:53:30Z,26.50,C,
R000586,S06,2026-02-02T04:53:00Z,2026-02-02T04:54:00Z,79.88,F,
R000587,S07,2026-02-02T04:53:30Z,2026-02-02T04:54:30Z,26.70,C,
R000588, s08 ,2026-02-02T04:54:00Z,2026-02-02T04:55:00Z,80.24,F,
R000589,S09,2026-02-02T04:54:30Z,2026-02-02T04:55:30Z,26.90,C,
R000590,S10,2026-02-02T04:55:00Z,2026-02-02T04:56:00Z,80.60,F,
R000591,S11,2026-02-02T04:55:30Z,2026-02-02T04:56:30Z,27.10,C,
R000592,S12,2026-02-02T04:56:00Z,2026-02-02T04:57:00Z,80.96,F,
R000593,S13,2026-02-02T04:56:30Z,2026-02-02T04:57:30Z,27.30,C,
R000594,S14,2026-02-02T04:57:00Z,2026-02-02T04:58:00Z,81.32, f ,
R000595, s15 ,2026-02-02T04:57:30Z,2026-02-02T04:58:30Z,27.50,C,
R000596,S16,2026-02-02T04:58:00Z,2026-02-02T04:59:00Z,81.68,F,
R000597,S17,2026-02-02T04:58:30Z,2026-02-02T04:59:30Z,27.70,C,
R000598,S18,2026-02-02T04:59:00Z,2026-02-02T05:00:00Z,82.04,F,
R000599,S19,2026-02-02T04:59:30Z,2026-02-02T05:00:30Z,27.90,C,
R000600,S20,2026-02-02T05:00:00Z,2026-02-02T05:01:00Z,64.40,F,
R000601,S01,2026-02-02T05:00:30Z,2026-02-02T05:01:30Z,18.10,C,
R000602, s02 ,2026-02-02T05:01:00Z,2026-02-02T05:02:00Z,64.76,F,
R000603,S03,2026-02-02T05:01:30Z,2026-02-02T05:02:30Z,18.30,C,
R000604,S04,2026-02-02T05:02:00Z,2026-02-02T05:03:00Z,65.12,F,
R000605,S05,2026-02-02T05:02:30Z,2026-02-02T05:03:30Z,18.50, c ,
R000606,S06,2026-02-02T05:03:00Z,2026-02-02T05:04:00Z,65.48,F,
R000607,S07,2026-02-02T05:03:30Z,2026-02-02T05:04:30Z,18.70,C,
R000608,S08,2026-02-02T05:04:00Z,2026-02-02T05:05:00Z,65.84,F,
R000609, s09 ,2026-02-02T05:04:30Z,2026-02-02T05:05:30Z,18.90,C,
R000610,S10,2026-02-02T05:05:00Z,2026-02-02T05:06:00Z,66.20,F,
R000611,S11,2026-02-02T05:05:30Z,2026-02-02T05:06:30Z,19.10,C,
R000612,S12,2026-02-02T05:06:00Z,2026-02-02T05:07:00Z,66.56,F,
R000613,S13,2026-02-02T05:06:30Z,2026-02-02T05:07:30Z,19.30,C,
R000614,S14,2026-02-02T05:07:00Z,2026-02-02T05:08:00Z,66.92,F,
R000615,S15,2026-02-02T05:07:30Z,2026-02-02T05:08:30Z,19.50,C,
R000616, s16 ,2026-02-02T05:08:00Z,2026-02-02T05:09:00Z,67.28, f ,
R000617,S17,2026-02-02T05:08:30Z,2026-02-02T05:09:30Z,19.70,C,
R000618,S18,2026-02-02T05:09:00Z,2026-02-02T05:10:00Z,67.64,F,
R000619,S19,2026-02-02T05:09:30Z,2026-02-02T05:10:30Z,19.90,C,
R000620,S20,2026-02-02T05:10:00Z,2026-02-02T05:11:00Z,68.00,F,
R000621,S01,2026-02-02T05:10:30Z,2026-02-02T05:11:30Z,20.10,C,
R000622,S02,2026-02-02T05:11:00Z,2026-02-02T05:12:00Z,68.36,F,
R000623, s03 ,2026-02-02T05:11:30Z,2026-02-02T05:12:30Z,20.30,C,
R000624,S04,2026-02-02T05:12:00Z,2026-02-02T05:13:00Z,68.72,F,
R000625,S05,2026-02-02T05:12:30Z,2026-02-02T05:13:30Z,20.50,C,
R000626,S06,2026-02-02T05:13:00Z,2026-02-02T05:14:00Z,69.08,F,
R000627,S07,2026-02-02T05:13:30Z,2026-02-02T05:14:30Z,20.70, c ,
R000628,S08,2026-02-02T05:14:00Z,2026-02-02T05:15:00Z,69.44,F,
R000629,S09,2026-02-02T05:14:30Z,2026-02-02T05:15:30Z,20.90,C,
R000630, s10 ,2026-02-02T05:15:00Z,2026-02-02T05:16:00Z,69.80,F,
R000631,S11,2026-02-02T05:15:30Z,2026-02-02T05:16:30Z,21.10,C,
R000632,S12,2026-02-02T05:16:00Z,2026-02-02T05:17:00Z,70.16,F,
R000633,S13,2026-02-02T05:16:30Z,2026-02-02T05:17:30Z,21.30,C,
R000634,S14,2026-02-02T05:17:00Z,2026-02-02T05:18:00Z,70.52,F,
R000635,S15,2026-02-02T05:17:30Z,2026-02-02T05:18:30Z,21.50,C,
R000636,S16,2026-02-02T05:18:00Z,2026-02-02T05:19:00Z,70.88,F,
R000637, s17 ,2026-02-02T05:18:30Z,2026-02-02T05:19:30Z,21.70,C,
R000638,S18,2026-02-02T05:19:00Z,2026-02-02T05:20:00Z,71.24, f ,
R000639,S19,2026-02-02T05:19:30Z,2026-02-02T05:20:30Z,21.90,C,
R000640,S20,2026-02-02T05:20:00Z,2026-02-02T05:21:00Z,71.60,F,
R000641,S01,2026-02-02T05:20:30Z,2026-02-02T05:21:30Z,22.10,C,
R000642,S02,2026-02-02T05:21:00Z,2026-02-02T05:22:00Z,71.96,F,
R000643,S03,2026-02-02T05:21:30Z,2026-02-02T05:22:30Z,22.30,C,
R000644, s04 ,2026-02-02T05:22:00Z,2026-02-02T05:23:00Z,72.32,F,
R000645,S05,2026-02-02T05:22:30Z,2026-02-02T05:23:30Z,22.50,C,
R000646,S06,2026-02-02T05:23:00Z,2026-02-02T05:24:00Z,72.68,F,
R000647,S07,2026-02-02T05:23:30Z,2026-02-02T05:24:30Z,22.70,C,
R000648,S08,2026-02-02T05:24:00Z,2026-02-02T05:25:00Z,73.04,F,
R000649,S09,2026-02-02T05:24:30Z,2026-02-02T05:25:30Z,22.90, c ,
R000650,S10,2026-02-02T05:25:00Z,2026-02-02T05:26:00Z,73.40,F,
R000651, s11 ,2026-02-02T05:25:30Z,2026-02-02T05:26:30Z,23.10,C,
R000652,S12,2026-02-02T05:26:00Z,2026-02-02T05:27:00Z,73.76,F,
R000653,S13,2026-02-02T05:26:30Z,2026-02-02T05:27:30Z,23.30,C,
R000654,S14,2026-02-02T05:27:00Z,2026-02-02T05:28:00Z,74.12,F,
R000655,S15,2026-02-02T05:27:30Z,2026-02-02T05:28:30Z,23.50,C,
R000656,S16,2026-02-02T05:28:00Z,2026-02-02T05:29:00Z,74.48,F,
R000657,S17,2026-02-02T05:28:30Z,2026-02-02T05:29:30Z,23.70,C,
R000658, s18 ,2026-02-02T05:29:00Z,2026-02-02T05:30:00Z,74.84,F,
R000659,S19,2026-02-02T05:29:30Z,2026-02-02T05:30:30Z,23.90,C,
R000660,S20,2026-02-02T05:30:00Z,2026-02-02T05:31:00Z,75.20, f ,
R000661,S01,2026-02-02T05:30:30Z,2026-02-02T05:31:30Z,24.10,C,
R000662,S02,2026-02-02T05:31:00Z,2026-02-02T05:32:00Z,75.56,F,
R000663,S03,2026-02-02T05:31:30Z,2026-02-02T05:32:30Z,24.30,C,
R000664,S04,2026-02-02T05:32:00Z,2026-02-02T05:33:00Z,75.92,F,
R000665, s05 ,2026-02-02T05:32:30Z,2026-02-02T05:33:30Z,24.50,C,
R000666,S06,2026-02-02T05:33:00Z,2026-02-02T05:34:00Z,76.28,F,
R000667,S07,2026-02-02T05:33:30Z,2026-02-02T05:34:30Z,24.70,C,
R000668,S08,2026-02-02T05:34:00Z,2026-02-02T05:35:00Z,76.64,F,
R000669,S09,2026-02-02T05:34:30Z,2026-02-02T05:35:30Z,24.90,C,
R000670,S10,2026-02-02T05:35:00Z,2026-02-02T05:36:00Z,77.00,F,
R000671,S11,2026-02-02T05:35:30Z,2026-02-02T05:36:30Z,25.10, c ,
R000672, s12 ,2026-02-02T05:36:00Z,2026-02-02T05:37:00Z,77.36,F,
R000673,S13,2026-02-02T05:36:30Z,2026-02-02T05:37:30Z,25.30,C,
R000674,S14,2026-02-02T05:37:00Z,2026-02-02T05:38:00Z,77.72,F,
R000675,S15,2026-02-02T05:37:30Z,2026-02-02T05:38:30Z,25.50,C,
R000676,S16,2026-02-02T05:38:00Z,2026-02-02T05:39:00Z,78.08,F,
R000677,S17,2026-02-02T05:38:30Z,2026-02-02T05:39:30Z,25.70,C,
R000678,S18,2026-02-02T05:39:00Z,2026-02-02T05:40:00Z,78.44,F,
R000679, s19 ,2026-02-02T05:39:30Z,2026-02-02T05:40:30Z,25.90,C,
R000680,S20,2026-02-02T05:40:00Z,2026-02-02T05:41:00Z,78.80,F,
R000681,S01,2026-02-02T05:40:30Z,2026-02-02T05:41:30Z,26.10,C,
R000682,S02,2026-02-02T05:41:00Z,2026-02-02T05:42:00Z,79.16, f ,
R000683,S03,2026-02-02T05:41:30Z,2026-02-02T05:42:30Z,26.30,C,
R000684,S04,2026-02-02T05:42:00Z,2026-02-02T05:43:00Z,79.52,F,
R000685,S05,2026-02-02T05:42:30Z,2026-02-02T05:43:30Z,26.50,C,
R000686, s06 ,2026-02-02T05:43:00Z,2026-02-02T05:44:00Z,79.88,F,
R000687,S07,2026-02-02T05:43:30Z,2026-02-02T05:44:30Z,26.70,C,
R000688,S08,2026-02-02T05:44:00Z,2026-02-02T05:45:00Z,80.24,F,
R000689,S09,2026-02-02T05:44:30Z,2026-02-02T05:45:30Z,26.90,C,
R000690,S10,2026-02-02T05:45:00Z,2026-02-02T05:46:00Z,80.60,F,
R000691,S11,2026-02-02T05:45:30Z,2026-02-02T05:46:30Z,27.10,C,
R000692,S12,2026-02-02T05:46:00Z,2026-02-02T05:47:00Z,80.96,F,
R000693, s13 ,2026-02-02T05:46:30Z,2026-02-02T05:47:30Z,27.30, c ,
R000694,S14,2026-02-02T05:47:00Z,2026-02-02T05:48:00Z,81.32,F,
R000695,S15,2026-02-02T05:47:30Z,2026-02-02T05:48:30Z,27.50,C,
R000696,S16,2026-02-02T05:48:00Z,2026-02-02T05:49:00Z,81.68,F,
R000697,S17,2026-02-02T05:48:30Z,2026-02-02T05:49:30Z,27.70,C,
R000698,S18,2026-02-02T05:49:00Z,2026-02-02T05:50:00Z,82.04,F,
R000699,S19,2026-02-02T05:49:30Z,2026-02-02T05:50:30Z,27.90,C,
R000700, s20 ,2026-02-02T05:50:00Z,2026-02-02T05:51:00Z,64.40,F,
R000701,S01,2026-02-02T05:50:30Z,2026-02-02T05:51:30Z,18.10,C,
R000702,S02,2026-02-02T05:51:00Z,2026-02-02T05:52:00Z,64.76,F,
R000703,S03,2026-02-02T05:51:30Z,2026-02-02T05:52:30Z,18.30,C,
R000704,S04,2026-02-02T05:52:00Z,2026-02-02T05:53:00Z,65.12, f ,
R000705,S05,2026-02-02T05:52:30Z,2026-02-02T05:53:30Z,18.50,C,
R000706,S06,2026-02-02T05:53:00Z,2026-02-02T05:54:00Z,65.48,F,
R000707, s07 ,2026-02-02T05:53:30Z,2026-02-02T05:54:30Z,18.70,C,
R000708,S08,2026-02-02T05:54:00Z,2026-02-02T05:55:00Z,65.84,F,
R000709,S09,2026-02-02T05:54:30Z,2026-02-02T05:55:30Z,18.90,C,
R000710,S10,2026-02-02T05:55:00Z,2026-02-02T05:56:00Z,66.20,F,
R000711,S11,2026-02-02T05:55:30Z,2026-02-02T05:56:30Z,19.10,C,
R000712,S12,2026-02-02T05:56:00Z,2026-02-02T05:57:00Z,66.56,F,
R000713,S13,2026-02-02T05:56:30Z,2026-02-02T05:57:30Z,19.30,C,
R000714, s14 ,2026-02-02T05:57:00Z,2026-02-02T05:58:00Z,66.92,F,
R000715,S15,2026-02-02T05:57:30Z,2026-02-02T05:58:30Z,19.50, c ,
R000716,S16,2026-02-02T05:58:00Z,2026-02-02T05:59:00Z,67.28,F,
R000717,S17,2026-02-02T05:58:30Z,2026-02-02T05:59:30Z,19.70,C,
R000718,S18,2026-02-02T05:59:00Z,2026-02-02T06:00:00Z,67.64,F,
R000719,S19,2026-02-02T05:59:30Z,2026-02-02T06:00:30Z,19.90,C,
R000720,S20,2026-02-02T06:00:00Z,2026-02-02T06:01:00Z,68.00,F,
R000721, s01 ,2026-02-02T06:00:30Z,2026-02-02T06:01:30Z,20.10,C,
R000722,S02,2026-02-02T06:01:00Z,2026-02-02T06:02:00Z,68.36,F,
R000723,S03,2026-02-02T06:01:30Z,2026-02-02T06:02:30Z,20.30,C,
R000724,S04,2026-02-02T06:02:00Z,2026-02-02T06:03:00Z,68.72,F,
R000725,S05,2026-02-02T06:02:30Z,2026-02-02T06:03:30Z,20.50,C,
R000726,S06,2026-02-02T06:03:00Z,2026-02-02T06:04:00Z,69.08, f ,
R000727,S07,2026-02-02T06:03:30Z,2026-02-02T06:04:30Z,20.70,C,
R000728, s08 ,2026-02-02T06:04:00Z,2026-02-02T06:05:00Z,69.44,F,
R000729,S09,2026-02-02T06:04:30Z,2026-02-02T06:05:30Z,20.90,C,
R000730,S10,2026-02-02T06:05:00Z,2026-02-02T06:06:00Z,69.80,F,
R000731,S11,2026-02-02T06:05:30Z,2026-02-02T06:06:30Z,21.10,C,
R000732,S12,2026-02-02T06:06:00Z,2026-02-02T06:07:00Z,70.16,F,
R000733,S13,2026-02-02T06:06:30Z,2026-02-02T06:07:30Z,21.30,C,
R000734,S14,2026-02-02T06:07:00Z,2026-02-02T06:08:00Z,70.52,F,
R000735, s15 ,2026-02-02T06:07:30Z,2026-02-02T06:08:30Z,21.50,C,
R000736,S16,2026-02-02T06:08:00Z,2026-02-02T06:09:00Z,70.88,F,
R000737,S17,2026-02-02T06:08:30Z,2026-02-02T06:09:30Z,21.70, c ,
R000738,S18,2026-02-02T06:09:00Z,2026-02-02T06:10:00Z,71.24,F,
R000739,S19,2026-02-02T06:09:30Z,2026-02-02T06:10:30Z,21.90,C,
R000740,S20,2026-02-02T06:10:00Z,2026-02-02T06:11:00Z,71.60,F,
R000741,S01,2026-02-02T06:10:30Z,2026-02-02T06:11:30Z,22.10,C,
R000742, s02 ,2026-02-02T06:11:00Z,2026-02-02T06:12:00Z,71.96,F,
R000743,S03,2026-02-02T06:11:30Z,2026-02-02T06:12:30Z,22.30,C,
R000744,S04,2026-02-02T06:12:00Z,2026-02-02T06:13:00Z,72.32,F,
R000745,S05,2026-02-02T06:12:30Z,2026-02-02T06:13:30Z,22.50,C,
R000746,S06,2026-02-02T06:13:00Z,2026-02-02T06:14:00Z,72.68,F,
R000747,S07,2026-02-02T06:13:30Z,2026-02-02T06:14:30Z,22.70,C,
R000748,S08,2026-02-02T06:14:00Z,2026-02-02T06:15:00Z,73.04, f ,
R000749, s09 ,2026-02-02T06:14:30Z,2026-02-02T06:15:30Z,22.90,C,
R000750,S10,2026-02-02T06:15:00Z,2026-02-02T06:16:00Z,73.40,F,
R000751,S11,2026-02-02T06:15:30Z,2026-02-02T06:16:30Z,23.10,C,
R000752,S12,2026-02-02T06:16:00Z,2026-02-02T06:17:00Z,73.76,F,
R000753,S13,2026-02-02T06:16:30Z,2026-02-02T06:17:30Z,23.30,C,
R000754,S14,2026-02-02T06:17:00Z,2026-02-02T06:18:00Z,74.12,F,
R000755,S15,2026-02-02T06:17:30Z,2026-02-02T06:18:30Z,23.50,C,
R000756, s16 ,2026-02-02T06:18:00Z,2026-02-02T06:19:00Z,74.48,F,
R000757,S17,2026-02-02T06:18:30Z,2026-02-02T06:19:30Z,23.70,C,
R000758,S18,2026-02-02T06:19:00Z,2026-02-02T06:20:00Z,74.84,F,
R000759,S19,2026-02-02T06:19:30Z,2026-02-02T06:20:30Z,23.90, c ,
R000760,S20,2026-02-02T06:20:00Z,2026-02-02T06:21:00Z,75.20,F,
R000761,S01,2026-02-02T06:20:30Z,2026-02-02T06:21:30Z,24.10,C,
R000762,S02,2026-02-02T06:21:00Z,2026-02-02T06:22:00Z,75.56,F,
R000763, s03 ,2026-02-02T06:21:30Z,2026-02-02T06:22:30Z,24.30,C,
R000764,S04,2026-02-02T06:22:00Z,2026-02-02T06:23:00Z,75.92,F,
R000765,S05,2026-02-02T06:22:30Z,2026-02-02T06:23:30Z,24.50,C,
R000766,S06,2026-02-02T06:23:00Z,2026-02-02T06:24:00Z,76.28,F,
R000767,S07,2026-02-02T06:23:30Z,2026-02-02T06:24:30Z,24.70,C,
R000768,S08,2026-02-02T06:24:00Z,2026-02-02T06:25:00Z,76.64,F,
R000769,S09,2026-02-02T06:24:30Z,2026-02-02T06:25:30Z,24.90,C,
R000770, s10 ,2026-02-02T06:25:00Z,2026-02-02T06:26:00Z,77.00, f ,
R000771,S11,2026-02-02T06:25:30Z,2026-02-02T06:26:30Z,25.10,C,
R000772,S12,2026-02-02T06:26:00Z,2026-02-02T06:27:00Z,77.36,F,
R000773,S13,2026-02-02T06:26:30Z,2026-02-02T06:27:30Z,25.30,C,
R000774,S14,2026-02-02T06:27:00Z,2026-02-02T06:28:00Z,77.72,F,
R000775,S15,2026-02-02T06:27:30Z,2026-02-02T06:28:30Z,25.50,C,
R000776,S16,2026-02-02T06:28:00Z,2026-02-02T06:29:00Z,78.08,F,
R000777, s17 ,2026-02-02T06:28:30Z,2026-02-02T06:29:30Z,25.70,C,
R000778,S18,2026-02-02T06:29:00Z,2026-02-02T06:30:00Z,78.44,F,
R000779,S19,2026-02-02T06:29:30Z,2026-02-02T06:30:30Z,25.90,C,
R000780,S20,2026-02-02T06:30:00Z,2026-02-02T06:31:00Z,78.80,F,
R000781,S01,2026-02-02T06:30:30Z,2026-02-02T06:31:30Z,26.10, c ,
R000782,S02,2026-02-02T06:31:00Z,2026-02-02T06:32:00Z,79.16,F,
R000783,S03,2026-02-02T06:31:30Z,2026-02-02T06:32:30Z,26.30,C,
R000784, s04 ,2026-02-02T06:32:00Z,2026-02-02T06:33:00Z,79.52,F,
R000785,S05,2026-02-02T06:32:30Z,2026-02-02T06:33:30Z,26.50,C,
R000786,S06,2026-02-02T06:33:00Z,2026-02-02T06:34:00Z,79.88,F,
R000787,S07,2026-02-02T06:33:30Z,2026-02-02T06:34:30Z,26.70,C,
R000788,S08,2026-02-02T06:34:00Z,2026-02-02T06:35:00Z,80.24,F,
R000789,S09,2026-02-02T06:34:30Z,2026-02-02T06:35:30Z,26.90,C,
R000790,S10,2026-02-02T06:35:00Z,2026-02-02T06:36:00Z,80.60,F,
R000791, s11 ,2026-02-02T06:35:30Z,2026-02-02T06:36:30Z,27.10,C,
R000792,S12,2026-02-02T06:36:00Z,2026-02-02T06:37:00Z,80.96, f ,
R000793,S13,2026-02-02T06:36:30Z,2026-02-02T06:37:30Z,27.30,C,
R000794,S14,2026-02-02T06:37:00Z,2026-02-02T06:38:00Z,81.32,F,
R000795,S15,2026-02-02T06:37:30Z,2026-02-02T06:38:30Z,27.50,C,
R000796,S16,2026-02-02T06:38:00Z,2026-02-02T06:39:00Z,81.68,F,
R000797,S17,2026-02-02T06:38:30Z,2026-02-02T06:39:30Z,27.70,C,
R000798, s18 ,2026-02-02T06:39:00Z,2026-02-02T06:40:00Z,82.04,F,
R000799,S19,2026-02-02T06:39:30Z,2026-02-02T06:40:30Z,27.90,C,
R000800,S20,2026-02-02T06:40:00Z,2026-02-02T06:41:00Z,64.40,F,
R000801,S01,2026-02-02T06:40:30Z,2026-02-02T06:41:30Z,18.10,C,
R000802,S02,2026-02-02T06:41:00Z,2026-02-02T06:42:00Z,64.76,F,
R000803,S03,2026-02-02T06:41:30Z,2026-02-02T06:42:30Z,18.30, c ,
R000804,S04,2026-02-02T06:42:00Z,2026-02-02T06:43:00Z,65.12,F,
R000805, s05 ,2026-02-02T06:42:30Z,2026-02-02T06:43:30Z,18.50,C,
R000806,S06,2026-02-02T06:43:00Z,2026-02-02T06:44:00Z,65.48,F,
R000807,S07,2026-02-02T06:43:30Z,2026-02-02T06:44:30Z,18.70,C,
R000808,S08,2026-02-02T06:44:00Z,2026-02-02T06:45:00Z,65.84,F,
R000809,S09,2026-02-02T06:44:30Z,2026-02-02T06:45:30Z,18.90,C,
R000810,S10,2026-02-02T06:45:00Z,2026-02-02T06:46:00Z,80.60,F,
R000811,S11,2026-02-02T06:45:30Z,2026-02-02T06:46:30Z,27.10,C,
R000812, s12 ,2026-02-02T06:46:00Z,2026-02-02T06:47:00Z,80.96,F,
R000813,S13,2026-02-02T06:46:30Z,2026-02-02T06:47:30Z,27.30,C,
R000814,S14,2026-02-02T06:47:00Z,2026-02-02T06:48:00Z,81.32, f ,
R000815,S15,2026-02-02T06:47:30Z,2026-02-02T06:48:30Z,19.50,C,
R000816,S16,2026-02-02T06:48:00Z,2026-02-02T06:49:00Z,67.28,F,
R000817,S17,2026-02-02T06:48:30Z,2026-02-02T06:49:30Z,19.70,C,
R000818,S18,2026-02-02T06:49:00Z,2026-02-02T06:50:00Z,67.64,F,
R000819, s19 ,2026-02-02T06:49:30Z,2026-02-02T06:50:30Z,19.90,C,
R000820,S20,2026-02-02T06:50:00Z,2026-02-02T06:51:00Z,68.00,F,
R000821,S01,2026-02-02T06:50:30Z,2026-02-02T06:51:30Z,20.10,C,
R000822,S02,2026-02-02T06:51:00Z,2026-02-02T06:52:00Z,68.36,F,
R000823,S03,2026-02-02T06:51:30Z,2026-02-02T06:52:30Z,20.30,C,
R000824,S04,2026-02-02T06:52:00Z,2026-02-02T06:53:00Z,68.72,F,
R000825,S05,2026-02-02T06:52:30Z,2026-02-02T06:53:30Z,20.50, c ,
R000826, s06 ,2026-02-02T06:53:00Z,2026-02-02T06:54:00Z,69.08,F,
R000827,S07,2026-02-02T06:53:30Z,2026-02-02T06:54:30Z,20.70,C,
R000828,S08,2026-02-02T06:54:00Z,2026-02-02T06:55:00Z,69.44,F,
R000829,S09,2026-02-02T06:54:30Z,2026-02-02T06:55:30Z,20.90,C,
R000830,S10,2026-02-02T06:55:00Z,2026-02-02T06:56:00Z,69.80,F,
R000831,S11,2026-02-02T06:55:30Z,2026-02-02T06:56:30Z,21.10,C,
R000832,S12,2026-02-02T06:56:00Z,2026-02-02T06:57:00Z,70.16,F,
R000833, s13 ,2026-02-02T06:56:30Z,2026-02-02T06:57:30Z,21.30,C,
R000834,S14,2026-02-02T06:57:00Z,2026-02-02T06:58:00Z,70.52,F,
R000835,S15,2026-02-02T06:57:30Z,2026-02-02T06:58:30Z,21.50,C,
R000836,S16,2026-02-02T06:58:00Z,2026-02-02T06:59:00Z,70.88, f ,
R000837,S17,2026-02-02T06:58:30Z,2026-02-02T06:59:30Z,21.70,C,
R000838,S18,2026-02-02T06:59:00Z,2026-02-02T07:00:00Z,71.24,F,
R000839,S19,2026-02-02T06:59:30Z,2026-02-02T07:00:30Z,21.90,C,
R000840, s20 ,2026-02-02T07:00:00Z,2026-02-02T07:01:00Z,71.60,F,
R000841,S01,2026-02-02T07:00:30Z,2026-02-02T07:01:30Z,22.10,C,
R000842,S02,2026-02-02T07:01:00Z,2026-02-02T07:02:00Z,71.96,F,
R000843,S03,2026-02-02T07:01:30Z,2026-02-02T07:02:30Z,22.30,C,
R000844,S04,2026-02-02T07:02:00Z,2026-02-02T07:03:00Z,72.32,F,
R000845,S05,2026-02-02T07:02:30Z,2026-02-02T07:03:30Z,22.50,C,
R000846,S06,2026-02-02T07:03:00Z,2026-02-02T07:04:00Z,72.68,F,
R000847, s07 ,2026-02-02T07:03:30Z,2026-02-02T07:04:30Z,22.70, c ,
R000848,S08,2026-02-02T07:04:00Z,2026-02-02T07:05:00Z,73.04,F,
R000849,S09,2026-02-02T07:04:30Z,2026-02-02T07:05:30Z,22.90,C,
R000850,S10,2026-02-02T07:05:00Z,2026-02-02T07:06:00Z,73.40,F,
R000851,S11,2026-02-02T07:05:30Z,2026-02-02T07:06:30Z,23.10,C,
R000852,S12,2026-02-02T07:06:00Z,2026-02-02T07:07:00Z,73.76,F,
R000853,S13,2026-02-02T07:06:30Z,2026-02-02T07:07:30Z,23.30,C,
R000854, s14 ,2026-02-02T07:07:00Z,2026-02-02T07:08:00Z,74.12,F,
R000855,S15,2026-02-02T07:07:30Z,2026-02-02T07:08:30Z,23.50,C,
R000856,S16,2026-02-02T07:08:00Z,2026-02-02T07:09:00Z,74.48,F,
R000857,S17,2026-02-02T07:08:30Z,2026-02-02T07:09:30Z,23.70,C,
R000858,S18,2026-02-02T07:09:00Z,2026-02-02T07:10:00Z,74.84, f ,
R000859,S19,2026-02-02T07:09:30Z,2026-02-02T07:10:30Z,23.90,C,
R000860,S20,2026-02-02T07:10:00Z,2026-02-02T07:11:00Z,75.20,F,
R000861, s01 ,2026-02-02T07:10:30Z,2026-02-02T07:11:30Z,24.10,C,
R000862,S02,2026-02-02T07:11:00Z,2026-02-02T07:12:00Z,75.56,F,
R000863,S03,2026-02-02T07:11:30Z,2026-02-02T07:12:30Z,24.30,C,
R000864,S04,2026-02-02T07:12:00Z,2026-02-02T07:13:00Z,75.92,F,
R000865,S05,2026-02-02T07:12:30Z,2026-02-02T07:13:30Z,24.50,C,
R000866,S06,2026-02-02T07:13:00Z,2026-02-02T07:14:00Z,76.28,F,
R000867,S07,2026-02-02T07:13:30Z,2026-02-02T07:14:30Z,24.70,C,
R000868, s08 ,2026-02-02T07:14:00Z,2026-02-02T07:15:00Z,76.64,F,
R000869,S09,2026-02-02T07:14:30Z,2026-02-02T07:15:30Z,24.90, c ,
R000870,S10,2026-02-02T07:15:00Z,2026-02-02T07:16:00Z,77.00,F,
R000871,S11,2026-02-02T07:15:30Z,2026-02-02T07:16:30Z,25.10,C,
R000872,S12,2026-02-02T07:16:00Z,2026-02-02T07:17:00Z,77.36,F,
R000873,S13,2026-02-02T07:16:30Z,2026-02-02T07:17:30Z,25.30,C,
R000874,S14,2026-02-02T07:17:00Z,2026-02-02T07:18:00Z,77.72,F,
R000875, s15 ,2026-02-02T07:17:30Z,2026-02-02T07:18:30Z,25.50,C,
R000876,S16,2026-02-02T07:18:00Z,2026-02-02T07:19:00Z,78.08,F,
R000877,S17,2026-02-02T07:18:30Z,2026-02-02T07:19:30Z,25.70,C,
R000878,S18,2026-02-02T07:19:00Z,2026-02-02T07:20:00Z,78.44,F,
R000879,S19,2026-02-02T07:19:30Z,2026-02-02T07:20:30Z,25.90,C,
R000880,S20,2026-02-02T07:20:00Z,2026-02-02T07:21:00Z,78.80, f ,
R000881,S01,2026-02-02T07:20:30Z,2026-02-02T07:21:30Z,26.10,C,
R000882, s02 ,2026-02-02T07:21:00Z,2026-02-02T07:22:00Z,79.16,F,
R000883,S03,2026-02-02T07:21:30Z,2026-02-02T07:22:30Z,26.30,C,
R000884,S04,2026-02-02T07:22:00Z,2026-02-02T07:23:00Z,79.52,F,
R000885,S05,2026-02-02T07:22:30Z,2026-02-02T07:23:30Z,26.50,C,
R000886,S06,2026-02-02T07:23:00Z,2026-02-02T07:24:00Z,79.88,F,
R000887,S07,2026-02-02T07:23:30Z,2026-02-02T07:24:30Z,26.70,C,
R000888,S08,2026-02-02T07:24:00Z,2026-02-02T07:25:00Z,80.24,F,
R000889, s09 ,2026-02-02T07:24:30Z,2026-02-02T07:25:30Z,26.90,C,
R000890,S10,2026-02-02T07:25:00Z,2026-02-02T07:26:00Z,80.60,F,
R000891,S11,2026-02-02T07:25:30Z,2026-02-02T07:26:30Z,27.10, c ,
R000892,S12,2026-02-02T07:26:00Z,2026-02-02T07:27:00Z,80.96,F,
R000893,S13,2026-02-02T07:26:30Z,2026-02-02T07:27:30Z,27.30,C,
R000894,S14,2026-02-02T07:27:00Z,2026-02-02T07:28:00Z,81.32,F,
R000895,S15,2026-02-02T07:27:30Z,2026-02-02T07:28:30Z,27.50,C,
R000896, s16 ,2026-02-02T07:28:00Z,2026-02-02T07:29:00Z,81.68,F,
R000897,S17,2026-02-02T07:28:30Z,2026-02-02T07:29:30Z,27.70,C,
R000898,S18,2026-02-02T07:29:00Z,2026-02-02T07:30:00Z,82.04,F,
R000899,S19,2026-02-02T07:29:30Z,2026-02-02T07:30:30Z,27.90,C,
R000900,S20,2026-02-02T07:30:00Z,2026-02-02T07:31:00Z,64.40,F,
R000901,S01,2026-02-02T07:30:30Z,2026-02-02T07:31:30Z,18.10,C,
R000902,S02,2026-02-02T07:31:00Z,2026-02-02T07:32:00Z,64.76, f ,
R000903, s03 ,2026-02-02T07:31:30Z,2026-02-02T07:32:30Z,18.30,C,
R000904,S04,2026-02-02T07:32:00Z,2026-02-02T07:33:00Z,65.12,F,
R000905,S05,2026-02-02T07:32:30Z,2026-02-02T07:33:30Z,18.50,C,
R000906,S06,2026-02-02T07:33:00Z,2026-02-02T07:34:00Z,65.48,F,
R000907,S07,2026-02-02T07:33:30Z,2026-02-02T07:34:30Z,18.70,C,
R000908,S08,2026-02-02T07:34:00Z,2026-02-02T07:35:00Z,65.84,F,
R000909,S09,2026-02-02T07:34:30Z,2026-02-02T07:35:30Z,18.90,C,
R000910, s10 ,2026-02-02T07:35:00Z,2026-02-02T07:36:00Z,66.20,F,
R000911,S11,2026-02-02T07:35:30Z,2026-02-02T07:36:30Z,19.10,C,
R000912,S12,2026-02-02T07:36:00Z,2026-02-02T07:37:00Z,66.56,F,
R000913,S13,2026-02-02T07:36:30Z,2026-02-02T07:37:30Z,19.30, c ,
R000914,S14,2026-02-02T07:37:00Z,2026-02-02T07:38:00Z,66.92,F,
R000915,S15,2026-02-02T07:37:30Z,2026-02-02T07:38:30Z,19.50,C,
R000916,S16,2026-02-02T07:38:00Z,2026-02-02T07:39:00Z,67.28,F,
R000917, s17 ,2026-02-02T07:38:30Z,2026-02-02T07:39:30Z,19.70,C,
R000918,S18,2026-02-02T07:39:00Z,2026-02-02T07:40:00Z,67.64,F,
R000919,S19,2026-02-02T07:39:30Z,2026-02-02T07:40:30Z,19.90,C,
R000920,S20,2026-02-02T07:40:00Z,2026-02-02T07:41:00Z,68.00,F,
R000921,S01,2026-02-02T07:40:30Z,2026-02-02T07:41:30Z,20.10,C,
R000922,S02,2026-02-02T07:41:00Z,2026-02-02T07:42:00Z,68.36,F,
R000923,S03,2026-02-02T07:41:30Z,2026-02-02T07:42:30Z,20.30,C,
R000924, s04 ,2026-02-02T07:42:00Z,2026-02-02T07:43:00Z,68.72, f ,
R000925,S05,2026-02-02T07:42:30Z,2026-02-02T07:43:30Z,20.50,C,
R000926,S06,2026-02-02T07:43:00Z,2026-02-02T07:44:00Z,69.08,F,
R000927,S07,2026-02-02T07:43:30Z,2026-02-02T07:44:30Z,20.70,C,
R000928,S08,2026-02-02T07:44:00Z,2026-02-02T07:45:00Z,69.44,F,
R000929,S09,2026-02-02T07:44:30Z,2026-02-02T07:45:30Z,20.90,C,
R000930,S10,2026-02-02T07:45:00Z,2026-02-02T07:46:00Z,69.80,F,
R000931, s11 ,2026-02-02T07:45:30Z,2026-02-02T07:46:30Z,21.10,C,
R000932,S12,2026-02-02T07:46:00Z,2026-02-02T07:47:00Z,70.16,F,
R000933,S13,2026-02-02T07:46:30Z,2026-02-02T07:47:30Z,21.30,C,
R000934,S14,2026-02-02T07:47:00Z,2026-02-02T07:48:00Z,70.52,F,
R000935,S15,2026-02-02T07:47:30Z,2026-02-02T07:48:30Z,21.50, c ,
R000936,S16,2026-02-02T07:48:00Z,2026-02-02T07:49:00Z,70.88,F,
R000937,S17,2026-02-02T07:48:30Z,2026-02-02T07:49:30Z,21.70,C,
R000938, s18 ,2026-02-02T07:49:00Z,2026-02-02T07:50:00Z,71.24,F,
R000939,S19,2026-02-02T07:49:30Z,2026-02-02T07:50:30Z,21.90,C,
R000940,S20,2026-02-02T07:50:00Z,2026-02-02T07:51:00Z,71.60,F,
R000941,S01,2026-02-02T07:50:30Z,2026-02-02T07:51:30Z,22.10,C,
R000942,S02,2026-02-02T07:51:00Z,2026-02-02T07:52:00Z,71.96,F,
R000943,S03,2026-02-02T07:51:30Z,2026-02-02T07:52:30Z,22.30,C,
R000944,S04,2026-02-02T07:52:00Z,2026-02-02T07:53:00Z,72.32,F,
R000945, s05 ,2026-02-02T07:52:30Z,2026-02-02T07:53:30Z,22.50,C,
R000946,S06,2026-02-02T07:53:00Z,2026-02-02T07:54:00Z,72.68, f ,
R000947,S07,2026-02-02T07:53:30Z,2026-02-02T07:54:30Z,22.70,C,
R000948,S08,2026-02-02T07:54:00Z,2026-02-02T07:55:00Z,73.04,F,
R000949,S09,2026-02-02T07:54:30Z,2026-02-02T07:55:30Z,22.90,C,
R000950,S10,2026-02-02T07:55:00Z,2026-02-02T07:56:00Z,73.40,F,
R000951,S11,2026-02-02T07:55:30Z,2026-02-02T07:56:30Z,23.10,C,
R000952, s12 ,2026-02-02T07:56:00Z,2026-02-02T07:57:00Z,73.76,F,
R000953,S13,2026-02-02T07:56:30Z,2026-02-02T07:57:30Z,23.30,C,
R000954,S14,2026-02-02T07:57:00Z,2026-02-02T07:58:00Z,74.12,F,
R000955,S15,2026-02-02T07:57:30Z,2026-02-02T07:58:30Z,23.50,C,
R000956,S16,2026-02-02T07:58:00Z,2026-02-02T07:59:00Z,74.48,F,
R000957,S17,2026-02-02T07:58:30Z,2026-02-02T07:59:30Z,23.70, c ,
R000958,S18,2026-02-02T07:59:00Z,2026-02-02T08:00:00Z,74.84,F,
R000959, s19 ,2026-02-02T07:59:30Z,2026-02-02T08:00:30Z,23.90,C,
R000960,S20,2026-02-02T08:00:00Z,2026-02-02T08:01:00Z,75.20,F,
R000961,S01,2026-02-02T08:00:30Z,2026-02-02T08:01:30Z,24.10,C,
R000962,S02,2026-02-02T08:01:00Z,2026-02-02T08:02:00Z,75.56,F,
R000963,S03,2026-02-02T08:01:30Z,2026-02-02T08:02:30Z,24.30,C,
R000964,S04,2026-02-02T08:02:00Z,2026-02-02T08:03:00Z,75.92,F,
R000965,S05,2026-02-02T08:02:30Z,2026-02-02T08:03:30Z,24.50,C,
R000966, s06 ,2026-02-02T08:03:00Z,2026-02-02T08:04:00Z,76.28,F,
R000967,S07,2026-02-02T08:03:30Z,2026-02-02T08:04:30Z,24.70,C,
R000968,S08,2026-02-02T08:04:00Z,2026-02-02T08:05:00Z,76.64, f ,
R000969,S09,2026-02-02T08:04:30Z,2026-02-02T08:05:30Z,24.90,C,
R000970,S10,2026-02-02T08:05:00Z,2026-02-02T08:06:00Z,77.00,F,
R000971,S11,2026-02-02T08:05:30Z,2026-02-02T08:06:30Z,25.10,C,
R000972,S12,2026-02-02T08:06:00Z,2026-02-02T08:07:00Z,77.36,F,
R000973, s13 ,2026-02-02T08:06:30Z,2026-02-02T08:07:30Z,25.30,C,
R000974,S14,2026-02-02T08:07:00Z,2026-02-02T08:08:00Z,77.72,F,
R000975,S15,2026-02-02T08:07:30Z,2026-02-02T08:08:30Z,25.50,C,
R000976,S16,2026-02-02T08:08:00Z,2026-02-02T08:09:00Z,78.08,F,
R000977,S17,2026-02-02T08:08:30Z,2026-02-02T08:09:30Z,25.70,C,
R000978,S18,2026-02-02T08:09:00Z,2026-02-02T08:10:00Z,78.44,F,
R000979,S19,2026-02-02T08:09:30Z,2026-02-02T08:10:30Z,25.90, c ,
R000980, s20 ,2026-02-02T08:10:00Z,2026-02-02T08:11:00Z,78.80,F,
R000981,S01,2026-02-02T08:10:30Z,2026-02-02T08:11:30Z,26.10,C,
R000982,S02,2026-02-02T08:11:00Z,2026-02-02T08:12:00Z,79.16,F,
R000983,S03,2026-02-02T08:11:30Z,2026-02-02T08:12:30Z,26.30,C,
R000984,S04,2026-02-02T08:12:00Z,2026-02-02T08:13:00Z,79.52,F,
R000985,S05,2026-02-02T08:12:30Z,2026-02-02T08:13:30Z,26.50,C,
R000986,S06,2026-02-02T08:13:00Z,2026-02-02T08:14:00Z,79.88,F,
R000987, s07 ,2026-02-02T08:13:30Z,2026-02-02T08:14:30Z,26.70,C,
R000988,S08,2026-02-02T08:14:00Z,2026-02-02T08:15:00Z,80.24,F,
R000989,S09,2026-02-02T08:14:30Z,2026-02-02T08:15:30Z,26.90,C,
R000990,S10,2026-02-02T08:15:00Z,2026-02-02T08:16:00Z,80.60, f ,
R000991,S11,2026-02-02T08:15:30Z,2026-02-02T08:16:30Z,27.10,C,
R000992,S12,2026-02-02T08:16:00Z,2026-02-02T08:17:00Z,80.96,F,
R000993,S13,2026-02-02T08:16:30Z,2026-02-02T08:17:30Z,27.30,C,
R000994, s14 ,2026-02-02T08:17:00Z,2026-02-02T08:18:00Z,81.32,F,
R000995,S15,2026-02-02T08:17:30Z,2026-02-02T08:18:30Z,27.50,C,
R000996,S16,2026-02-02T08:18:00Z,2026-02-02T08:19:00Z,81.68,F,
R000997,S17,2026-02-02T08:18:30Z,2026-02-02T08:19:30Z,27.70,C,
R000998,S18,2026-02-02T08:19:00Z,2026-02-02T08:20:00Z,82.04,F,
R000999,S19,2026-02-02T08:19:30Z,2026-02-02T08:20:30Z,27.90,C,
R001000,S20,2026-02-02T08:20:00Z,2026-02-02T08:21:00Z,64.40,F,
R001001, s01 ,2026-02-02T08:20:30Z,2026-02-02T08:21:30Z,18.10, c ,
R001002,S02,2026-02-02T08:21:00Z,2026-02-02T08:22:00Z,64.76,F,
R001003,S03,2026-02-02T08:21:30Z,2026-02-02T08:22:30Z,18.30,C,
R001004,S04,2026-02-02T08:22:00Z,2026-02-02T08:23:00Z,65.12,F,
R001005,S05,2026-02-02T08:22:30Z,2026-02-02T08:23:30Z,18.50,C,
R001006,S06,2026-02-02T08:23:00Z,2026-02-02T08:24:00Z,65.48,F,
R001007,S07,2026-02-02T08:23:30Z,2026-02-02T08:24:30Z,18.70,C,
R001008, s08 ,2026-02-02T08:24:00Z,2026-02-02T08:25:00Z,65.84,F,
R001009,S09,2026-02-02T08:24:30Z,2026-02-02T08:25:30Z,18.90,C,
R001010,S10,2026-02-02T08:25:00Z,2026-02-02T08:26:00Z,66.20,F,
R001011,S11,2026-02-02T08:25:30Z,2026-02-02T08:26:30Z,19.10,C,
R001012,S12,2026-02-02T08:26:00Z,2026-02-02T08:27:00Z,66.56, f ,
R001013,S13,2026-02-02T08:26:30Z,2026-02-02T08:27:30Z,19.30,C,
R001014,S14,2026-02-02T08:27:00Z,2026-02-02T08:28:00Z,66.92,F,
R001015, s15 ,2026-02-02T08:27:30Z,2026-02-02T08:28:30Z,19.50,C,
R001016,S16,2026-02-02T08:28:00Z,2026-02-02T08:29:00Z,67.28,F,
R001017,S17,2026-02-02T08:28:30Z,2026-02-02T08:29:30Z,19.70,C,
R001018,S18,2026-02-02T08:29:00Z,2026-02-02T08:30:00Z,67.64,F,
R001019,S19,2026-02-02T08:29:30Z,2026-02-02T08:30:30Z,19.90,C,
R001020,S20,2026-02-02T08:30:00Z,2026-02-02T08:31:00Z,68.00,F,
R001021,S01,2026-02-02T08:30:30Z,2026-02-02T08:31:30Z,20.10,C,
R001022, s02 ,2026-02-02T08:31:00Z,2026-02-02T08:32:00Z,68.36,F,
R001023,S03,2026-02-02T08:31:30Z,2026-02-02T08:32:30Z,20.30, c ,
R001024,S04,2026-02-02T08:32:00Z,2026-02-02T08:33:00Z,68.72,F,
R001025,S05,2026-02-02T08:32:30Z,2026-02-02T08:33:30Z,20.50,C,
R001026,S06,2026-02-02T08:33:00Z,2026-02-02T08:34:00Z,69.08,F,
R001027,S07,2026-02-02T08:33:30Z,2026-02-02T08:34:30Z,20.70,C,
R001028,S08,2026-02-02T08:34:00Z,2026-02-02T08:35:00Z,69.44,F,
R001029, s09 ,2026-02-02T08:34:30Z,2026-02-02T08:35:30Z,20.90,C,
R001030,S10,2026-02-02T08:35:00Z,2026-02-02T08:36:00Z,69.80,F,
R001031,S11,2026-02-02T08:35:30Z,2026-02-02T08:36:30Z,21.10,C,
R001032,S12,2026-02-02T08:36:00Z,2026-02-02T08:37:00Z,70.16,F,
R001033,S13,2026-02-02T08:36:30Z,2026-02-02T08:37:30Z,21.30,C,
R001034,S14,2026-02-02T08:37:00Z,2026-02-02T08:38:00Z,70.52, f ,
R001035,S15,2026-02-02T08:37:30Z,2026-02-02T08:38:30Z,21.50,C,
R001036, s16 ,2026-02-02T08:38:00Z,2026-02-02T08:39:00Z,70.88,F,
R001037,S17,2026-02-02T08:38:30Z,2026-02-02T08:39:30Z,21.70,C,
R001038,S18,2026-02-02T08:39:00Z,2026-02-02T08:40:00Z,71.24,F,
R001039,S19,2026-02-02T08:39:30Z,2026-02-02T08:40:30Z,21.90,C,
R001040,S20,2026-02-02T08:40:00Z,2026-02-02T08:41:00Z,71.60,F,
R001041,S01,2026-02-02T08:40:30Z,2026-02-02T08:41:30Z,22.10,C,
R001042,S02,2026-02-02T08:41:00Z,2026-02-02T08:42:00Z,71.96,F,
R001043, s03 ,2026-02-02T08:41:30Z,2026-02-02T08:42:30Z,22.30,C,
R001044,S04,2026-02-02T08:42:00Z,2026-02-02T08:43:00Z,72.32,F,
R001045,S05,2026-02-02T08:42:30Z,2026-02-02T08:43:30Z,22.50, c ,
R001046,S06,2026-02-02T08:43:00Z,2026-02-02T08:44:00Z,72.68,F,
R001047,S07,2026-02-02T08:43:30Z,2026-02-02T08:44:30Z,22.70,C,
R001048,S08,2026-02-02T08:44:00Z,2026-02-02T08:45:00Z,73.04,F,
R001049,S09,2026-02-02T08:44:30Z,2026-02-02T08:45:30Z,22.90,C,
R001050, s10 ,2026-02-02T08:45:00Z,2026-02-02T08:46:00Z,73.40,F,
R001051,S11,2026-02-02T08:45:30Z,2026-02-02T08:46:30Z,23.10,C,
R001052,S12,2026-02-02T08:46:00Z,2026-02-02T08:47:00Z,73.76,F,
R001053,S13,2026-02-02T08:46:30Z,2026-02-02T08:47:30Z,23.30,C,
R001054,S14,2026-02-02T08:47:00Z,2026-02-02T08:48:00Z,74.12,F,
R001055,S15,2026-02-02T08:47:30Z,2026-02-02T08:48:30Z,23.50,C,
R001056,S16,2026-02-02T08:48:00Z,2026-02-02T08:49:00Z,74.48, f ,
R001057, s17 ,2026-02-02T08:48:30Z,2026-02-02T08:49:30Z,23.70,C,
R001058,S18,2026-02-02T08:49:00Z,2026-02-02T08:50:00Z,74.84,F,
R001059,S19,2026-02-02T08:49:30Z,2026-02-02T08:50:30Z,23.90,C,
R001060,S20,2026-02-02T08:50:00Z,2026-02-02T08:51:00Z,75.20,F,
R001061,S01,2026-02-02T08:50:30Z,2026-02-02T08:51:30Z,24.10,C,
R001062,S02,2026-02-02T08:51:00Z,2026-02-02T08:52:00Z,75.56,F,
R001063,S03,2026-02-02T08:51:30Z,2026-02-02T08:52:30Z,24.30,C,
R001064, s04 ,2026-02-02T08:52:00Z,2026-02-02T08:53:00Z,75.92,F,
R001065,S05,2026-02-02T08:52:30Z,2026-02-02T08:53:30Z,24.50,C,
R001066,S06,2026-02-02T08:53:00Z,2026-02-02T08:54:00Z,76.28,F,
R001067,S07,2026-02-02T08:53:30Z,2026-02-02T08:54:30Z,24.70, c ,
R001068,S08,2026-02-02T08:54:00Z,2026-02-02T08:55:00Z,76.64,F,
R001069,S09,2026-02-02T08:54:30Z,2026-02-02T08:55:30Z,24.90,C,
R001070,S10,2026-02-02T08:55:00Z,2026-02-02T08:56:00Z,77.00,F,
R001071, s11 ,2026-02-02T08:55:30Z,2026-02-02T08:56:30Z,25.10,C,
R001072,S12,2026-02-02T08:56:00Z,2026-02-02T08:57:00Z,77.36,F,
R001073,S13,2026-02-02T08:56:30Z,2026-02-02T08:57:30Z,25.30,C,
R001074,S14,2026-02-02T08:57:00Z,2026-02-02T08:58:00Z,77.72,F,
R001075,S15,2026-02-02T08:57:30Z,2026-02-02T08:58:30Z,25.50,C,
R001076,S16,2026-02-02T08:58:00Z,2026-02-02T08:59:00Z,78.08,F,
R001077,S17,2026-02-02T08:58:30Z,2026-02-02T08:59:30Z,25.70,C,
R001078, s18 ,2026-02-02T08:59:00Z,2026-02-02T09:00:00Z,78.44, f ,
R001079,S19,2026-02-02T08:59:30Z,2026-02-02T09:00:30Z,25.90,C,
R001080,S20,2026-02-02T09:00:00Z,2026-02-02T09:01:00Z,78.80,F,
R001081,S01,2026-02-02T09:00:30Z,2026-02-02T09:01:30Z,26.10,C,
R001082,S02,2026-02-02T09:01:00Z,2026-02-02T09:02:00Z,79.16,F,
R001083,S03,2026-02-02T09:01:30Z,2026-02-02T09:02:30Z,26.30,C,
R001084,S04,2026-02-02T09:02:00Z,2026-02-02T09:03:00Z,79.52,F,
R001085, s05 ,2026-02-02T09:02:30Z,2026-02-02T09:03:30Z,26.50,C,
R001086,S06,2026-02-02T09:03:00Z,2026-02-02T09:04:00Z,79.88,F,
R001087,S07,2026-02-02T09:03:30Z,2026-02-02T09:04:30Z,26.70,C,
R001088,S08,2026-02-02T09:04:00Z,2026-02-02T09:05:00Z,80.24,F,
R001089,S09,2026-02-02T09:04:30Z,2026-02-02T09:05:30Z,26.90, c ,
R001090,S10,2026-02-02T09:05:00Z,2026-02-02T09:06:00Z,80.60,F,
R001091,S11,2026-02-02T09:05:30Z,2026-02-02T09:06:30Z,27.10,C,
R001092, s12 ,2026-02-02T09:06:00Z,2026-02-02T09:07:00Z,80.96,F,
R001093,S13,2026-02-02T09:06:30Z,2026-02-02T09:07:30Z,27.30,C,
R001094,S14,2026-02-02T09:07:00Z,2026-02-02T09:08:00Z,81.32,F,
R001095,S15,2026-02-02T09:07:30Z,2026-02-02T09:08:30Z,27.50,C,
R001096,S16,2026-02-02T09:08:00Z,2026-02-02T09:09:00Z,81.68,F,
R001097,S17,2026-02-02T09:08:30Z,2026-02-02T09:09:30Z,27.70,C,
R001098,S18,2026-02-02T09:09:00Z,2026-02-02T09:10:00Z,82.04,F,
R001099, s19 ,2026-02-02T09:09:30Z,2026-02-02T09:10:30Z,27.90,C,
R001100,S20,2026-02-02T09:10:00Z,2026-02-02T09:11:00Z,64.40, f ,
R001101,S01,2026-02-02T09:10:30Z,2026-02-02T09:11:30Z,18.10,C,
R001102,S02,2026-02-02T09:11:00Z,2026-02-02T09:12:00Z,64.76,F,
R001103,S03,2026-02-02T09:11:30Z,2026-02-02T09:12:30Z,18.30,C,
R001104,S04,2026-02-02T09:12:00Z,2026-02-02T09:13:00Z,65.12,F,
R001105,S05,2026-02-02T09:12:30Z,2026-02-02T09:13:30Z,18.50,C,
R001106, s06 ,2026-02-02T09:13:00Z,2026-02-02T09:14:00Z,65.48,F,
R001107,S07,2026-02-02T09:13:30Z,2026-02-02T09:14:30Z,18.70,C,
R001108,S08,2026-02-02T09:14:00Z,2026-02-02T09:15:00Z,65.84,F,
R001109,S09,2026-02-02T09:14:30Z,2026-02-02T09:15:30Z,18.90,C,
R001110,S10,2026-02-02T09:15:00Z,2026-02-02T09:16:00Z,66.20,F,
R001111,S11,2026-02-02T09:15:30Z,2026-02-02T09:16:30Z,19.10, c ,
R001112,S12,2026-02-02T09:16:00Z,2026-02-02T09:17:00Z,66.56,F,
R001113, s13 ,2026-02-02T09:16:30Z,2026-02-02T09:17:30Z,19.30,C,
R001114,S14,2026-02-02T09:17:00Z,2026-02-02T09:18:00Z,66.92,F,
R001115,S15,2026-02-02T09:17:30Z,2026-02-02T09:18:30Z,19.50,C,
R001116,S16,2026-02-02T09:18:00Z,2026-02-02T09:19:00Z,67.28,F,
R001117,S17,2026-02-02T09:18:30Z,2026-02-02T09:19:30Z,19.70,C,
R001118,S18,2026-02-02T09:19:00Z,2026-02-02T09:20:00Z,67.64,F,
R001119,S19,2026-02-02T09:19:30Z,2026-02-02T09:20:30Z,19.90,C,
R001120, s20 ,2026-02-02T09:20:00Z,2026-02-02T09:21:00Z,68.00,F,
R001121,S01,2026-02-02T09:20:30Z,2026-02-02T09:21:30Z,20.10,C,
R001122,S02,2026-02-02T09:21:00Z,2026-02-02T09:22:00Z,68.36, f ,
R001123,S03,2026-02-02T09:21:30Z,2026-02-02T09:22:30Z,20.30,C,
R001124,S04,2026-02-02T09:22:00Z,2026-02-02T09:23:00Z,68.72,F,
R001125,S05,2026-02-02T09:22:30Z,2026-02-02T09:23:30Z,20.50,C,
R001126,S06,2026-02-02T09:23:00Z,2026-02-02T09:24:00Z,69.08,F,
R001127, s07 ,2026-02-02T09:23:30Z,2026-02-02T09:24:30Z,20.70,C,
R001128,S08,2026-02-02T09:24:00Z,2026-02-02T09:25:00Z,69.44,F,
R001129,S09,2026-02-02T09:24:30Z,2026-02-02T09:25:30Z,20.90,C,
R001130,S10,2026-02-02T09:25:00Z,2026-02-02T09:26:00Z,69.80,F,
R001131,S11,2026-02-02T09:25:30Z,2026-02-02T09:26:30Z,21.10,C,
R001132,S12,2026-02-02T09:26:00Z,2026-02-02T09:27:00Z,70.16,F,
R001133,S13,2026-02-02T09:26:30Z,2026-02-02T09:27:30Z,21.30, c ,
R001134, s14 ,2026-02-02T09:27:00Z,2026-02-02T09:28:00Z,70.52,F,
R001135,S15,2026-02-02T09:27:30Z,2026-02-02T09:28:30Z,21.50,C,
R001136,S16,2026-02-02T09:28:00Z,2026-02-02T09:29:00Z,70.88,F,
R001137,S17,2026-02-02T09:28:30Z,2026-02-02T09:29:30Z,21.70,C,
R001138,S18,2026-02-02T09:29:00Z,2026-02-02T09:30:00Z,71.24,F,
R001139,S19,2026-02-02T09:29:30Z,2026-02-02T09:30:30Z,21.90,C,
R001140,S20,2026-02-02T09:30:00Z,2026-02-02T09:31:00Z,71.60,F,
R001141, s01 ,2026-02-02T09:30:30Z,2026-02-02T09:31:30Z,22.10,C,
R001142,S02,2026-02-02T09:31:00Z,2026-02-02T09:32:00Z,71.96,F,
R001143,S03,2026-02-02T09:31:30Z,2026-02-02T09:32:30Z,22.30,C,
R001144,S04,2026-02-02T09:32:00Z,2026-02-02T09:33:00Z,72.32, f ,
R001145,S05,2026-02-02T09:32:30Z,2026-02-02T09:33:30Z,22.50,C,
R001146,S06,2026-02-02T09:33:00Z,2026-02-02T09:34:00Z,72.68,F,
R001147,S07,2026-02-02T09:33:30Z,2026-02-02T09:34:30Z,22.70,C,
R001148, s08 ,2026-02-02T09:34:00Z,2026-02-02T09:35:00Z,73.04,F,
R001149,S09,2026-02-02T09:34:30Z,2026-02-02T09:35:30Z,22.90,C,
R001150,S10,2026-02-02T09:35:00Z,2026-02-02T09:36:00Z,73.40,F,
R001151,S11,2026-02-02T09:35:30Z,2026-02-02T09:36:30Z,23.10,C,
R001152,S12,2026-02-02T09:36:00Z,2026-02-02T09:37:00Z,73.76,F,
R001153,S13,2026-02-02T09:36:30Z,2026-02-02T09:37:30Z,23.30,C,
R001154,S14,2026-02-02T09:37:00Z,2026-02-02T09:38:00Z,74.12,F,
R001155, s15 ,2026-02-02T09:37:30Z,2026-02-02T09:38:30Z,23.50, c ,
R001156,S16,2026-02-02T09:38:00Z,2026-02-02T09:39:00Z,74.48,F,
R001157,S17,2026-02-02T09:38:30Z,2026-02-02T09:39:30Z,23.70,C,
R001158,S18,2026-02-02T09:39:00Z,2026-02-02T09:40:00Z,74.84,F,
R001159,S19,2026-02-02T09:39:30Z,2026-02-02T09:40:30Z,23.90,C,
R001160,S20,2026-02-02T09:40:00Z,2026-02-02T09:41:00Z,75.20,F,
R001161,S01,2026-02-02T09:40:30Z,2026-02-02T09:41:30Z,24.10,C,
R001162, s02 ,2026-02-02T09:41:00Z,2026-02-02T09:42:00Z,75.56,F,
R001163,S03,2026-02-02T09:41:30Z,2026-02-02T09:42:30Z,24.30,C,
R001164,S04,2026-02-02T09:42:00Z,2026-02-02T09:43:00Z,75.92,F,
R001165,S05,2026-02-02T09:42:30Z,2026-02-02T09:43:30Z,24.50,C,
R001166,S06,2026-02-02T09:43:00Z,2026-02-02T09:44:00Z,76.28, f ,
R001167,S07,2026-02-02T09:43:30Z,2026-02-02T09:44:30Z,24.70,C,
R001168,S08,2026-02-02T09:44:00Z,2026-02-02T09:45:00Z,76.64,F,
R001169, s09 ,2026-02-02T09:44:30Z,2026-02-02T09:45:30Z,24.90,C,
R001170,S10,2026-02-02T09:45:00Z,2026-02-02T09:46:00Z,77.00,F,
R001171,S11,2026-02-02T09:45:30Z,2026-02-02T09:46:30Z,25.10,C,
R001172,S12,2026-02-02T09:46:00Z,2026-02-02T09:47:00Z,77.36,F,
R001173,S13,2026-02-02T09:46:30Z,2026-02-02T09:47:30Z,25.30,C,
R001174,S14,2026-02-02T09:47:00Z,2026-02-02T09:48:00Z,77.72,F,
R001175,S15,2026-02-02T09:47:30Z,2026-02-02T09:48:30Z,25.50,C,
R001176, s16 ,2026-02-02T09:48:00Z,2026-02-02T09:49:00Z,78.08,F,
R001177,S17,2026-02-02T09:48:30Z,2026-02-02T09:49:30Z,25.70, c ,
R001178,S18,2026-02-02T09:49:00Z,2026-02-02T09:50:00Z,78.44,F,
R001179,S19,2026-02-02T09:49:30Z,2026-02-02T09:50:30Z,25.90,C,
R001180,S20,2026-02-02T09:50:00Z,2026-02-02T09:51:00Z,78.80,F,
R001181,S01,2026-02-02T09:50:30Z,2026-02-02T09:51:30Z,26.10,C,
R001182,S02,2026-02-02T09:51:00Z,2026-02-02T09:52:00Z,79.16,F,
R001183, s03 ,2026-02-02T09:51:30Z,2026-02-02T09:52:30Z,26.30,C,
R001184,S04,2026-02-02T09:52:00Z,2026-02-02T09:53:00Z,79.52,F,
R001185,S05,2026-02-02T09:52:30Z,2026-02-02T09:53:30Z,26.50,C,
R001186,S06,2026-02-02T09:53:00Z,2026-02-02T09:54:00Z,79.88,F,
R001187,S07,2026-02-02T09:53:30Z,2026-02-02T09:54:30Z,26.70,C,
R001188,S08,2026-02-02T09:54:00Z,2026-02-02T09:55:00Z,80.24, f ,
R001189,S09,2026-02-02T09:54:30Z,2026-02-02T09:55:30Z,26.90,C,
R001190, s10 ,2026-02-02T09:55:00Z,2026-02-02T09:56:00Z,80.60,F,
R001191,S11,2026-02-02T09:55:30Z,2026-02-02T09:56:30Z,27.10,C,
R001192,S12,2026-02-02T09:56:00Z,2026-02-02T09:57:00Z,80.96,F,
R001193,S13,2026-02-02T09:56:30Z,2026-02-02T09:57:30Z,27.30,C,
R001194,S14,2026-02-02T09:57:00Z,2026-02-02T09:58:00Z,81.32,F,
R001195,S15,2026-02-02T09:57:30Z,2026-02-02T09:58:30Z,27.50,C,
R001196,S16,2026-02-02T09:58:00Z,2026-02-02T09:59:00Z,81.68,F,
R001197, s17 ,2026-02-02T09:58:30Z,2026-02-02T09:59:30Z,27.70,C,
R001198,S18,2026-02-02T09:59:00Z,2026-02-02T10:00:00Z,82.04,F,
R001199,S19,2026-02-02T09:59:30Z,2026-02-02T10:00:30Z,27.90, c ,
R001200,S20,2026-02-02T10:00:00Z,2026-02-02T10:01:00Z,64.40,F,
R001201,S01,2026-02-02T10:00:30Z,2026-02-02T10:01:30Z,18.10,C,
R001202,S02,2026-02-02T10:01:00Z,2026-02-02T10:02:00Z,64.76,F,
R001203,S03,2026-02-02T10:01:30Z,2026-02-02T10:02:30Z,18.30,C,
R001204, s04 ,2026-02-02T10:02:00Z,2026-02-02T10:03:00Z,65.12,F,
R001205,S05,2026-02-02T10:02:30Z,2026-02-02T10:03:30Z,18.50,C,
R001206,S06,2026-02-02T10:03:00Z,2026-02-02T10:04:00Z,65.48,F,
R001207,S07,2026-02-02T10:03:30Z,2026-02-02T10:04:30Z,18.70,C,
R001208,S08,2026-02-02T10:04:00Z,2026-02-02T10:05:00Z,65.84,F,
R001209,S09,2026-02-02T10:04:30Z,2026-02-02T10:05:30Z,18.90,C,
R001210,S10,2026-02-02T10:05:00Z,2026-02-02T10:06:00Z,66.20, f ,
R001211, s11 ,2026-02-02T10:05:30Z,2026-02-02T10:06:30Z,19.10,C,
R001212,S12,2026-02-02T10:06:00Z,2026-02-02T10:07:00Z,66.56,F,
R001213,S13,2026-02-02T10:06:30Z,2026-02-02T10:07:30Z,19.30,C,
R001214,S14,2026-02-02T10:07:00Z,2026-02-02T10:08:00Z,66.92,F,
R001215,S15,2026-02-02T10:07:30Z,2026-02-02T10:08:30Z,19.50,C,
R001216,S16,2026-02-02T10:08:00Z,2026-02-02T10:09:00Z,67.28,F,
R001217,S17,2026-02-02T10:08:30Z,2026-02-02T10:09:30Z,19.70,C,
R001218, s18 ,2026-02-02T10:09:00Z,2026-02-02T10:10:00Z,67.64,F,
R001219,S19,2026-02-02T10:09:30Z,2026-02-02T10:10:30Z,19.90,C,
R001220,S20,2026-02-02T10:10:00Z,2026-02-02T10:11:00Z,68.00,F,
R001221,S01,2026-02-02T10:10:30Z,2026-02-02T10:11:30Z,20.10, c ,
R001222,S02,2026-02-02T10:11:00Z,2026-02-02T10:12:00Z,68.36,F,
R001223,S03,2026-02-02T10:11:30Z,2026-02-02T10:12:30Z,20.30,C,
R001224,S04,2026-02-02T10:12:00Z,2026-02-02T10:13:00Z,68.72,F,
R001225, s05 ,2026-02-02T10:12:30Z,2026-02-02T10:13:30Z,20.50,C,
R001226,S06,2026-02-02T10:13:00Z,2026-02-02T10:14:00Z,69.08,F,
R001227,S07,2026-02-02T10:13:30Z,2026-02-02T10:14:30Z,20.70,C,
R001228,S08,2026-02-02T10:14:00Z,2026-02-02T10:15:00Z,69.44,F,
R001229,S09,2026-02-02T10:14:30Z,2026-02-02T10:15:30Z,20.90,C,
R001230,S10,2026-02-02T10:15:00Z,2026-02-02T10:16:00Z,69.80,F,
R001231,S11,2026-02-02T10:15:30Z,2026-02-02T10:16:30Z,21.10,C,
R001232, s12 ,2026-02-02T10:16:00Z,2026-02-02T10:17:00Z,70.16, f ,
R001233,S13,2026-02-02T10:16:30Z,2026-02-02T10:17:30Z,21.30,C,
R001234,S14,2026-02-02T10:17:00Z,2026-02-02T10:18:00Z,70.52,F,
R001235,S15,2026-02-02T10:17:30Z,2026-02-02T10:18:30Z,21.50,C,
R001236,S16,2026-02-02T10:18:00Z,2026-02-02T10:19:00Z,70.88,F,
R001237,S17,2026-02-02T10:18:30Z,2026-02-02T10:19:30Z,21.70,C,
R001238,S18,2026-02-02T10:19:00Z,2026-02-02T10:20:00Z,71.24,F,
R001239, s19 ,2026-02-02T10:19:30Z,2026-02-02T10:20:30Z,21.90,C,
R001240,S20,2026-02-02T10:20:00Z,2026-02-02T10:21:00Z,71.60,F,
R001241,S01,2026-02-02T10:20:30Z,2026-02-02T10:21:30Z,22.10,C,
R001242,S02,2026-02-02T10:21:00Z,2026-02-02T10:22:00Z,71.96,F,
R001243,S03,2026-02-02T10:21:30Z,2026-02-02T10:22:30Z,22.30, c ,
R001244,S04,2026-02-02T10:22:00Z,2026-02-02T10:23:00Z,72.32,F,
R001245,S05,2026-02-02T10:22:30Z,2026-02-02T10:23:30Z,22.50,C,
R001246, s06 ,2026-02-02T10:23:00Z,2026-02-02T10:24:00Z,72.68,F,
R001247,S07,2026-02-02T10:23:30Z,2026-02-02T10:24:30Z,22.70,C,
R001248,S08,2026-02-02T10:24:00Z,2026-02-02T10:25:00Z,73.04,F,
R001249,S09,2026-02-02T10:24:30Z,2026-02-02T10:25:30Z,22.90,C,
R001250,S10,2026-02-02T10:25:00Z,2026-02-02T10:26:00Z,73.40,F,
R001251,S11,2026-02-02T10:25:30Z,2026-02-02T10:26:30Z,23.10,C,
R001252,S12,2026-02-02T10:26:00Z,2026-02-02T10:27:00Z,73.76,F,
R001253, s13 ,2026-02-02T10:26:30Z,2026-02-02T10:27:30Z,23.30,C,
R001254,S14,2026-02-02T10:27:00Z,2026-02-02T10:28:00Z,74.12, f ,
R001255,S15,2026-02-02T10:27:30Z,2026-02-02T10:28:30Z,23.50,C,
R001256,S16,2026-02-02T10:28:00Z,2026-02-02T10:29:00Z,74.48,F,
R001257,S17,2026-02-02T10:28:30Z,2026-02-02T10:29:30Z,23.70,C,
R001258,S18,2026-02-02T10:29:00Z,2026-02-02T10:30:00Z,74.84,F,
R001259,S19,2026-02-02T10:29:30Z,2026-02-02T10:30:30Z,23.90,C,
R001260, s20 ,2026-02-02T10:30:00Z,2026-02-02T10:31:00Z,75.20,F,
R001261,S01,2026-02-02T10:30:30Z,2026-02-02T10:31:30Z,24.10,C,
R001262,S02,2026-02-02T10:31:00Z,2026-02-02T10:32:00Z,75.56,F,
R001263,S03,2026-02-02T10:31:30Z,2026-02-02T10:32:30Z,24.30,C,
R001264,S04,2026-02-02T10:32:00Z,2026-02-02T10:33:00Z,75.92,F,
R001265,S05,2026-02-02T10:32:30Z,2026-02-02T10:33:30Z,24.50, c ,
R001266,S06,2026-02-02T10:33:00Z,2026-02-02T10:34:00Z,76.28,F,
R001267, s07 ,2026-02-02T10:33:30Z,2026-02-02T10:34:30Z,24.70,C,
R001268,S08,2026-02-02T10:34:00Z,2026-02-02T10:35:00Z,76.64,F,
R001269,S09,2026-02-02T10:34:30Z,2026-02-02T10:35:30Z,24.90,C,
R001270,S10,2026-02-02T10:35:00Z,2026-02-02T10:36:00Z,77.00,F,
R001271,S11,2026-02-02T10:35:30Z,2026-02-02T10:36:30Z,25.10,C,
R001272,S12,2026-02-02T10:36:00Z,2026-02-02T10:37:00Z,77.36,F,
R001273,S13,2026-02-02T10:36:30Z,2026-02-02T10:37:30Z,25.30,C,
R001274, s14 ,2026-02-02T10:37:00Z,2026-02-02T10:38:00Z,77.72,F,
R001275,S15,2026-02-02T10:37:30Z,2026-02-02T10:38:30Z,25.50,C,
R001276,S16,2026-02-02T10:38:00Z,2026-02-02T10:39:00Z,78.08, f ,
R001277,S17,2026-02-02T10:38:30Z,2026-02-02T10:39:30Z,25.70,C,
R001278,S18,2026-02-02T10:39:00Z,2026-02-02T10:40:00Z,78.44,F,
R001279,S19,2026-02-02T10:39:30Z,2026-02-02T10:40:30Z,25.90,C,
R001280,S20,2026-02-02T10:40:00Z,2026-02-02T10:41:00Z,78.80,F,
R001281, s01 ,2026-02-02T10:40:30Z,2026-02-02T10:41:30Z,26.10,C,
R001282,S02,2026-02-02T10:41:00Z,2026-02-02T10:42:00Z,79.16,F,
R001283,S03,2026-02-02T10:41:30Z,2026-02-02T10:42:30Z,26.30,C,
R001284,S04,2026-02-02T10:42:00Z,2026-02-02T10:43:00Z,79.52,F,
R001285,S05,2026-02-02T10:42:30Z,2026-02-02T10:43:30Z,26.50,C,
R001286,S06,2026-02-02T10:43:00Z,2026-02-02T10:44:00Z,79.88,F,
R001287,S07,2026-02-02T10:43:30Z,2026-02-02T10:44:30Z,26.70, c ,
R001288, s08 ,2026-02-02T10:44:00Z,2026-02-02T10:45:00Z,80.24,F,
R001289,S09,2026-02-02T10:44:30Z,2026-02-02T10:45:30Z,26.90,C,
R001290,S10,2026-02-02T10:45:00Z,2026-02-02T10:46:00Z,80.60,F,
R001291,S11,2026-02-02T10:45:30Z,2026-02-02T10:46:30Z,27.10,C,
R001292,S12,2026-02-02T10:46:00Z,2026-02-02T10:47:00Z,80.96,F,
R001293,S13,2026-02-02T10:46:30Z,2026-02-02T10:47:30Z,27.30,C,
R001294,S14,2026-02-02T10:47:00Z,2026-02-02T10:48:00Z,81.32,F,
R001295, s15 ,2026-02-02T10:47:30Z,2026-02-02T10:48:30Z,27.50,C,
R001296,S16,2026-02-02T10:48:00Z,2026-02-02T10:49:00Z,81.68,F,
R001297,S17,2026-02-02T10:48:30Z,2026-02-02T10:49:30Z,27.70,C,
R001298,S18,2026-02-02T10:49:00Z,2026-02-02T10:50:00Z,82.04, f ,
R001299,S19,2026-02-02T10:49:30Z,2026-02-02T10:50:30Z,27.90,C,
R001300,S20,2026-02-02T10:50:00Z,2026-02-02T10:51:00Z,64.40,F,
R001301,S01,2026-02-02T10:50:30Z,2026-02-02T10:51:30Z,18.10,C,
R001302, s02 ,2026-02-02T10:51:00Z,2026-02-02T10:52:00Z,64.76,F,
R001303,S03,2026-02-02T10:51:30Z,2026-02-02T10:52:30Z,18.30,C,
R001304,S04,2026-02-02T10:52:00Z,2026-02-02T10:53:00Z,65.12,F,
R001305,S05,2026-02-02T10:52:30Z,2026-02-02T10:53:30Z,18.50,C,
R001306,S06,2026-02-02T10:53:00Z,2026-02-02T10:54:00Z,65.48,F,
R001307,S07,2026-02-02T10:53:30Z,2026-02-02T10:54:30Z,18.70,C,
R001308,S08,2026-02-02T10:54:00Z,2026-02-02T10:55:00Z,65.84,F,
R001309, s09 ,2026-02-02T10:54:30Z,2026-02-02T10:55:30Z,18.90, c ,
R001310,S10,2026-02-02T10:55:00Z,2026-02-02T10:56:00Z,66.20,F,
R001311,S11,2026-02-02T10:55:30Z,2026-02-02T10:56:30Z,19.10,C,
R001312,S12,2026-02-02T10:56:00Z,2026-02-02T10:57:00Z,66.56,F,
R001313,S13,2026-02-02T10:56:30Z,2026-02-02T10:57:30Z,19.30,C,
R001314,S14,2026-02-02T10:57:00Z,2026-02-02T10:58:00Z,66.92,F,
R001315,S15,2026-02-02T10:57:30Z,2026-02-02T10:58:30Z,19.50,C,
R001316, s16 ,2026-02-02T10:58:00Z,2026-02-02T10:59:00Z,67.28,F,
R001317,S17,2026-02-02T10:58:30Z,2026-02-02T10:59:30Z,19.70,C,
R001318,S18,2026-02-02T10:59:00Z,2026-02-02T11:00:00Z,67.64,F,
R001319,S19,2026-02-02T10:59:30Z,2026-02-02T11:00:30Z,19.90,C,
R001320,S20,2026-02-02T11:00:00Z,2026-02-02T11:01:00Z,68.00, f ,
R001321,S01,2026-02-02T11:00:30Z,2026-02-02T11:01:30Z,20.10,C,
R001322,S02,2026-02-02T11:01:00Z,2026-02-02T11:02:00Z,68.36,F,
R001323, s03 ,2026-02-02T11:01:30Z,2026-02-02T11:02:30Z,20.30,C,
R001324,S04,2026-02-02T11:02:00Z,2026-02-02T11:03:00Z,68.72,F,
R001325,S05,2026-02-02T11:02:30Z,2026-02-02T11:03:30Z,20.50,C,
R001326,S06,2026-02-02T11:03:00Z,2026-02-02T11:04:00Z,69.08,F,
R001327,S07,2026-02-02T11:03:30Z,2026-02-02T11:04:30Z,20.70,C,
R001328,S08,2026-02-02T11:04:00Z,2026-02-02T11:05:00Z,69.44,F,
R001329,S09,2026-02-02T11:04:30Z,2026-02-02T11:05:30Z,20.90,C,
R001330, s10 ,2026-02-02T11:05:00Z,2026-02-02T11:06:00Z,69.80,F,
R001331,S11,2026-02-02T11:05:30Z,2026-02-02T11:06:30Z,21.10, c ,
R001332,S12,2026-02-02T11:06:00Z,2026-02-02T11:07:00Z,70.16,F,
R001333,S13,2026-02-02T11:06:30Z,2026-02-02T11:07:30Z,21.30,C,
R001334,S14,2026-02-02T11:07:00Z,2026-02-02T11:08:00Z,70.52,F,
R001335,S15,2026-02-02T11:07:30Z,2026-02-02T11:08:30Z,21.50,C,
R001336,S16,2026-02-02T11:08:00Z,2026-02-02T11:09:00Z,70.88,F,
R001337, s17 ,2026-02-02T11:08:30Z,2026-02-02T11:09:30Z,21.70,C,
R001338,S18,2026-02-02T11:09:00Z,2026-02-02T11:10:00Z,71.24,F,
R001339,S19,2026-02-02T11:09:30Z,2026-02-02T11:10:30Z,21.90,C,
R001340,S20,2026-02-02T11:10:00Z,2026-02-02T11:11:00Z,71.60,F,
R001341,S01,2026-02-02T11:10:30Z,2026-02-02T11:11:30Z,22.10,C,
R001342,S02,2026-02-02T11:11:00Z,2026-02-02T11:12:00Z,71.96, f ,
R001343,S03,2026-02-02T11:11:30Z,2026-02-02T11:12:30Z,22.30,C,
R001344, s04 ,2026-02-02T11:12:00Z,2026-02-02T11:13:00Z,72.32,F,
R001345,S05,2026-02-02T11:12:30Z,2026-02-02T11:13:30Z,22.50,C,
R001346,S06,2026-02-02T11:13:00Z,2026-02-02T11:14:00Z,72.68,F,
R001347,S07,2026-02-02T11:13:30Z,2026-02-02T11:14:30Z,22.70,C,
R001348,S08,2026-02-02T11:14:00Z,2026-02-02T11:15:00Z,73.04,F,
R001349,S09,2026-02-02T11:14:30Z,2026-02-02T11:15:30Z,22.90,C,
R001350,S10,2026-02-02T11:15:00Z,2026-02-02T11:16:00Z,73.40,F,
R001351, s11 ,2026-02-02T11:15:30Z,2026-02-02T11:16:30Z,23.10,C,
R001352,S12,2026-02-02T11:16:00Z,2026-02-02T11:17:00Z,73.76,F,
R001353,S13,2026-02-02T11:16:30Z,2026-02-02T11:17:30Z,23.30, c ,
R001354,S14,2026-02-02T11:17:00Z,2026-02-02T11:18:00Z,74.12,F,
R001355,S15,2026-02-02T11:17:30Z,2026-02-02T11:18:30Z,23.50,C,
R001356,S16,2026-02-02T11:18:00Z,2026-02-02T11:19:00Z,74.48,F,
R001357,S17,2026-02-02T11:18:30Z,2026-02-02T11:19:30Z,23.70,C,
R001358, s18 ,2026-02-02T11:19:00Z,2026-02-02T11:20:00Z,74.84,F,
R001359,S19,2026-02-02T11:19:30Z,2026-02-02T11:20:30Z,23.90,C,
R001360,S20,2026-02-02T11:20:00Z,2026-02-02T11:21:00Z,75.20,F,
R001361,S01,2026-02-02T11:20:30Z,2026-02-02T11:21:30Z,24.10,C,
R001362,S02,2026-02-02T11:21:00Z,2026-02-02T11:22:00Z,75.56,F,
R001363,S03,2026-02-02T11:21:30Z,2026-02-02T11:22:30Z,24.30,C,
R001364,S04,2026-02-02T11:22:00Z,2026-02-02T11:23:00Z,75.92, f ,
R001365, s05 ,2026-02-02T11:22:30Z,2026-02-02T11:23:30Z,24.50,C,
R001366,S06,2026-02-02T11:23:00Z,2026-02-02T11:24:00Z,76.28,F,
R001367,S07,2026-02-02T11:23:30Z,2026-02-02T11:24:30Z,24.70,C,
R001368,S08,2026-02-02T11:24:00Z,2026-02-02T11:25:00Z,76.64,F,
R001369,S09,2026-02-02T11:24:30Z,2026-02-02T11:25:30Z,24.90,C,
R001370,S10,2026-02-02T11:25:00Z,2026-02-02T11:26:00Z,77.00,F,
R001371,S11,2026-02-02T11:25:30Z,2026-02-02T11:26:30Z,25.10,C,
R001372, s12 ,2026-02-02T11:26:00Z,2026-02-02T11:27:00Z,77.36,F,
R001373,S13,2026-02-02T11:26:30Z,2026-02-02T11:27:30Z,25.30,C,
R001374,S14,2026-02-02T11:27:00Z,2026-02-02T11:28:00Z,77.72,F,
R001375,S15,2026-02-02T11:27:30Z,2026-02-02T11:28:30Z,25.50, c ,
R001376,S16,2026-02-02T11:28:00Z,2026-02-02T11:29:00Z,78.08,F,
R001377,S17,2026-02-02T11:28:30Z,2026-02-02T11:29:30Z,25.70,C,
R001378,S18,2026-02-02T11:29:00Z,2026-02-02T11:30:00Z,78.44,F,
R001379, s19 ,2026-02-02T11:29:30Z,2026-02-02T11:30:30Z,25.90,C,
R001380,S20,2026-02-02T11:30:00Z,2026-02-02T11:31:00Z,78.80,F,
R001381,S01,2026-02-02T11:30:30Z,2026-02-02T11:31:30Z,26.10,C,
R001382,S02,2026-02-02T11:31:00Z,2026-02-02T11:32:00Z,79.16,F,
R001383,S03,2026-02-02T11:31:30Z,2026-02-02T11:32:30Z,26.30,C,
R001384,S04,2026-02-02T11:32:00Z,2026-02-02T11:33:00Z,79.52,F,
R001385,S05,2026-02-02T11:32:30Z,2026-02-02T11:33:30Z,26.50,C,
R001386, s06 ,2026-02-02T11:33:00Z,2026-02-02T11:34:00Z,79.88, f ,
R001387,S07,2026-02-02T11:33:30Z,2026-02-02T11:34:30Z,26.70,C,
R001388,S08,2026-02-02T11:34:00Z,2026-02-02T11:35:00Z,80.24,F,
R001389,S09,2026-02-02T11:34:30Z,2026-02-02T11:35:30Z,26.90,C,
R001390,S10,2026-02-02T11:35:00Z,2026-02-02T11:36:00Z,80.60,F,
R001391,S11,2026-02-02T11:35:30Z,2026-02-02T11:36:30Z,27.10,C,
R001392,S12,2026-02-02T11:36:00Z,2026-02-02T11:37:00Z,80.96,F,
R001393, s13 ,2026-02-02T11:36:30Z,2026-02-02T11:37:30Z,27.30,C,
R001394,S14,2026-02-02T11:37:00Z,2026-02-02T11:38:00Z,81.32,F,
R001395,S15,2026-02-02T11:37:30Z,2026-02-02T11:38:30Z,27.50,C,
R001396,S16,2026-02-02T11:38:00Z,2026-02-02T11:39:00Z,81.68,F,
R001397,S17,2026-02-02T11:38:30Z,2026-02-02T11:39:30Z,27.70, c ,
R001398,S18,2026-02-02T11:39:00Z,2026-02-02T11:40:00Z,82.04,F,
R001399,S19,2026-02-02T11:39:30Z,2026-02-02T11:40:30Z,27.90,C,
R001400, s20 ,2026-02-02T11:40:00Z,2026-02-02T11:41:00Z,64.40,F,
R001401,S01,2026-02-02T11:40:30Z,2026-02-02T11:41:30Z,18.10,C,
R001402,S02,2026-02-02T11:41:00Z,2026-02-02T11:42:00Z,64.76,F,
R001403,S03,2026-02-02T11:41:30Z,2026-02-02T11:42:30Z,18.30,C,
R001404,S04,2026-02-02T11:42:00Z,2026-02-02T11:43:00Z,65.12,F,
R001405,S05,2026-02-02T11:42:30Z,2026-02-02T11:43:30Z,18.50,C,
R001406,S06,2026-02-02T11:43:00Z,2026-02-02T11:44:00Z,65.48,F,
R001407, s07 ,2026-02-02T11:43:30Z,2026-02-02T11:44:30Z,18.70,C,
R001408,S08,2026-02-02T11:44:00Z,2026-02-02T11:45:00Z,65.84, f ,
R001409,S09,2026-02-02T11:44:30Z,2026-02-02T11:45:30Z,18.90,C,
R001410,S10,2026-02-02T11:45:00Z,2026-02-02T11:46:00Z,66.20,F,
R001411,S11,2026-02-02T11:45:30Z,2026-02-02T11:46:30Z,19.10,C,
R001412,S12,2026-02-02T11:46:00Z,2026-02-02T11:47:00Z,66.56,F,
R001413,S13,2026-02-02T11:46:30Z,2026-02-02T11:47:30Z,19.30,C,
R001414, s14 ,2026-02-02T11:47:00Z,2026-02-02T11:48:00Z,66.92,F,
R001415,S15,2026-02-02T11:47:30Z,2026-02-02T11:48:30Z,19.50,C,
R001416,S16,2026-02-02T11:48:00Z,2026-02-02T11:49:00Z,67.28,F,
R001417,S17,2026-02-02T11:48:30Z,2026-02-02T11:49:30Z,19.70,C,
R001418,S18,2026-02-02T11:49:00Z,2026-02-02T11:50:00Z,67.64,F,
R001419,S19,2026-02-02T11:49:30Z,2026-02-02T11:50:30Z,19.90, c ,
R001420,S20,2026-02-02T11:50:00Z,2026-02-02T11:51:00Z,68.00,F,
R001421, s01 ,2026-02-02T11:50:30Z,2026-02-02T11:51:30Z,20.10,C,
R001422,S02,2026-02-02T11:51:00Z,2026-02-02T11:52:00Z,68.36,F,
R001423,S03,2026-02-02T11:51:30Z,2026-02-02T11:52:30Z,20.30,C,
R001424,S04,2026-02-02T11:52:00Z,2026-02-02T11:53:00Z,68.72,F,
R001425,S05,2026-02-02T11:52:30Z,2026-02-02T11:53:30Z,20.50,C,
R001426,S06,2026-02-02T11:53:00Z,2026-02-02T11:54:00Z,69.08,F,
R001427,S07,2026-02-02T11:53:30Z,2026-02-02T11:54:30Z,20.70,C,
R001428, s08 ,2026-02-02T11:54:00Z,2026-02-02T11:55:00Z,69.44,F,
R001429,S09,2026-02-02T11:54:30Z,2026-02-02T11:55:30Z,20.90,C,
R001430,S10,2026-02-02T11:55:00Z,2026-02-02T11:56:00Z,69.80, f ,
R001431,S11,2026-02-02T11:55:30Z,2026-02-02T11:56:30Z,21.10,C,
R001432,S12,2026-02-02T11:56:00Z,2026-02-02T11:57:00Z,70.16,F,
R001433,S13,2026-02-02T11:56:30Z,2026-02-02T11:57:30Z,21.30,C,
R001434,S14,2026-02-02T11:57:00Z,2026-02-02T11:58:00Z,70.52,F,
R001435, s15 ,2026-02-02T11:57:30Z,2026-02-02T11:58:30Z,21.50,C,
R001436,S16,2026-02-02T11:58:00Z,2026-02-02T11:59:00Z,70.88,F,
R001437,S17,2026-02-02T11:58:30Z,2026-02-02T11:59:30Z,21.70,C,
R001438,S18,2026-02-02T11:59:00Z,2026-02-02T12:00:00Z,71.24,F,
R001439,S19,2026-02-02T11:59:30Z,2026-02-02T12:00:30Z,21.90,C,
R001440,S20,2026-02-02T12:00:00Z,2026-02-02T12:01:00Z,71.60,F,
R001441,S01,2026-02-02T12:00:30Z,2026-02-02T12:01:30Z,22.10, c ,
R001442, s02 ,2026-02-02T12:01:00Z,2026-02-02T12:02:00Z,71.96,F,
R001443,S03,2026-02-02T12:01:30Z,2026-02-02T12:02:30Z,22.30,C,
R001444,S04,2026-02-02T12:02:00Z,2026-02-02T12:03:00Z,72.32,F,
R001445,S05,2026-02-02T12:02:30Z,2026-02-02T12:03:30Z,22.50,C,
R001446,S06,2026-02-02T12:03:00Z,2026-02-02T12:04:00Z,72.68,F,
R001447,S07,2026-02-02T12:03:30Z,2026-02-02T12:04:30Z,22.70,C,
R001448,S08,2026-02-02T12:04:00Z,2026-02-02T12:05:00Z,73.04,F,
R001449, s09 ,2026-02-02T12:04:30Z,2026-02-02T12:05:30Z,22.90,C,
R001450,S10,2026-02-02T12:05:00Z,2026-02-02T12:06:00Z,73.40,F,
R001451,S11,2026-02-02T12:05:30Z,2026-02-02T12:06:30Z,23.10,C,
R001452,S12,2026-02-02T12:06:00Z,2026-02-02T12:07:00Z,73.76, f ,
R001453,S13,2026-02-02T12:06:30Z,2026-02-02T12:07:30Z,23.30,C,
R001454,S14,2026-02-02T12:07:00Z,2026-02-02T12:08:00Z,74.12,F,
R001455,S15,2026-02-02T12:07:30Z,2026-02-02T12:08:30Z,23.50,C,
R001456, s16 ,2026-02-02T12:08:00Z,2026-02-02T12:09:00Z,74.48,F,
R001457,S17,2026-02-02T12:08:30Z,2026-02-02T12:09:30Z,23.70,C,
R001458,S18,2026-02-02T12:09:00Z,2026-02-02T12:10:00Z,74.84,F,
R001459,S19,2026-02-02T12:09:30Z,2026-02-02T12:10:30Z,23.90,C,
R001460,S20,2026-02-02T12:10:00Z,2026-02-02T12:11:00Z,75.20,F,
R001461,S01,2026-02-02T12:10:30Z,2026-02-02T12:11:30Z,24.10,C,
R001462,S02,2026-02-02T12:11:00Z,2026-02-02T12:12:00Z,75.56,F,
R001463, s03 ,2026-02-02T12:11:30Z,2026-02-02T12:12:30Z,24.30, c ,
R001464,S04,2026-02-02T12:12:00Z,2026-02-02T12:13:00Z,75.92,F,
R001465,S05,2026-02-02T12:12:30Z,2026-02-02T12:13:30Z,24.50,C,
R001466,S06,2026-02-02T12:13:00Z,2026-02-02T12:14:00Z,76.28,F,
R001467,S07,2026-02-02T12:13:30Z,2026-02-02T12:14:30Z,24.70,C,
R001468,S08,2026-02-02T12:14:00Z,2026-02-02T12:15:00Z,76.64,F,
R001469,S09,2026-02-02T12:14:30Z,2026-02-02T12:15:30Z,24.90,C,
R001470, s10 ,2026-02-02T12:15:00Z,2026-02-02T12:16:00Z,77.00,F,
R001471,S11,2026-02-02T12:15:30Z,2026-02-02T12:16:30Z,25.10,C,
R001472,S12,2026-02-02T12:16:00Z,2026-02-02T12:17:00Z,77.36,F,
R001473,S13,2026-02-02T12:16:30Z,2026-02-02T12:17:30Z,25.30,C,
R001474,S14,2026-02-02T12:17:00Z,2026-02-02T12:18:00Z,77.72, f ,
R001475,S15,2026-02-02T12:17:30Z,2026-02-02T12:18:30Z,25.50,C,
R001476,S16,2026-02-02T12:18:00Z,2026-02-02T12:19:00Z,78.08,F,
R001477, s17 ,2026-02-02T12:18:30Z,2026-02-02T12:19:30Z,25.70,C,
R001478,S18,2026-02-02T12:19:00Z,2026-02-02T12:20:00Z,78.44,F,
R001479,S19,2026-02-02T12:19:30Z,2026-02-02T12:20:30Z,25.90,C,
R001480,S20,2026-02-02T12:20:00Z,2026-02-02T12:21:00Z,78.80,F,
R001481,S01,2026-02-02T12:20:30Z,2026-02-02T12:21:30Z,26.10,C,
R001482,S02,2026-02-02T12:21:00Z,2026-02-02T12:22:00Z,79.16,F,
R001483,S03,2026-02-02T12:21:30Z,2026-02-02T12:22:30Z,26.30,C,
R001484, s04 ,2026-02-02T12:22:00Z,2026-02-02T12:23:00Z,79.52,F,
R001485,S05,2026-02-02T12:22:30Z,2026-02-02T12:23:30Z,26.50, c ,
R001486,S06,2026-02-02T12:23:00Z,2026-02-02T12:24:00Z,79.88,F,
R001487,S07,2026-02-02T12:23:30Z,2026-02-02T12:24:30Z,26.70,C,
R001488,S08,2026-02-02T12:24:00Z,2026-02-02T12:25:00Z,80.24,F,
R001489,S09,2026-02-02T12:24:30Z,2026-02-02T12:25:30Z,26.90,C,
R001490,S10,2026-02-02T12:25:00Z,2026-02-02T12:26:00Z,80.60,F,
R001491, s11 ,2026-02-02T12:25:30Z,2026-02-02T12:26:30Z,27.10,C,
R001492,S12,2026-02-02T12:26:00Z,2026-02-02T12:27:00Z,80.96,F,
R001493,S13,2026-02-02T12:26:30Z,2026-02-02T12:27:30Z,27.30,C,
R001494,S14,2026-02-02T12:27:00Z,2026-02-02T12:28:00Z,81.32,F,
R001495,S15,2026-02-02T12:27:30Z,2026-02-02T12:28:30Z,27.50,C,
R001496,S16,2026-02-02T12:28:00Z,2026-02-02T12:29:00Z,81.68, f ,
R001497,S17,2026-02-02T12:28:30Z,2026-02-02T12:29:30Z,27.70,C,
R001498, s18 ,2026-02-02T12:29:00Z,2026-02-02T12:30:00Z,82.04,F,
R001499,S19,2026-02-02T12:29:30Z,2026-02-02T12:30:30Z,27.90,C,
R001500,S20,2026-02-02T12:30:00Z,2026-02-02T12:31:00Z,64.40,F,
R001501,S01,2026-02-02T12:30:30Z,2026-02-02T12:31:30Z,18.10,C,operator1@example.invalid
R001502,S02,2026-02-02T12:31:00Z,2026-02-02T12:32:00Z,64.76,F,operator2@example.invalid
R001503,S03,2026-02-02T12:31:30Z,2026-02-02T12:32:30Z,18.30,C,operator3@example.invalid
R001504,S04,2026-02-02T12:32:00Z,2026-02-02T12:33:00Z,65.12,F,operator4@example.invalid
R001505, s05 ,2026-02-02T12:32:30Z,2026-02-02T12:33:30Z,18.50,C,operator0@example.invalid
R001506,S06,2026-02-02T12:33:00Z,2026-02-02T12:34:00Z,65.48,F,operator1@example.invalid
R001507,S07,2026-02-02T12:33:30Z,2026-02-02T12:34:30Z,18.70, c ,operator2@example.invalid
R001508,S08,2026-02-02T12:34:00Z,2026-02-02T12:35:00Z,65.84,F,operator3@example.invalid
R001509,S09,2026-02-02T12:34:30Z,2026-02-02T12:35:30Z,18.90,C,operator4@example.invalid
R001510,S10,2026-02-02T12:35:00Z,2026-02-02T12:36:00Z,66.20,F,operator0@example.invalid
R001511,S11,2026-02-02T12:35:30Z,2026-02-02T12:36:30Z,19.10,C,operator1@example.invalid
R001512, s12 ,2026-02-02T12:36:00Z,2026-02-02T12:37:00Z,66.56,F,operator2@example.invalid
R001513,S13,2026-02-02T12:36:30Z,2026-02-02T12:37:30Z,19.30,C,operator3@example.invalid
R001514,S14,2026-02-02T12:37:00Z,2026-02-02T12:38:00Z,66.92,F,operator4@example.invalid
R001515,S15,2026-02-02T12:37:30Z,2026-02-02T12:38:30Z,19.50,C,operator0@example.invalid
R001516,S16,2026-02-02T12:38:00Z,2026-02-02T12:39:00Z,67.28,F,operator1@example.invalid
R001517,S17,2026-02-02T12:38:30Z,2026-02-02T12:39:30Z,19.70,C,operator2@example.invalid
R001518,S18,2026-02-02T12:39:00Z,2026-02-02T12:40:00Z,67.64, f ,operator3@example.invalid
R001519, s19 ,2026-02-02T12:39:30Z,2026-02-02T12:40:30Z,19.90,C,operator4@example.invalid
R001520,S20,2026-02-02T12:40:00Z,2026-02-02T12:41:00Z,68.00,F,operator0@example.invalid
R001521,S01,2026-02-02T12:40:30Z,2026-02-02T12:41:30Z,20.10,C,operator1@example.invalid
R001522,S02,2026-02-02T12:41:00Z,2026-02-02T12:42:00Z,68.36,F,operator2@example.invalid
R001523,S03,2026-02-02T12:41:30Z,2026-02-02T12:42:30Z,20.30,C,operator3@example.invalid
R001524,S04,2026-02-02T12:42:00Z,2026-02-02T12:43:00Z,68.72,F,operator4@example.invalid
R001525,S05,2026-02-02T12:42:30Z,2026-02-02T12:43:30Z,20.50,C,operator0@example.invalid
R001526, s06 ,2026-02-02T12:43:00Z,2026-02-02T12:44:00Z,69.08,F,operator1@example.invalid
R001527,S07,2026-02-02T12:43:30Z,2026-02-02T12:44:30Z,20.70,C,operator2@example.invalid
R001528,S08,2026-02-02T12:44:00Z,2026-02-02T12:45:00Z,69.44,F,operator3@example.invalid
R001529,S09,2026-02-02T12:44:30Z,2026-02-02T12:45:30Z,20.90, c ,operator4@example.invalid
R001530,S10,2026-02-02T12:45:00Z,2026-02-02T12:46:00Z,69.80,F,operator0@example.invalid
R001531,S11,2026-02-02T12:45:30Z,2026-02-02T12:46:30Z,21.10,C,operator1@example.invalid
R001532,S12,2026-02-02T12:46:00Z,2026-02-02T12:47:00Z,70.16,F,operator2@example.invalid
R001533, s13 ,2026-02-02T12:46:30Z,2026-02-02T12:47:30Z,21.30,C,operator3@example.invalid
R001534,S14,2026-02-02T12:47:00Z,2026-02-02T12:48:00Z,70.52,F,operator4@example.invalid
R001535,S15,2026-02-02T12:47:30Z,2026-02-02T12:48:30Z,21.50,C,operator0@example.invalid
R001536,S16,2026-02-02T12:48:00Z,2026-02-02T12:49:00Z,70.88,F,operator1@example.invalid
R001537,S17,2026-02-02T12:48:30Z,2026-02-02T12:49:30Z,21.70,C,operator2@example.invalid
R001538,S18,2026-02-02T12:49:00Z,2026-02-02T12:50:00Z,71.24,F,operator3@example.invalid
R001539,S19,2026-02-02T12:49:30Z,2026-02-02T12:50:30Z,21.90,C,operator4@example.invalid
R001540, s20 ,2026-02-02T12:50:00Z,2026-02-02T12:51:00Z,71.60, f ,operator0@example.invalid
R001541,S01,2026-02-02T12:50:30Z,2026-02-02T12:51:30Z,22.10,C,operator1@example.invalid
R001542,S02,2026-02-02T12:51:00Z,2026-02-02T12:52:00Z,71.96,F,operator2@example.invalid
R001543,S03,2026-02-02T12:51:30Z,2026-02-02T12:52:30Z,22.30,C,operator3@example.invalid
R001544,S04,2026-02-02T12:52:00Z,2026-02-02T12:53:00Z,72.32,F,operator4@example.invalid
R001545,S05,2026-02-02T12:52:30Z,2026-02-02T12:53:30Z,22.50,C,operator0@example.invalid
R001546,S06,2026-02-02T12:53:00Z,2026-02-02T12:54:00Z,72.68,F,operator1@example.invalid
R001547, s07 ,2026-02-02T12:53:30Z,2026-02-02T12:54:30Z,22.70,C,operator2@example.invalid
R001548,S08,2026-02-02T12:54:00Z,2026-02-02T12:55:00Z,73.04,F,operator3@example.invalid
R001549,S09,2026-02-02T12:54:30Z,2026-02-02T12:55:30Z,22.90,C,operator4@example.invalid
R001550,S10,2026-02-02T12:55:00Z,2026-02-02T12:56:00Z,73.40,F,operator0@example.invalid
R001551,S11,2026-02-02T12:55:30Z,2026-02-02T12:56:30Z,23.10, c ,operator1@example.invalid
R001552,S12,2026-02-02T12:56:00Z,2026-02-02T12:57:00Z,73.76,F,operator2@example.invalid
R001553,S13,2026-02-02T12:56:30Z,2026-02-02T12:57:30Z,23.30,C,operator3@example.invalid
R001554, s14 ,2026-02-02T12:57:00Z,2026-02-02T12:58:00Z,74.12,F,operator4@example.invalid
R001555,S15,2026-02-02T12:57:30Z,2026-02-02T12:58:30Z,23.50,C,operator0@example.invalid
R001556,S16,2026-02-02T12:58:00Z,2026-02-02T12:59:00Z,74.48,F,operator1@example.invalid
R001557,S17,2026-02-02T12:58:30Z,2026-02-02T12:59:30Z,23.70,C,operator2@example.invalid
R001558,S18,2026-02-02T12:59:00Z,2026-02-02T13:00:00Z,74.84,F,operator3@example.invalid
R001559,S19,2026-02-02T12:59:30Z,2026-02-02T13:00:30Z,23.90,C,operator4@example.invalid
R001560,S20,2026-02-02T13:00:00Z,2026-02-02T13:01:00Z,75.20,F,operator0@example.invalid
R001561, s01 ,2026-02-02T13:00:30Z,2026-02-02T13:01:30Z,24.10,C,operator1@example.invalid
R001562,S02,2026-02-02T13:01:00Z,2026-02-02T13:02:00Z,75.56, f ,operator2@example.invalid
R001563,S03,2026-02-02T13:01:30Z,2026-02-02T13:02:30Z,24.30,C,operator3@example.invalid
R001564,S04,2026-02-02T13:02:00Z,2026-02-02T13:03:00Z,75.92,F,operator4@example.invalid
R001565,S05,2026-02-02T13:02:30Z,2026-02-02T13:03:30Z,24.50,C,operator0@example.invalid
R001566,S06,2026-02-02T13:03:00Z,2026-02-02T13:04:00Z,76.28,F,operator1@example.invalid
R001567,S07,2026-02-02T13:03:30Z,2026-02-02T13:04:30Z,24.70,C,operator2@example.invalid
R001568, s08 ,2026-02-02T13:04:00Z,2026-02-02T13:05:00Z,76.64,F,operator3@example.invalid
R001569,S09,2026-02-02T13:04:30Z,2026-02-02T13:05:30Z,24.90,C,operator4@example.invalid
R001570,S10,2026-02-02T13:05:00Z,2026-02-02T13:06:00Z,77.00,F,operator0@example.invalid
R001571,S11,2026-02-02T13:05:30Z,2026-02-02T13:06:30Z,25.10,C,operator1@example.invalid
R001572,S12,2026-02-02T13:06:00Z,2026-02-02T13:07:00Z,77.36,F,operator2@example.invalid
R001573,S13,2026-02-02T13:06:30Z,2026-02-02T13:07:30Z,25.30, c ,operator3@example.invalid
R001574,S14,2026-02-02T13:07:00Z,2026-02-02T13:08:00Z,77.72,F,operator4@example.invalid
R001575, s15 ,2026-02-02T13:07:30Z,2026-02-02T13:08:30Z,25.50,C,operator0@example.invalid
R001576,S16,2026-02-02T13:08:00Z,2026-02-02T13:09:00Z,78.08,F,operator1@example.invalid
R001577,S17,2026-02-02T13:08:30Z,2026-02-02T13:09:30Z,25.70,C,operator2@example.invalid
R001578,S18,2026-02-02T13:09:00Z,2026-02-02T13:10:00Z,78.44,F,operator3@example.invalid
R001579,S19,2026-02-02T13:09:30Z,2026-02-02T13:10:30Z,25.90,C,operator4@example.invalid
R001580,S20,2026-02-02T13:10:00Z,2026-02-02T13:11:00Z,78.80,F,operator0@example.invalid
R001581,S01,2026-02-02T13:10:30Z,2026-02-02T13:11:30Z,26.10,C,operator1@example.invalid
R001582, s02 ,2026-02-02T13:11:00Z,2026-02-02T13:12:00Z,79.16,F,operator2@example.invalid
R001583,S03,2026-02-02T13:11:30Z,2026-02-02T13:12:30Z,26.30,C,operator3@example.invalid
R001584,S04,2026-02-02T13:12:00Z,2026-02-02T13:13:00Z,79.52, f ,operator4@example.invalid
R001585,S05,2026-02-02T13:12:30Z,2026-02-02T13:13:30Z,26.50,C,operator0@example.invalid
R001586,S06,2026-02-02T13:13:00Z,2026-02-02T13:14:00Z,79.88,F,operator1@example.invalid
R001587,S07,2026-02-02T13:13:30Z,2026-02-02T13:14:30Z,26.70,C,operator2@example.invalid
R001588,S08,2026-02-02T13:14:00Z,2026-02-02T13:15:00Z,80.24,F,operator3@example.invalid
R001589, s09 ,2026-02-02T13:14:30Z,2026-02-02T13:15:30Z,26.90,C,operator4@example.invalid
R001590,S10,2026-02-02T13:15:00Z,2026-02-02T13:16:00Z,80.60,F,operator0@example.invalid
R001591,S11,2026-02-02T13:15:30Z,2026-02-02T13:16:30Z,27.10,C,operator1@example.invalid
R001592,S12,2026-02-02T13:16:00Z,2026-02-02T13:17:00Z,80.96,F,operator2@example.invalid
R001593,S13,2026-02-02T13:16:30Z,2026-02-02T13:17:30Z,27.30,C,operator3@example.invalid
R001594,S14,2026-02-02T13:17:00Z,2026-02-02T13:18:00Z,81.32,F,operator4@example.invalid
R001595,S15,2026-02-02T13:17:30Z,2026-02-02T13:18:30Z,27.50, c ,operator0@example.invalid
R001596, s16 ,2026-02-02T13:18:00Z,2026-02-02T13:19:00Z,81.68,F,operator1@example.invalid
R001597,S17,2026-02-02T13:18:30Z,2026-02-02T13:19:30Z,27.70,C,operator2@example.invalid
R001598,S18,2026-02-02T13:19:00Z,2026-02-02T13:20:00Z,82.04,F,operator3@example.invalid
R001599,S19,2026-02-02T13:19:30Z,2026-02-02T13:20:30Z,27.90,C,operator4@example.invalid
R001600,S20,2026-02-02T13:20:00Z,2026-02-02T13:21:00Z,64.40,F,operator0@example.invalid
R001601,S01,2026-02-02T13:20:30Z,2026-02-02T13:21:30Z,18.10,C,operator1@example.invalid
R001602,S02,2026-02-02T13:21:00Z,2026-02-02T13:22:00Z,64.76,F,operator2@example.invalid
R001603, s03 ,2026-02-02T13:21:30Z,2026-02-02T13:22:30Z,18.30,C,operator3@example.invalid
R001604,S04,2026-02-02T13:22:00Z,2026-02-02T13:23:00Z,65.12,F,operator4@example.invalid
R001605,S05,2026-02-02T13:22:30Z,2026-02-02T13:23:30Z,18.50,C,operator0@example.invalid
R001606,S06,2026-02-02T13:23:00Z,2026-02-02T13:24:00Z,65.48, f ,operator1@example.invalid
R001607,S07,2026-02-02T13:23:30Z,2026-02-02T13:24:30Z,18.70,C,operator2@example.invalid
R001608,S08,2026-02-02T13:24:00Z,2026-02-02T13:25:00Z,65.84,F,operator3@example.invalid
R001609,S09,2026-02-02T13:24:30Z,2026-02-02T13:25:30Z,18.90,C,operator4@example.invalid
R001610, s10 ,2026-02-02T13:25:00Z,2026-02-02T13:26:00Z,66.20,F,operator0@example.invalid
R001611,S11,2026-02-02T13:25:30Z,2026-02-02T13:26:30Z,19.10,C,operator1@example.invalid
R001612,S12,2026-02-02T13:26:00Z,2026-02-02T13:27:00Z,66.56,F,operator2@example.invalid
R001613,S13,2026-02-02T13:26:30Z,2026-02-02T13:27:30Z,19.30,C,operator3@example.invalid
R001614,S14,2026-02-02T13:27:00Z,2026-02-02T13:28:00Z,66.92,F,operator4@example.invalid
R001615,S15,2026-02-02T13:27:30Z,2026-02-02T13:28:30Z,19.50,C,operator0@example.invalid
R001616,S16,2026-02-02T13:28:00Z,2026-02-02T13:29:00Z,67.28,F,operator1@example.invalid
R001617, s17 ,2026-02-02T13:28:30Z,2026-02-02T13:29:30Z,19.70, c ,operator2@example.invalid
R001618,S18,2026-02-02T13:29:00Z,2026-02-02T13:30:00Z,67.64,F,operator3@example.invalid
R001619,S19,2026-02-02T13:29:30Z,2026-02-02T13:30:30Z,19.90,C,operator4@example.invalid
R001620,S20,2026-02-02T13:30:00Z,2026-02-02T13:31:00Z,68.00,F,operator0@example.invalid
R001621,S01,2026-02-02T13:30:30Z,2026-02-02T13:31:30Z,20.10,C,operator1@example.invalid
R001622,S02,2026-02-02T13:31:00Z,2026-02-02T13:32:00Z,68.36,F,operator2@example.invalid
R001623,S03,2026-02-02T13:31:30Z,2026-02-02T13:32:30Z,20.30,C,operator3@example.invalid
R001624, s04 ,2026-02-02T13:32:00Z,2026-02-02T13:33:00Z,68.72,F,operator4@example.invalid
R001625,S05,2026-02-02T13:32:30Z,2026-02-02T13:33:30Z,20.50,C,operator0@example.invalid
R001626,S06,2026-02-02T13:33:00Z,2026-02-02T13:34:00Z,69.08,F,operator1@example.invalid
R001627,S07,2026-02-02T13:33:30Z,2026-02-02T13:34:30Z,20.70,C,operator2@example.invalid
R001628,S08,2026-02-02T13:34:00Z,2026-02-02T13:35:00Z,69.44, f ,operator3@example.invalid
R001629,S09,2026-02-02T13:34:30Z,2026-02-02T13:35:30Z,20.90,C,operator4@example.invalid
R001630,S10,2026-02-02T13:35:00Z,2026-02-02T13:36:00Z,69.80,F,operator0@example.invalid
R001631, s11 ,2026-02-02T13:35:30Z,2026-02-02T13:36:30Z,21.10,C,operator1@example.invalid
R001632,S12,2026-02-02T13:36:00Z,2026-02-02T13:37:00Z,70.16,F,operator2@example.invalid
R001633,S13,2026-02-02T13:36:30Z,2026-02-02T13:37:30Z,21.30,C,operator3@example.invalid
R001634,S14,2026-02-02T13:37:00Z,2026-02-02T13:38:00Z,70.52,F,operator4@example.invalid
R001635,S15,2026-02-02T13:37:30Z,2026-02-02T13:38:30Z,21.50,C,operator0@example.invalid
R001636,S16,2026-02-02T13:38:00Z,2026-02-02T13:39:00Z,70.88,F,operator1@example.invalid
R001637,S17,2026-02-02T13:38:30Z,2026-02-02T13:39:30Z,21.70,C,operator2@example.invalid
R001638, s18 ,2026-02-02T13:39:00Z,2026-02-02T13:40:00Z,71.24,F,operator3@example.invalid
R001639,S19,2026-02-02T13:39:30Z,2026-02-02T13:40:30Z,21.90, c ,operator4@example.invalid
R001640,S20,2026-02-02T13:40:00Z,2026-02-02T13:41:00Z,71.60,F,operator0@example.invalid
R001641,S01,2026-02-02T13:40:30Z,2026-02-02T13:41:30Z,22.10,C,operator1@example.invalid
R001642,S02,2026-02-02T13:41:00Z,2026-02-02T13:42:00Z,71.96,F,operator2@example.invalid
R001643,S03,2026-02-02T13:41:30Z,2026-02-02T13:42:30Z,22.30,C,operator3@example.invalid
R001644,S04,2026-02-02T13:42:00Z,2026-02-02T13:43:00Z,72.32,F,operator4@example.invalid
R001645, s05 ,2026-02-02T13:42:30Z,2026-02-02T13:43:30Z,22.50,C,operator0@example.invalid
R001646,S06,2026-02-02T13:43:00Z,2026-02-02T13:44:00Z,72.68,F,operator1@example.invalid
R001647,S07,2026-02-02T13:43:30Z,2026-02-02T13:44:30Z,22.70,C,operator2@example.invalid
R001648,S08,2026-02-02T13:44:00Z,2026-02-02T13:45:00Z,73.04,F,operator3@example.invalid
R001649,S09,2026-02-02T13:44:30Z,2026-02-02T13:45:30Z,22.90,C,operator4@example.invalid
R001650,S10,2026-02-02T13:45:00Z,2026-02-02T13:46:00Z,73.40, f ,operator0@example.invalid
R001651,S11,2026-02-02T13:45:30Z,2026-02-02T13:46:30Z,23.10,C,operator1@example.invalid
R001652, s12 ,2026-02-02T13:46:00Z,2026-02-02T13:47:00Z,73.76,F,operator2@example.invalid
R001653,S13,2026-02-02T13:46:30Z,2026-02-02T13:47:30Z,23.30,C,operator3@example.invalid
R001654,S14,2026-02-02T13:47:00Z,2026-02-02T13:48:00Z,74.12,F,operator4@example.invalid
R001655,S15,2026-02-02T13:47:30Z,2026-02-02T13:48:30Z,23.50,C,operator0@example.invalid
R001656,S16,2026-02-02T13:48:00Z,2026-02-02T13:49:00Z,74.48,F,operator1@example.invalid
R001657,S17,2026-02-02T13:48:30Z,2026-02-02T13:49:30Z,23.70,C,operator2@example.invalid
R001658,S18,2026-02-02T13:49:00Z,2026-02-02T13:50:00Z,74.84,F,operator3@example.invalid
R001659, s19 ,2026-02-02T13:49:30Z,2026-02-02T13:50:30Z,23.90,C,operator4@example.invalid
R001660,S20,2026-02-02T13:50:00Z,2026-02-02T13:51:00Z,75.20,F,operator0@example.invalid
R001661,S01,2026-02-02T13:50:30Z,2026-02-02T13:51:30Z,24.10, c ,operator1@example.invalid
R001662,S02,2026-02-02T13:51:00Z,2026-02-02T13:52:00Z,75.56,F,operator2@example.invalid
R001663,S03,2026-02-02T13:51:30Z,2026-02-02T13:52:30Z,24.30,C,operator3@example.invalid
R001664,S04,2026-02-02T13:52:00Z,2026-02-02T13:53:00Z,75.92,F,operator4@example.invalid
R001665,S05,2026-02-02T13:52:30Z,2026-02-02T13:53:30Z,24.50,C,operator0@example.invalid
R001666, s06 ,2026-02-02T13:53:00Z,2026-02-02T13:54:00Z,76.28,F,operator1@example.invalid
R001667,S07,2026-02-02T13:53:30Z,2026-02-02T13:54:30Z,24.70,C,operator2@example.invalid
R001668,S08,2026-02-02T13:54:00Z,2026-02-02T13:55:00Z,76.64,F,operator3@example.invalid
R001669,S09,2026-02-02T13:54:30Z,2026-02-02T13:55:30Z,24.90,C,operator4@example.invalid
R001670,S10,2026-02-02T13:55:00Z,2026-02-02T13:56:00Z,77.00,F,operator0@example.invalid
R001671,S11,2026-02-02T13:55:30Z,2026-02-02T13:56:30Z,25.10,C,operator1@example.invalid
R001672,S12,2026-02-02T13:56:00Z,2026-02-02T13:57:00Z,77.36, f ,operator2@example.invalid
R001673, s13 ,2026-02-02T13:56:30Z,2026-02-02T13:57:30Z,25.30,C,operator3@example.invalid
R001674,S14,2026-02-02T13:57:00Z,2026-02-02T13:58:00Z,77.72,F,operator4@example.invalid
R001675,S15,2026-02-02T13:57:30Z,2026-02-02T13:58:30Z,25.50,C,operator0@example.invalid
R001676,S16,2026-02-02T13:58:00Z,2026-02-02T13:59:00Z,78.08,F,operator1@example.invalid
R001677,S17,2026-02-02T13:58:30Z,2026-02-02T13:59:30Z,25.70,C,operator2@example.invalid
R001678,S18,2026-02-02T13:59:00Z,2026-02-02T14:00:00Z,78.44,F,operator3@example.invalid
R001679,S19,2026-02-02T13:59:30Z,2026-02-02T14:00:30Z,25.90,C,operator4@example.invalid
R001680, s20 ,2026-02-02T14:00:00Z,2026-02-02T14:01:00Z,78.80,F,operator0@example.invalid
R001681,S01,2026-02-02T14:00:30Z,2026-02-02T14:01:30Z,26.10,C,operator1@example.invalid
R001682,S02,2026-02-02T14:01:00Z,2026-02-02T14:02:00Z,79.16,F,operator2@example.invalid
R001683,S03,2026-02-02T14:01:30Z,2026-02-02T14:02:30Z,26.30, c ,operator3@example.invalid
R001684,S04,2026-02-02T14:02:00Z,2026-02-02T14:03:00Z,79.52,F,operator4@example.invalid
R001685,S05,2026-02-02T14:02:30Z,2026-02-02T14:03:30Z,26.50,C,operator0@example.invalid
R001686,S06,2026-02-02T14:03:00Z,2026-02-02T14:04:00Z,79.88,F,operator1@example.invalid
R001687, s07 ,2026-02-02T14:03:30Z,2026-02-02T14:04:30Z,26.70,C,operator2@example.invalid
R001688,S08,2026-02-02T14:04:00Z,2026-02-02T14:05:00Z,80.24,F,operator3@example.invalid
R001689,S09,2026-02-02T14:04:30Z,2026-02-02T14:05:30Z,26.90,C,operator4@example.invalid
R001690,S10,2026-02-02T14:05:00Z,2026-02-02T14:06:00Z,80.60,F,operator0@example.invalid
R001691,S11,2026-02-02T14:05:30Z,2026-02-02T14:06:30Z,27.10,C,operator1@example.invalid
R001692,S12,2026-02-02T14:06:00Z,2026-02-02T14:07:00Z,80.96,F,operator2@example.invalid
R001693,S13,2026-02-02T14:06:30Z,2026-02-02T14:07:30Z,27.30,C,operator3@example.invalid
R001694, s14 ,2026-02-02T14:07:00Z,2026-02-02T14:08:00Z,81.32, f ,operator4@example.invalid
R001695,S15,2026-02-02T14:07:30Z,2026-02-02T14:08:30Z,27.50,C,operator0@example.invalid
R001696,S16,2026-02-02T14:08:00Z,2026-02-02T14:09:00Z,81.68,F,operator1@example.invalid
R001697,S17,2026-02-02T14:08:30Z,2026-02-02T14:09:30Z,27.70,C,operator2@example.invalid
R001698,S18,2026-02-02T14:09:00Z,2026-02-02T14:10:00Z,82.04,F,operator3@example.invalid
R001699,S19,2026-02-02T14:09:30Z,2026-02-02T14:10:30Z,27.90,C,operator4@example.invalid
R001700,S20,2026-02-02T14:10:00Z,2026-02-02T14:11:00Z,64.40,F,operator0@example.invalid
R001701, s01 ,2026-02-02T14:10:30Z,2026-02-02T14:11:30Z,18.10,C,operator1@example.invalid
R001702,S02,2026-02-02T14:11:00Z,2026-02-02T14:12:00Z,64.76,F,operator2@example.invalid
R001703,S03,2026-02-02T14:11:30Z,2026-02-02T14:12:30Z,18.30,C,operator3@example.invalid
R001704,S04,2026-02-02T14:12:00Z,2026-02-02T14:13:00Z,65.12,F,operator4@example.invalid
R001705,S05,2026-02-02T14:12:30Z,2026-02-02T14:13:30Z,18.50, c ,operator0@example.invalid
R001706,S06,2026-02-02T14:13:00Z,2026-02-02T14:14:00Z,65.48,F,operator1@example.invalid
R001707,S07,2026-02-02T14:13:30Z,2026-02-02T14:14:30Z,18.70,C,operator2@example.invalid
R001708, s08 ,2026-02-02T14:14:00Z,2026-02-02T14:15:00Z,65.84,F,operator3@example.invalid
R001709,S09,2026-02-02T14:14:30Z,2026-02-02T14:15:30Z,18.90,C,operator4@example.invalid
R001710,S10,2026-02-02T14:15:00Z,2026-02-02T14:16:00Z,66.20,F,operator0@example.invalid
R001711,S11,2026-02-02T14:15:30Z,2026-02-02T14:16:30Z,19.10,C,operator1@example.invalid
R001712,S12,2026-02-02T14:16:00Z,2026-02-02T14:17:00Z,66.56,F,operator2@example.invalid
R001713,S13,2026-02-02T14:16:30Z,2026-02-02T14:17:30Z,19.30,C,operator3@example.invalid
R001714,S14,2026-02-02T14:17:00Z,2026-02-02T14:18:00Z,66.92,F,operator4@example.invalid
R001715, s15 ,2026-02-02T14:17:30Z,2026-02-02T14:18:30Z,19.50,C,operator0@example.invalid
R001716,S16,2026-02-02T14:18:00Z,2026-02-02T14:19:00Z,67.28, f ,operator1@example.invalid
R001717,S17,2026-02-02T14:18:30Z,2026-02-02T14:19:30Z,19.70,C,operator2@example.invalid
R001718,S18,2026-02-02T14:19:00Z,2026-02-02T14:20:00Z,67.64,F,operator3@example.invalid
R001719,S19,2026-02-02T14:19:30Z,2026-02-02T14:20:30Z,19.90,C,operator4@example.invalid
R001720,S20,2026-02-02T14:20:00Z,2026-02-02T14:21:00Z,68.00,F,operator0@example.invalid
R001721,S01,2026-02-02T14:20:30Z,2026-02-02T14:21:30Z,20.10,C,operator1@example.invalid
R001722, s02 ,2026-02-02T14:21:00Z,2026-02-02T14:22:00Z,68.36,F,operator2@example.invalid
R001723,S03,2026-02-02T14:21:30Z,2026-02-02T14:22:30Z,20.30,C,operator3@example.invalid
R001724,S04,2026-02-02T14:22:00Z,2026-02-02T14:23:00Z,68.72,F,operator4@example.invalid
R001725,S05,2026-02-02T14:22:30Z,2026-02-02T14:23:30Z,20.50,C,operator0@example.invalid
R001726,S06,2026-02-02T14:23:00Z,2026-02-02T14:24:00Z,69.08,F,operator1@example.invalid
R001727,S07,2026-02-02T14:23:30Z,2026-02-02T14:24:30Z,20.70, c ,operator2@example.invalid
R001728,S08,2026-02-02T14:24:00Z,2026-02-02T14:25:00Z,69.44,F,operator3@example.invalid
R001729, s09 ,2026-02-02T14:24:30Z,2026-02-02T14:25:30Z,20.90,C,operator4@example.invalid
R001730,S10,2026-02-02T14:25:00Z,2026-02-02T14:26:00Z,69.80,F,operator0@example.invalid
R001731,S11,2026-02-02T14:25:30Z,2026-02-02T14:26:30Z,21.10,C,operator1@example.invalid
R001732,S12,2026-02-02T14:26:00Z,2026-02-02T14:27:00Z,70.16,F,operator2@example.invalid
R001733,S13,2026-02-02T14:26:30Z,2026-02-02T14:27:30Z,21.30,C,operator3@example.invalid
R001734,S14,2026-02-02T14:27:00Z,2026-02-02T14:28:00Z,70.52,F,operator4@example.invalid
R001735,S15,2026-02-02T14:27:30Z,2026-02-02T14:28:30Z,21.50,C,operator0@example.invalid
R001736, s16 ,2026-02-02T14:28:00Z,2026-02-02T14:29:00Z,70.88,F,operator1@example.invalid
R001737,S17,2026-02-02T14:28:30Z,2026-02-02T14:29:30Z,21.70,C,operator2@example.invalid
R001738,S18,2026-02-02T14:29:00Z,2026-02-02T14:30:00Z,71.24, f ,operator3@example.invalid
R001739,S19,2026-02-02T14:29:30Z,2026-02-02T14:30:30Z,21.90,C,operator4@example.invalid
R001740,S20,2026-02-02T14:30:00Z,2026-02-02T14:31:00Z,71.60,F,operator0@example.invalid
R001741,S01,2026-02-02T14:30:30Z,2026-02-02T14:31:30Z,22.10,C,operator1@example.invalid
R001742,S02,2026-02-02T14:31:00Z,2026-02-02T14:32:00Z,71.96,F,operator2@example.invalid
R001743, s03 ,2026-02-02T14:31:30Z,2026-02-02T14:32:30Z,22.30,C,operator3@example.invalid
R001744,S04,2026-02-02T14:32:00Z,2026-02-02T14:33:00Z,72.32,F,operator4@example.invalid
R001745,S05,2026-02-02T14:32:30Z,2026-02-02T14:33:30Z,22.50,C,operator0@example.invalid
R001746,S06,2026-02-02T14:33:00Z,2026-02-02T14:34:00Z,72.68,F,operator1@example.invalid
R001747,S07,2026-02-02T14:33:30Z,2026-02-02T14:34:30Z,22.70,C,operator2@example.invalid
R001748,S08,2026-02-02T14:34:00Z,2026-02-02T14:35:00Z,73.04,F,operator3@example.invalid
R001749,S09,2026-02-02T14:34:30Z,2026-02-02T14:35:30Z,22.90, c ,operator4@example.invalid
R001750, s10 ,2026-02-02T14:35:00Z,2026-02-02T14:36:00Z,73.40,F,operator0@example.invalid
R001751,S11,2026-02-02T14:35:30Z,2026-02-02T14:36:30Z,23.10,C,operator1@example.invalid
R001752,S12,2026-02-02T14:36:00Z,2026-02-02T14:37:00Z,73.76,F,operator2@example.invalid
R001753,S13,2026-02-02T14:36:30Z,2026-02-02T14:37:30Z,23.30,C,operator3@example.invalid
R001754,S14,2026-02-02T14:37:00Z,2026-02-02T14:38:00Z,74.12,F,operator4@example.invalid
R001755,S15,2026-02-02T14:37:30Z,2026-02-02T14:38:30Z,23.50,C,operator0@example.invalid
R001756,S16,2026-02-02T14:38:00Z,2026-02-02T14:39:00Z,74.48,F,operator1@example.invalid
R001757, s17 ,2026-02-02T14:38:30Z,2026-02-02T14:39:30Z,23.70,C,operator2@example.invalid
R001758,S18,2026-02-02T14:39:00Z,2026-02-02T14:40:00Z,74.84,F,operator3@example.invalid
R001759,S19,2026-02-02T14:39:30Z,2026-02-02T14:40:30Z,23.90,C,operator4@example.invalid
R001760,S20,2026-02-02T14:40:00Z,2026-02-02T14:41:00Z,75.20, f ,operator0@example.invalid
R001761,S01,2026-02-02T14:40:30Z,2026-02-02T14:41:30Z,24.10,C,operator1@example.invalid
R001762,S02,2026-02-02T14:41:00Z,2026-02-02T14:42:00Z,75.56,F,operator2@example.invalid
R001763,S03,2026-02-02T14:41:30Z,2026-02-02T14:42:30Z,24.30,C,operator3@example.invalid
R001764, s04 ,2026-02-02T14:42:00Z,2026-02-02T14:43:00Z,75.92,F,operator4@example.invalid
R001765,S05,2026-02-02T14:42:30Z,2026-02-02T14:43:30Z,24.50,C,operator0@example.invalid
R001766,S06,2026-02-02T14:43:00Z,2026-02-02T14:44:00Z,76.28,F,operator1@example.invalid
R001767,S07,2026-02-02T14:43:30Z,2026-02-02T14:44:30Z,24.70,C,operator2@example.invalid
R001768,S08,2026-02-02T14:44:00Z,2026-02-02T14:45:00Z,76.64,F,operator3@example.invalid
R001769,S09,2026-02-02T14:44:30Z,2026-02-02T14:45:30Z,24.90,C,operator4@example.invalid
R001770,S10,2026-02-02T14:45:00Z,2026-02-02T14:46:00Z,77.00,F,operator0@example.invalid
R001771, s11 ,2026-02-02T14:45:30Z,2026-02-02T14:46:30Z,25.10, c ,operator1@example.invalid
R001772,S12,2026-02-02T14:46:00Z,2026-02-02T14:47:00Z,77.36,F,operator2@example.invalid
R001773,S13,2026-02-02T14:46:30Z,2026-02-02T14:47:30Z,25.30,C,operator3@example.invalid
R001774,S14,2026-02-02T14:47:00Z,2026-02-02T14:48:00Z,77.72,F,operator4@example.invalid
R001775,S15,2026-02-02T14:47:30Z,2026-02-02T14:48:30Z,25.50,C,operator0@example.invalid
R001776,S16,2026-02-02T14:48:00Z,2026-02-02T14:49:00Z,78.08,F,operator1@example.invalid
R001777,S17,2026-02-02T14:48:30Z,2026-02-02T14:49:30Z,25.70,C,operator2@example.invalid
R001778, s18 ,2026-02-02T14:49:00Z,2026-02-02T14:50:00Z,78.44,F,operator3@example.invalid
R001779,S19,2026-02-02T14:49:30Z,2026-02-02T14:50:30Z,25.90,C,operator4@example.invalid
R001780,S20,2026-02-02T14:50:00Z,2026-02-02T14:51:00Z,78.80,F,operator0@example.invalid
R001781,S01,2026-02-02T14:50:30Z,2026-02-02T14:51:30Z,26.10,C,operator1@example.invalid
R001782,S02,2026-02-02T14:51:00Z,2026-02-02T14:52:00Z,79.16, f ,operator2@example.invalid
R001783,S03,2026-02-02T14:51:30Z,2026-02-02T14:52:30Z,26.30,C,operator3@example.invalid
R001784,S04,2026-02-02T14:52:00Z,2026-02-02T14:53:00Z,79.52,F,operator4@example.invalid
R001785, s05 ,2026-02-02T14:52:30Z,2026-02-02T14:53:30Z,26.50,C,operator0@example.invalid
R001786,S06,2026-02-02T14:53:00Z,2026-02-02T14:54:00Z,79.88,F,operator1@example.invalid
R001787,S07,2026-02-02T14:53:30Z,2026-02-02T14:54:30Z,26.70,C,operator2@example.invalid
R001788,S08,2026-02-02T14:54:00Z,2026-02-02T14:55:00Z,80.24,F,operator3@example.invalid
R001789,S09,2026-02-02T14:54:30Z,2026-02-02T14:55:30Z,26.90,C,operator4@example.invalid
R001790,S10,2026-02-02T14:55:00Z,2026-02-02T14:56:00Z,80.60,F,operator0@example.invalid
R001791,S11,2026-02-02T14:55:30Z,2026-02-02T14:56:30Z,27.10,C,operator1@example.invalid
R001792, s12 ,2026-02-02T14:56:00Z,2026-02-02T14:57:00Z,80.96,F,operator2@example.invalid
R001793,S13,2026-02-02T14:56:30Z,2026-02-02T14:57:30Z,27.30, c ,operator3@example.invalid
R001794,S14,2026-02-02T14:57:00Z,2026-02-02T14:58:00Z,81.32,F,operator4@example.invalid
R001795,S15,2026-02-02T14:57:30Z,2026-02-02T14:58:30Z,27.50,C,operator0@example.invalid
R001796,S16,2026-02-02T14:58:00Z,2026-02-02T14:59:00Z,81.68,F,operator1@example.invalid
R001797,S17,2026-02-02T14:58:30Z,2026-02-02T14:59:30Z,27.70,C,operator2@example.invalid
R001798,S18,2026-02-02T14:59:00Z,2026-02-02T15:00:00Z,82.04,F,operator3@example.invalid
R001799, s19 ,2026-02-02T14:59:30Z,2026-02-02T15:00:30Z,27.90,C,operator4@example.invalid
R001800,S20,2026-02-02T15:00:00Z,2026-02-02T15:01:00Z,64.40,F,operator0@example.invalid
R001801,S01,2026-02-02T15:00:30Z,2026-02-02T15:01:30Z,18.10,C,operator1@example.invalid
R001802,S02,2026-02-02T15:01:00Z,2026-02-02T15:02:00Z,64.76,F,operator2@example.invalid
R001803,S03,2026-02-02T15:01:30Z,2026-02-02T15:02:30Z,18.30,C,operator3@example.invalid
R001804,S04,2026-02-02T15:02:00Z,2026-02-02T15:03:00Z,65.12, f ,operator4@example.invalid
R001805,S05,2026-02-02T15:02:30Z,2026-02-02T15:03:30Z,18.50,C,operator0@example.invalid
R001806, s06 ,2026-02-02T15:03:00Z,2026-02-02T15:04:00Z,65.48,F,operator1@example.invalid
R001807,S07,2026-02-02T15:03:30Z,2026-02-02T15:04:30Z,18.70,C,operator2@example.invalid
R001808,S08,2026-02-02T15:04:00Z,2026-02-02T15:05:00Z,65.84,F,operator3@example.invalid
R001809,S09,2026-02-02T15:04:30Z,2026-02-02T15:05:30Z,18.90,C,operator4@example.invalid
R001810,S10,2026-02-02T15:05:00Z,2026-02-02T15:06:00Z,66.20,F,operator0@example.invalid
R001811,S11,2026-02-02T15:05:30Z,2026-02-02T15:06:30Z,19.10,C,operator1@example.invalid
R001812,S12,2026-02-02T15:06:00Z,2026-02-02T15:07:00Z,66.56,F,operator2@example.invalid
R001813, s13 ,2026-02-02T15:06:30Z,2026-02-02T15:07:30Z,19.30,C,operator3@example.invalid
R001814,S14,2026-02-02T15:07:00Z,2026-02-02T15:08:00Z,66.92,F,operator4@example.invalid
R001815,S15,2026-02-02T15:07:30Z,2026-02-02T15:08:30Z,19.50, c ,operator0@example.invalid
R001816,S16,2026-02-02T15:08:00Z,2026-02-02T15:09:00Z,67.28,F,operator1@example.invalid
R001817,S17,2026-02-02T15:08:30Z,2026-02-02T15:09:30Z,19.70,C,operator2@example.invalid
R001818,S18,2026-02-02T15:09:00Z,2026-02-02T15:10:00Z,67.64,F,operator3@example.invalid
R001819,S19,2026-02-02T15:09:30Z,2026-02-02T15:10:30Z,19.90,C,operator4@example.invalid
R001820, s20 ,2026-02-02T15:10:00Z,2026-02-02T15:11:00Z,68.00,F,operator0@example.invalid
R001821,S01,2026-02-02T15:10:30Z,2026-02-02T15:11:30Z,20.10,C,operator1@example.invalid
R001822,S02,2026-02-02T15:11:00Z,2026-02-02T15:12:00Z,68.36,F,operator2@example.invalid
R001823,S03,2026-02-02T15:11:30Z,2026-02-02T15:12:30Z,20.30,C,operator3@example.invalid
R001824,S04,2026-02-02T15:12:00Z,2026-02-02T15:13:00Z,68.72,F,operator4@example.invalid
R001825,S05,2026-02-02T15:12:30Z,2026-02-02T15:13:30Z,20.50,C,operator0@example.invalid
R001826,S06,2026-02-02T15:13:00Z,2026-02-02T15:14:00Z,69.08, f ,operator1@example.invalid
R001827, s07 ,2026-02-02T15:13:30Z,2026-02-02T15:14:30Z,20.70,C,operator2@example.invalid
R001828,S08,2026-02-02T15:14:00Z,2026-02-02T15:15:00Z,69.44,F,operator3@example.invalid
R001829,S09,2026-02-02T15:14:30Z,2026-02-02T15:15:30Z,20.90,C,operator4@example.invalid
R001830,S10,2026-02-02T15:15:00Z,2026-02-02T15:16:00Z,69.80,F,operator0@example.invalid
R001831,S11,2026-02-02T15:15:30Z,2026-02-02T15:16:30Z,21.10,C,operator1@example.invalid
R001832,S12,2026-02-02T15:16:00Z,2026-02-02T15:17:00Z,70.16,F,operator2@example.invalid
R001833,S13,2026-02-02T15:16:30Z,2026-02-02T15:17:30Z,21.30,C,operator3@example.invalid
R001834, s14 ,2026-02-02T15:17:00Z,2026-02-02T15:18:00Z,70.52,F,operator4@example.invalid
R001835,S15,2026-02-02T15:17:30Z,2026-02-02T15:18:30Z,21.50,C,operator0@example.invalid
R001836,S16,2026-02-02T15:18:00Z,2026-02-02T15:19:00Z,70.88,F,operator1@example.invalid
R001837,S17,2026-02-02T15:18:30Z,2026-02-02T15:19:30Z,21.70, c ,operator2@example.invalid
R001838,S18,2026-02-02T15:19:00Z,2026-02-02T15:20:00Z,71.24,F,operator3@example.invalid
R001839,S19,2026-02-02T15:19:30Z,2026-02-02T15:20:30Z,21.90,C,operator4@example.invalid
R001840,S20,2026-02-02T15:20:00Z,2026-02-02T15:21:00Z,71.60,F,operator0@example.invalid
R001841, s01 ,2026-02-02T15:20:30Z,2026-02-02T15:21:30Z,22.10,C,operator1@example.invalid
R001842,S02,2026-02-02T15:21:00Z,2026-02-02T15:22:00Z,71.96,F,operator2@example.invalid
R001843,S03,2026-02-02T15:21:30Z,2026-02-02T15:22:30Z,22.30,C,operator3@example.invalid
R001844,S04,2026-02-02T15:22:00Z,2026-02-02T15:23:00Z,72.32,F,operator4@example.invalid
R001845,S05,2026-02-02T15:22:30Z,2026-02-02T15:23:30Z,22.50,C,operator0@example.invalid
R001846,S06,2026-02-02T15:23:00Z,2026-02-02T15:24:00Z,72.68,F,operator1@example.invalid
R001847,S07,2026-02-02T15:23:30Z,2026-02-02T15:24:30Z,22.70,C,operator2@example.invalid
R001848, s08 ,2026-02-02T15:24:00Z,2026-02-02T15:25:00Z,73.04, f ,operator3@example.invalid
R001849,S09,2026-02-02T15:24:30Z,2026-02-02T15:25:30Z,22.90,C,operator4@example.invalid
R001850,S10,2026-02-02T15:25:00Z,2026-02-02T15:26:00Z,73.40,F,operator0@example.invalid
R001851,S11,2026-02-02T15:25:30Z,2026-02-02T15:26:30Z,23.10,C,operator1@example.invalid
R001852,S12,2026-02-02T15:26:00Z,2026-02-02T15:27:00Z,73.76,F,operator2@example.invalid
R001853,S13,2026-02-02T15:26:30Z,2026-02-02T15:27:30Z,23.30,C,operator3@example.invalid
R001854,S14,2026-02-02T15:27:00Z,2026-02-02T15:28:00Z,74.12,F,operator4@example.invalid
R001855, s15 ,2026-02-02T15:27:30Z,2026-02-02T15:28:30Z,23.50,C,operator0@example.invalid
R001856,S16,2026-02-02T15:28:00Z,2026-02-02T15:29:00Z,74.48,F,operator1@example.invalid
R001857,S17,2026-02-02T15:28:30Z,2026-02-02T15:29:30Z,23.70,C,operator2@example.invalid
R001858,S18,2026-02-02T15:29:00Z,2026-02-02T15:30:00Z,74.84,F,operator3@example.invalid
R001859,S19,2026-02-02T15:29:30Z,2026-02-02T15:30:30Z,23.90, c ,operator4@example.invalid
R001860,S20,2026-02-02T15:30:00Z,2026-02-02T15:31:00Z,75.20,F,operator0@example.invalid
R001861,S01,2026-02-02T15:30:30Z,2026-02-02T15:31:30Z,24.10,C,operator1@example.invalid
R001862, s02 ,2026-02-02T15:31:00Z,2026-02-02T15:32:00Z,75.56,F,operator2@example.invalid
R001863,S03,2026-02-02T15:31:30Z,2026-02-02T15:32:30Z,24.30,C,operator3@example.invalid
R001864,S04,2026-02-02T15:32:00Z,2026-02-02T15:33:00Z,75.92,F,operator4@example.invalid
R001865,S05,2026-02-02T15:32:30Z,2026-02-02T15:33:30Z,24.50,C,operator0@example.invalid
R001866,S06,2026-02-02T15:33:00Z,2026-02-02T15:34:00Z,76.28,F,operator1@example.invalid
R001867,S07,2026-02-02T15:33:30Z,2026-02-02T15:34:30Z,24.70,C,operator2@example.invalid
R001868,S08,2026-02-02T15:34:00Z,2026-02-02T15:35:00Z,76.64,F,operator3@example.invalid
R001869, s09 ,2026-02-02T15:34:30Z,2026-02-02T15:35:30Z,24.90,C,operator4@example.invalid
R001870,S10,2026-02-02T15:35:00Z,2026-02-02T15:36:00Z,77.00, f ,operator0@example.invalid
R001871,S11,2026-02-02T15:35:30Z,2026-02-02T15:36:30Z,25.10,C,operator1@example.invalid
R001872,S12,2026-02-02T15:36:00Z,2026-02-02T15:37:00Z,77.36,F,operator2@example.invalid
R001873,S13,2026-02-02T15:36:30Z,2026-02-02T15:37:30Z,25.30,C,operator3@example.invalid
R001874,S14,2026-02-02T15:37:00Z,2026-02-02T15:38:00Z,77.72,F,operator4@example.invalid
R001875,S15,2026-02-02T15:37:30Z,2026-02-02T15:38:30Z,25.50,C,operator0@example.invalid
R001876, s16 ,2026-02-02T15:38:00Z,2026-02-02T15:39:00Z,78.08,F,operator1@example.invalid
R001877,S17,2026-02-02T15:38:30Z,2026-02-02T15:39:30Z,25.70,C,operator2@example.invalid
R001878,S18,2026-02-02T15:39:00Z,2026-02-02T15:40:00Z,78.44,F,operator3@example.invalid
R001879,S19,2026-02-02T15:39:30Z,2026-02-02T15:40:30Z,25.90,C,operator4@example.invalid
R001880,S20,2026-02-02T15:40:00Z,2026-02-02T15:41:00Z,78.80,F,operator0@example.invalid
R001881,S01,2026-02-02T15:40:30Z,2026-02-02T15:41:30Z,26.10, c ,operator1@example.invalid
R001882,S02,2026-02-02T15:41:00Z,2026-02-02T15:42:00Z,79.16,F,operator2@example.invalid
R001883, s03 ,2026-02-02T15:41:30Z,2026-02-02T15:42:30Z,26.30,C,operator3@example.invalid
R001884,S04,2026-02-02T15:42:00Z,2026-02-02T15:43:00Z,79.52,F,operator4@example.invalid
R001885,S05,2026-02-02T15:42:30Z,2026-02-02T15:43:30Z,26.50,C,operator0@example.invalid
R001886,S06,2026-02-02T15:43:00Z,2026-02-02T15:44:00Z,79.88,F,operator1@example.invalid
R001887,S07,2026-02-02T15:43:30Z,2026-02-02T15:44:30Z,26.70,C,operator2@example.invalid
R001888,S08,2026-02-02T15:44:00Z,2026-02-02T15:45:00Z,80.24,F,operator3@example.invalid
R001889,S09,2026-02-02T15:44:30Z,2026-02-02T15:45:30Z,26.90,C,operator4@example.invalid
R001890, s10 ,2026-02-02T15:45:00Z,2026-02-02T15:46:00Z,80.60,F,operator0@example.invalid
R001891,S11,2026-02-02T15:45:30Z,2026-02-02T15:46:30Z,27.10,C,operator1@example.invalid
R001892,S12,2026-02-02T15:46:00Z,2026-02-02T15:47:00Z,80.96, f ,operator2@example.invalid
R001893,S13,2026-02-02T15:46:30Z,2026-02-02T15:47:30Z,27.30,C,operator3@example.invalid
R001894,S14,2026-02-02T15:47:00Z,2026-02-02T15:48:00Z,81.32,F,operator4@example.invalid
R001895,S15,2026-02-02T15:47:30Z,2026-02-02T15:48:30Z,27.50,C,operator0@example.invalid
R001896,S16,2026-02-02T15:48:00Z,2026-02-02T15:49:00Z,81.68,F,operator1@example.invalid
R001897, s17 ,2026-02-02T15:48:30Z,2026-02-02T15:49:30Z,27.70,C,operator2@example.invalid
R001898,S18,2026-02-02T15:49:00Z,2026-02-02T15:50:00Z,82.04,F,operator3@example.invalid
R001899,S19,2026-02-02T15:49:30Z,2026-02-02T15:50:30Z,27.90,C,operator4@example.invalid
R001900,S20,2026-02-02T15:50:00Z,2026-02-02T15:51:00Z,64.40,F,operator0@example.invalid
R001901,S01,2026-02-02T15:50:30Z,2026-02-02T15:51:30Z,18.10,C,operator1@example.invalid
R001902,S02,2026-02-02T15:51:00Z,2026-02-02T15:52:00Z,64.76,F,operator2@example.invalid
R001903,S03,2026-02-02T15:51:30Z,2026-02-02T15:52:30Z,18.30, c ,operator3@example.invalid
R001904, s04 ,2026-02-02T15:52:00Z,2026-02-02T15:53:00Z,65.12,F,operator4@example.invalid
R001905,S05,2026-02-02T15:52:30Z,2026-02-02T15:53:30Z,18.50,C,operator0@example.invalid
R001906,S06,2026-02-02T15:53:00Z,2026-02-02T15:54:00Z,65.48,F,operator1@example.invalid
R001907,S07,2026-02-02T15:53:30Z,2026-02-02T15:54:30Z,18.70,C,operator2@example.invalid
R001908,S08,2026-02-02T15:54:00Z,2026-02-02T15:55:00Z,65.84,F,operator3@example.invalid
R001909,S09,2026-02-02T15:54:30Z,2026-02-02T15:55:30Z,18.90,C,operator4@example.invalid
R001910,S10,2026-02-02T15:55:00Z,2026-02-02T15:56:00Z,66.20,F,operator0@example.invalid
R001911, s11 ,2026-02-02T15:55:30Z,2026-02-02T15:56:30Z,19.10,C,operator1@example.invalid
R001912,S12,2026-02-02T15:56:00Z,2026-02-02T15:57:00Z,66.56,F,operator2@example.invalid
R001913,S13,2026-02-02T15:56:30Z,2026-02-02T15:57:30Z,19.30,C,operator3@example.invalid
R001914,S14,2026-02-02T15:57:00Z,2026-02-02T15:58:00Z,66.92, f ,operator4@example.invalid
R001915,S15,2026-02-02T15:57:30Z,2026-02-02T15:58:30Z,19.50,C,operator0@example.invalid
R001916,S16,2026-02-02T15:58:00Z,2026-02-02T15:59:00Z,67.28,F,operator1@example.invalid
R001917,S17,2026-02-02T15:58:30Z,2026-02-02T15:59:30Z,19.70,C,operator2@example.invalid
R001918, s18 ,2026-02-02T15:59:00Z,2026-02-02T16:00:00Z,67.64,F,operator3@example.invalid
R001919,S19,2026-02-02T15:59:30Z,2026-02-02T16:00:30Z,19.90,C,operator4@example.invalid
R001920,S20,2026-02-02T16:00:00Z,2026-02-02T16:01:00Z,68.00,F,operator0@example.invalid
R001921,S01,2026-02-02T16:00:30Z,2026-02-02T16:01:30Z,20.10,C,operator1@example.invalid
R001922,S02,2026-02-02T16:01:00Z,2026-02-02T16:02:00Z,68.36,F,operator2@example.invalid
R001923,S03,2026-02-02T16:01:30Z,2026-02-02T16:02:30Z,20.30,C,operator3@example.invalid
R001924,S04,2026-02-02T16:02:00Z,2026-02-02T16:03:00Z,68.72,F,operator4@example.invalid
R001925, s05 ,2026-02-02T16:02:30Z,2026-02-02T16:03:30Z,20.50, c ,operator0@example.invalid
R001926,S06,2026-02-02T16:03:00Z,2026-02-02T16:04:00Z,69.08,F,operator1@example.invalid
R001927,S07,2026-02-02T16:03:30Z,2026-02-02T16:04:30Z,20.70,C,operator2@example.invalid
R001928,S08,2026-02-02T16:04:00Z,2026-02-02T16:05:00Z,69.44,F,operator3@example.invalid
R001929,S09,2026-02-02T16:04:30Z,2026-02-02T16:05:30Z,20.90,C,operator4@example.invalid
R001930,S10,2026-02-02T16:05:00Z,2026-02-02T16:06:00Z,69.80,F,operator0@example.invalid
R001931,S11,2026-02-02T16:05:30Z,2026-02-02T16:06:30Z,21.10,C,operator1@example.invalid
R001932, s12 ,2026-02-02T16:06:00Z,2026-02-02T16:07:00Z,70.16,F,operator2@example.invalid
R001933,S13,2026-02-02T16:06:30Z,2026-02-02T16:07:30Z,21.30,C,operator3@example.invalid
R001934,S14,2026-02-02T16:07:00Z,2026-02-02T16:08:00Z,70.52,F,operator4@example.invalid
R001935,S15,2026-02-02T16:07:30Z,2026-02-02T16:08:30Z,21.50,C,operator0@example.invalid
R001936,S16,2026-02-02T16:08:00Z,2026-02-02T16:09:00Z,70.88, f ,operator1@example.invalid
R001937,S17,2026-02-02T16:08:30Z,2026-02-02T16:09:30Z,21.70,C,operator2@example.invalid
R001938,S18,2026-02-02T16:09:00Z,2026-02-02T16:10:00Z,71.24,F,operator3@example.invalid
R001939, s19 ,2026-02-02T16:09:30Z,2026-02-02T16:10:30Z,21.90,C,operator4@example.invalid
R001940,S20,2026-02-02T16:10:00Z,2026-02-02T16:11:00Z,71.60,F,operator0@example.invalid
R001941,S01,2026-02-02T16:10:30Z,2026-02-02T16:11:30Z,22.10,C,operator1@example.invalid
R001942,S02,2026-02-02T16:11:00Z,2026-02-02T16:12:00Z,71.96,F,operator2@example.invalid
R001943,S03,2026-02-02T16:11:30Z,2026-02-02T16:12:30Z,22.30,C,operator3@example.invalid
R001944,S04,2026-02-02T16:12:00Z,2026-02-02T16:13:00Z,72.32,F,operator4@example.invalid
R001945,S05,2026-02-02T16:12:30Z,2026-02-02T16:13:30Z,22.50,C,operator0@example.invalid
R001946, s06 ,2026-02-02T16:13:00Z,2026-02-02T16:14:00Z,72.68,F,operator1@example.invalid
R001947,S07,2026-02-02T16:13:30Z,2026-02-02T16:14:30Z,22.70, c ,operator2@example.invalid
R001948,S08,2026-02-02T16:14:00Z,2026-02-02T16:15:00Z,73.04,F,operator3@example.invalid
R001949,S09,2026-02-02T16:14:30Z,2026-02-02T16:15:30Z,22.90,C,operator4@example.invalid
R001950,S10,2026-02-02T16:15:00Z,2026-02-02T16:16:00Z,73.40,F,operator0@example.invalid
R001951,S11,2026-02-02T16:15:30Z,2026-02-02T16:16:30Z,23.10,C,operator1@example.invalid
R001952,S12,2026-02-02T16:16:00Z,2026-02-02T16:17:00Z,73.76,F,operator2@example.invalid
R001953, s13 ,2026-02-02T16:16:30Z,2026-02-02T16:17:30Z,23.30,C,operator3@example.invalid
R001954,S14,2026-02-02T16:17:00Z,2026-02-02T16:18:00Z,74.12,F,operator4@example.invalid
R001955,S15,2026-02-02T16:17:30Z,2026-02-02T16:18:30Z,23.50,C,operator0@example.invalid
R001956,S16,2026-02-02T16:18:00Z,2026-02-02T16:19:00Z,74.48,F,operator1@example.invalid
R001957,S17,2026-02-02T16:18:30Z,2026-02-02T16:19:30Z,23.70,C,operator2@example.invalid
R001958,S18,2026-02-02T16:19:00Z,2026-02-02T16:20:00Z,74.84, f ,operator3@example.invalid
R001959,S19,2026-02-02T16:19:30Z,2026-02-02T16:20:30Z,23.90,C,operator4@example.invalid
R001960, s20 ,2026-02-02T16:20:00Z,2026-02-02T16:21:00Z,75.20,F,operator0@example.invalid
R001961,S01,2026-02-02T16:20:30Z,2026-02-02T16:21:30Z,24.10,C,operator1@example.invalid
R001962,S02,2026-02-02T16:21:00Z,2026-02-02T16:22:00Z,75.56,F,operator2@example.invalid
R001963,S03,2026-02-02T16:21:30Z,2026-02-02T16:22:30Z,24.30,C,operator3@example.invalid
R001964,S04,2026-02-02T16:22:00Z,2026-02-02T16:23:00Z,75.92,F,operator4@example.invalid
R001965,S05,2026-02-02T16:22:30Z,2026-02-02T16:23:30Z,24.50,C,operator0@example.invalid
R001966,S06,2026-02-02T16:23:00Z,2026-02-02T16:24:00Z,76.28,F,operator1@example.invalid
R001967, s07 ,2026-02-02T16:23:30Z,2026-02-02T16:24:30Z,24.70,C,operator2@example.invalid
R001968,S08,2026-02-02T16:24:00Z,2026-02-02T16:25:00Z,76.64,F,operator3@example.invalid
R001969,S09,2026-02-02T16:24:30Z,2026-02-02T16:25:30Z,24.90, c ,operator4@example.invalid
R001970,S10,2026-02-02T16:25:00Z,2026-02-02T16:26:00Z,77.00,F,operator0@example.invalid
R001971,S11,2026-02-02T16:25:30Z,2026-02-02T16:26:30Z,25.10,C,operator1@example.invalid
R001972,S12,2026-02-02T16:26:00Z,2026-02-02T16:27:00Z,77.36,F,operator2@example.invalid
R001973,S13,2026-02-02T16:26:30Z,2026-02-02T16:27:30Z,25.30,C,operator3@example.invalid
R001974, s14 ,2026-02-02T16:27:00Z,2026-02-02T16:28:00Z,77.72,F,operator4@example.invalid
R001975,S15,2026-02-02T16:27:30Z,2026-02-02T16:28:30Z,25.50,C,operator0@example.invalid
R001976,S16,2026-02-02T16:28:00Z,2026-02-02T16:29:00Z,78.08,F,operator1@example.invalid
R001977,S17,2026-02-02T16:28:30Z,2026-02-02T16:29:30Z,25.70,C,operator2@example.invalid
R001978,S18,2026-02-02T16:29:00Z,2026-02-02T16:30:00Z,78.44,F,operator3@example.invalid
R001979,S19,2026-02-02T16:29:30Z,2026-02-02T16:30:30Z,25.90,C,operator4@example.invalid
R001980,S20,2026-02-02T16:30:00Z,2026-02-02T16:31:00Z,78.80, f ,operator0@example.invalid
R001981, s01 ,2026-02-02T16:30:30Z,2026-02-02T16:31:30Z,26.10,C,operator1@example.invalid
R001982,S02,2026-02-02T16:31:00Z,2026-02-02T16:32:00Z,79.16,F,operator2@example.invalid
R001983,S03,2026-02-02T16:31:30Z,2026-02-02T16:32:30Z,26.30,C,operator3@example.invalid
R001984,S04,2026-02-02T16:32:00Z,2026-02-02T16:33:00Z,79.52,F,operator4@example.invalid
R001985,S05,2026-02-02T16:32:30Z,2026-02-02T16:33:30Z,26.50,C,operator0@example.invalid
R001986,S06,2026-02-02T16:33:00Z,2026-02-02T16:34:00Z,79.88,F,operator1@example.invalid
R001987,S07,2026-02-02T16:33:30Z,2026-02-02T16:34:30Z,26.70,C,operator2@example.invalid
R001988, s08 ,2026-02-02T16:34:00Z,2026-02-02T16:35:00Z,80.24,F,operator3@example.invalid
R001989,S09,2026-02-02T16:34:30Z,2026-02-02T16:35:30Z,26.90,C,operator4@example.invalid
R001990,S10,2026-02-02T16:35:00Z,2026-02-02T16:36:00Z,80.60,F,operator0@example.invalid
R001991,S11,2026-02-02T16:35:30Z,2026-02-02T16:36:30Z,27.10, c ,operator1@example.invalid
R001992,S12,2026-02-02T16:36:00Z,2026-02-02T16:37:00Z,80.96,F,operator2@example.invalid
R001993,S13,2026-02-02T16:36:30Z,2026-02-02T16:37:30Z,27.30,C,operator3@example.invalid
R001994,S14,2026-02-02T16:37:00Z,2026-02-02T16:38:00Z,81.32,F,operator4@example.invalid
R001995, s15 ,2026-02-02T16:37:30Z,2026-02-02T16:38:30Z,27.50,C,operator0@example.invalid
R001996,S16,2026-02-02T16:38:00Z,2026-02-02T16:39:00Z,81.68,F,operator1@example.invalid
R001997,S17,2026-02-02T16:38:30Z,2026-02-02T16:39:30Z,27.70,C,operator2@example.invalid
R001998,S18,2026-02-02T16:39:00Z,2026-02-02T16:40:00Z,82.04,F,operator3@example.invalid
R001999,S19,2026-02-02T16:39:30Z,2026-02-02T16:40:30Z,27.90,C,operator4@example.invalid
R002000,S20,2026-02-02T16:40:00Z,2026-02-02T16:41:00Z,64.40,F,operator0@example.invalid
R002001,S01,2026-02-02T16:40:30Z,2026-02-02T16:41:30Z,18.10,C,operator1@example.invalid
R002002, s02 ,2026-02-02T16:41:00Z,2026-02-02T16:42:00Z,64.76, f ,operator2@example.invalid
R002003,S03,2026-02-02T16:41:30Z,2026-02-02T16:42:30Z,18.30,C,operator3@example.invalid
R002004,S04,2026-02-02T16:42:00Z,2026-02-02T16:43:00Z,65.12,F,operator4@example.invalid
R002005,S05,2026-02-02T16:42:30Z,2026-02-02T16:43:30Z,18.50,C,operator0@example.invalid
R002006,S06,2026-02-02T16:43:00Z,2026-02-02T16:44:00Z,65.48,F,operator1@example.invalid
R002007,S07,2026-02-02T16:43:30Z,2026-02-02T16:44:30Z,18.70,C,operator2@example.invalid
R002008,S08,2026-02-02T16:44:00Z,2026-02-02T16:45:00Z,65.84,F,operator3@example.invalid
R002009, s09 ,2026-02-02T16:44:30Z,2026-02-02T16:45:30Z,18.90,C,operator4@example.invalid
R002010,S10,2026-02-02T16:45:00Z,2026-02-02T16:46:00Z,66.20,F,operator0@example.invalid
R002011,S11,2026-02-02T16:45:30Z,2026-02-02T16:46:30Z,19.10,C,operator1@example.invalid
R002012,S12,2026-02-02T16:46:00Z,2026-02-02T16:47:00Z,66.56,F,operator2@example.invalid
R002013,S13,2026-02-02T16:46:30Z,2026-02-02T16:47:30Z,19.30, c ,operator3@example.invalid
R002014,S14,2026-02-02T16:47:00Z,2026-02-02T16:48:00Z,66.92,F,operator4@example.invalid
R002015,S15,2026-02-02T16:47:30Z,2026-02-02T16:48:30Z,19.50,C,operator0@example.invalid
R002016, s16 ,2026-02-02T16:48:00Z,2026-02-02T16:49:00Z,67.28,F,operator1@example.invalid
R002017,S17,2026-02-02T16:48:30Z,2026-02-02T16:49:30Z,19.70,C,operator2@example.invalid
R002018,S18,2026-02-02T16:49:00Z,2026-02-02T16:50:00Z,67.64,F,operator3@example.invalid
R002019,S19,2026-02-02T16:49:30Z,2026-02-02T16:50:30Z,19.90,C,operator4@example.invalid
R002020,S20,2026-02-02T16:50:00Z,2026-02-02T16:51:00Z,68.00,F,operator0@example.invalid
R002021,S01,2026-02-02T16:50:30Z,2026-02-02T16:51:30Z,20.10,C,operator1@example.invalid
R002022,S02,2026-02-02T16:51:00Z,2026-02-02T16:52:00Z,68.36,F,operator2@example.invalid
R002023, s03 ,2026-02-02T16:51:30Z,2026-02-02T16:52:30Z,20.30,C,operator3@example.invalid
R002024,S04,2026-02-02T16:52:00Z,2026-02-02T16:53:00Z,68.72, f ,operator4@example.invalid
R002025,S05,2026-02-02T16:52:30Z,2026-02-02T16:53:30Z,20.50,C,operator0@example.invalid
R002026,S06,2026-02-02T16:53:00Z,2026-02-02T16:54:00Z,69.08,F,operator1@example.invalid
R002027,S07,2026-02-02T16:53:30Z,2026-02-02T16:54:30Z,20.70,C,operator2@example.invalid
R002028,S08,2026-02-02T16:54:00Z,2026-02-02T16:55:00Z,69.44,F,operator3@example.invalid
R002029,S09,2026-02-02T16:54:30Z,2026-02-02T16:55:30Z,20.90,C,operator4@example.invalid
R002030, s10 ,2026-02-02T16:55:00Z,2026-02-02T16:56:00Z,69.80,F,operator0@example.invalid
R002031,S11,2026-02-02T16:55:30Z,2026-02-02T16:56:30Z,21.10,C,operator1@example.invalid
R002032,S12,2026-02-02T16:56:00Z,2026-02-02T16:57:00Z,70.16,F,operator2@example.invalid
R002033,S13,2026-02-02T16:56:30Z,2026-02-02T16:57:30Z,21.30,C,operator3@example.invalid
R002034,S14,2026-02-02T16:57:00Z,2026-02-02T16:58:00Z,70.52,F,operator4@example.invalid
R002035,S15,2026-02-02T16:57:30Z,2026-02-02T16:58:30Z,21.50, c ,operator0@example.invalid
R002036,S16,2026-02-02T16:58:00Z,2026-02-02T16:59:00Z,70.88,F,operator1@example.invalid
R002037, s17 ,2026-02-02T16:58:30Z,2026-02-02T16:59:30Z,21.70,C,operator2@example.invalid
R002038,S18,2026-02-02T16:59:00Z,2026-02-02T17:00:00Z,71.24,F,operator3@example.invalid
R002039,S19,2026-02-02T16:59:30Z,2026-02-02T17:00:30Z,21.90,C,operator4@example.invalid
R002040,S20,2026-02-02T17:00:00Z,2026-02-02T17:01:00Z,71.60,F,operator0@example.invalid
R002041,S01,2026-02-02T17:00:30Z,2026-02-02T17:01:30Z,22.10,C,operator1@example.invalid
R002042,S02,2026-02-02T17:01:00Z,2026-02-02T17:02:00Z,71.96,F,operator2@example.invalid
R002043,S03,2026-02-02T17:01:30Z,2026-02-02T17:02:30Z,22.30,C,operator3@example.invalid
R002044, s04 ,2026-02-02T17:02:00Z,2026-02-02T17:03:00Z,72.32,F,operator4@example.invalid
R002045,S05,2026-02-02T17:02:30Z,2026-02-02T17:03:30Z,22.50,C,operator0@example.invalid
R002046,S06,2026-02-02T17:03:00Z,2026-02-02T17:04:00Z,72.68, f ,operator1@example.invalid
R002047,S07,2026-02-02T17:03:30Z,2026-02-02T17:04:30Z,22.70,C,operator2@example.invalid
R002048,S08,2026-02-02T17:04:00Z,2026-02-02T17:05:00Z,73.04,F,operator3@example.invalid
R002049,S09,2026-02-02T17:04:30Z,2026-02-02T17:05:30Z,22.90,C,operator4@example.invalid
R002050,S10,2026-02-02T17:05:00Z,2026-02-02T17:06:00Z,73.40,F,operator0@example.invalid
R002051, s11 ,2026-02-02T17:05:30Z,2026-02-02T17:06:30Z,23.10,C,operator1@example.invalid
R002052,S12,2026-02-02T17:06:00Z,2026-02-02T17:07:00Z,73.76,F,operator2@example.invalid
R002053,S13,2026-02-02T17:06:30Z,2026-02-02T17:07:30Z,23.30,C,operator3@example.invalid
R002054,S14,2026-02-02T17:07:00Z,2026-02-02T17:08:00Z,74.12,F,operator4@example.invalid
R002055,S15,2026-02-02T17:07:30Z,2026-02-02T17:08:30Z,23.50,C,operator0@example.invalid
R002056,S16,2026-02-02T17:08:00Z,2026-02-02T17:09:00Z,74.48,F,operator1@example.invalid
R002057,S17,2026-02-02T17:08:30Z,2026-02-02T17:09:30Z,23.70, c ,operator2@example.invalid
R002058, s18 ,2026-02-02T17:09:00Z,2026-02-02T17:10:00Z,74.84,F,operator3@example.invalid
R002059,S19,2026-02-02T17:09:30Z,2026-02-02T17:10:30Z,23.90,C,operator4@example.invalid
R002060,S20,2026-02-02T17:10:00Z,2026-02-02T17:11:00Z,75.20,F,operator0@example.invalid
R002061,S01,2026-02-02T17:10:30Z,2026-02-02T17:11:30Z,24.10,C,operator1@example.invalid
R002062,S02,2026-02-02T17:11:00Z,2026-02-02T17:12:00Z,75.56,F,operator2@example.invalid
R002063,S03,2026-02-02T17:11:30Z,2026-02-02T17:12:30Z,24.30,C,operator3@example.invalid
R002064,S04,2026-02-02T17:12:00Z,2026-02-02T17:13:00Z,75.92,F,operator4@example.invalid
R002065, s05 ,2026-02-02T17:12:30Z,2026-02-02T17:13:30Z,24.50,C,operator0@example.invalid
R002066,S06,2026-02-02T17:13:00Z,2026-02-02T17:14:00Z,76.28,F,operator1@example.invalid
R002067,S07,2026-02-02T17:13:30Z,2026-02-02T17:14:30Z,24.70,C,operator2@example.invalid
R002068,S08,2026-02-02T17:14:00Z,2026-02-02T17:15:00Z,76.64, f ,operator3@example.invalid
R002069,S09,2026-02-02T17:14:30Z,2026-02-02T17:15:30Z,24.90,C,operator4@example.invalid
R002070,S10,2026-02-02T17:15:00Z,2026-02-02T17:16:00Z,77.00,F,operator0@example.invalid
R002071,S11,2026-02-02T17:15:30Z,2026-02-02T17:16:30Z,25.10,C,operator1@example.invalid
R002072, s12 ,2026-02-02T17:16:00Z,2026-02-02T17:17:00Z,77.36,F,operator2@example.invalid
R002073,S13,2026-02-02T17:16:30Z,2026-02-02T17:17:30Z,25.30,C,operator3@example.invalid
R002074,S14,2026-02-02T17:17:00Z,2026-02-02T17:18:00Z,77.72,F,operator4@example.invalid
R002075,S15,2026-02-02T17:17:30Z,2026-02-02T17:18:30Z,25.50,C,operator0@example.invalid
R002076,S16,2026-02-02T17:18:00Z,2026-02-02T17:19:00Z,78.08,F,operator1@example.invalid
R002077,S17,2026-02-02T17:18:30Z,2026-02-02T17:19:30Z,25.70,C,operator2@example.invalid
R002078,S18,2026-02-02T17:19:00Z,2026-02-02T17:20:00Z,78.44,F,operator3@example.invalid
R002079, s19 ,2026-02-02T17:19:30Z,2026-02-02T17:20:30Z,25.90, c ,operator4@example.invalid
R002080,S20,2026-02-02T17:20:00Z,2026-02-02T17:21:00Z,78.80,F,operator0@example.invalid
R002081,S01,2026-02-02T17:20:30Z,2026-02-02T17:21:30Z,26.10,C,operator1@example.invalid
R002082,S02,2026-02-02T17:21:00Z,2026-02-02T17:22:00Z,79.16,F,operator2@example.invalid
R002083,S03,2026-02-02T17:21:30Z,2026-02-02T17:22:30Z,26.30,C,operator3@example.invalid
R002084,S04,2026-02-02T17:22:00Z,2026-02-02T17:23:00Z,79.52,F,operator4@example.invalid
R002085,S05,2026-02-02T17:22:30Z,2026-02-02T17:23:30Z,26.50,C,operator0@example.invalid
R002086, s06 ,2026-02-02T17:23:00Z,2026-02-02T17:24:00Z,79.88,F,operator1@example.invalid
R002087,S07,2026-02-02T17:23:30Z,2026-02-02T17:24:30Z,26.70,C,operator2@example.invalid
R002088,S08,2026-02-02T17:24:00Z,2026-02-02T17:25:00Z,80.24,F,operator3@example.invalid
R002089,S09,2026-02-02T17:24:30Z,2026-02-02T17:25:30Z,26.90,C,operator4@example.invalid
R002090,S10,2026-02-02T17:25:00Z,2026-02-02T17:26:00Z,80.60, f ,operator0@example.invalid
R002091,S11,2026-02-02T17:25:30Z,2026-02-02T17:26:30Z,27.10,C,operator1@example.invalid
R002092,S12,2026-02-02T17:26:00Z,2026-02-02T17:27:00Z,80.96,F,operator2@example.invalid
R002093, s13 ,2026-02-02T17:26:30Z,2026-02-02T17:27:30Z,27.30,C,operator3@example.invalid
R002094,S14,2026-02-02T17:27:00Z,2026-02-02T17:28:00Z,81.32,F,operator4@example.invalid
R002095,S15,2026-02-02T17:27:30Z,2026-02-02T17:28:30Z,27.50,C,operator0@example.invalid
R002096,S16,2026-02-02T17:28:00Z,2026-02-02T17:29:00Z,81.68,F,operator1@example.invalid
R002097,S17,2026-02-02T17:28:30Z,2026-02-02T17:29:30Z,27.70,C,operator2@example.invalid
R002098,S18,2026-02-02T17:29:00Z,2026-02-02T17:30:00Z,82.04,F,operator3@example.invalid
R002099,S19,2026-02-02T17:29:30Z,2026-02-02T17:30:30Z,27.90,C,operator4@example.invalid
R002100, s20 ,2026-02-02T17:30:00Z,2026-02-02T17:31:00Z,64.40,F,operator0@example.invalid
R002101,S01,2026-02-02T17:30:30Z,2026-02-02T17:31:30Z,18.10, c ,operator1@example.invalid
R002102,S02,2026-02-02T17:31:00Z,2026-02-02T17:32:00Z,64.76,F,operator2@example.invalid
R002103,S03,2026-02-02T17:31:30Z,2026-02-02T17:32:30Z,18.30,C,operator3@example.invalid
R002104,S04,2026-02-02T17:32:00Z,2026-02-02T17:33:00Z,65.12,F,operator4@example.invalid
R002105,S05,2026-02-02T17:32:30Z,2026-02-02T17:33:30Z,18.50,C,operator0@example.invalid
R002106,S06,2026-02-02T17:33:00Z,2026-02-02T17:34:00Z,65.48,F,operator1@example.invalid
R002107, s07 ,2026-02-02T17:33:30Z,2026-02-02T17:34:30Z,18.70,C,operator2@example.invalid
R002108,S08,2026-02-02T17:34:00Z,2026-02-02T17:35:00Z,65.84,F,operator3@example.invalid
R002109,S09,2026-02-02T17:34:30Z,2026-02-02T17:35:30Z,18.90,C,operator4@example.invalid
R002110,S10,2026-02-02T17:35:00Z,2026-02-02T17:36:00Z,66.20,F,operator0@example.invalid
R002111,S11,2026-02-02T17:35:30Z,2026-02-02T17:36:30Z,19.10,C,operator1@example.invalid
R002112,S12,2026-02-02T17:36:00Z,2026-02-02T17:37:00Z,66.56, f ,operator2@example.invalid
R002113,S13,2026-02-02T17:36:30Z,2026-02-02T17:37:30Z,19.30,C,operator3@example.invalid
R002114, s14 ,2026-02-02T17:37:00Z,2026-02-02T17:38:00Z,66.92,F,operator4@example.invalid
R002115,S15,2026-02-02T17:37:30Z,2026-02-02T17:38:30Z,19.50,C,operator0@example.invalid
R002116,S16,2026-02-02T17:38:00Z,2026-02-02T17:39:00Z,67.28,F,operator1@example.invalid
R002117,S17,2026-02-02T17:38:30Z,2026-02-02T17:39:30Z,19.70,C,operator2@example.invalid
R002118,S18,2026-02-02T17:39:00Z,2026-02-02T17:40:00Z,67.64,F,operator3@example.invalid
R002119,S19,2026-02-02T17:39:30Z,2026-02-02T17:40:30Z,19.90,C,operator4@example.invalid
R002120,S20,2026-02-02T17:40:00Z,2026-02-02T17:41:00Z,68.00,F,operator0@example.invalid
R002121, s01 ,2026-02-02T17:40:30Z,2026-02-02T17:41:30Z,20.10,C,operator1@example.invalid
R002122,S02,2026-02-02T17:41:00Z,2026-02-02T17:42:00Z,68.36,F,operator2@example.invalid
R002123,S03,2026-02-02T17:41:30Z,2026-02-02T17:42:30Z,20.30, c ,operator3@example.invalid
R002124,S04,2026-02-02T17:42:00Z,2026-02-02T17:43:00Z,68.72,F,operator4@example.invalid
R002125,S05,2026-02-02T17:42:30Z,2026-02-02T17:43:30Z,20.50,C,operator0@example.invalid
R002126,S06,2026-02-02T17:43:00Z,2026-02-02T17:44:00Z,69.08,F,operator1@example.invalid
R002127,S07,2026-02-02T17:43:30Z,2026-02-02T17:44:30Z,20.70,C,operator2@example.invalid
R002128, s08 ,2026-02-02T17:44:00Z,2026-02-02T17:45:00Z,69.44,F,operator3@example.invalid
R002129,S09,2026-02-02T17:44:30Z,2026-02-02T17:45:30Z,20.90,C,operator4@example.invalid
R002130,S10,2026-02-02T17:45:00Z,2026-02-02T17:46:00Z,69.80,F,operator0@example.invalid
R002131,S11,2026-02-02T17:45:30Z,2026-02-02T17:46:30Z,21.10,C,operator1@example.invalid
R002132,S12,2026-02-02T17:46:00Z,2026-02-02T17:47:00Z,70.16,F,operator2@example.invalid
R002133,S13,2026-02-02T17:46:30Z,2026-02-02T17:47:30Z,21.30,C,operator3@example.invalid
R002134,S14,2026-02-02T17:47:00Z,2026-02-02T17:48:00Z,70.52, f ,operator4@example.invalid
R002135, s15 ,2026-02-02T17:47:30Z,2026-02-02T17:48:30Z,21.50,C,operator0@example.invalid
R002136,S16,2026-02-02T17:48:00Z,2026-02-02T17:49:00Z,70.88,F,operator1@example.invalid
R002137,S17,2026-02-02T17:48:30Z,2026-02-02T17:49:30Z,21.70,C,operator2@example.invalid
R002138,S18,2026-02-02T17:49:00Z,2026-02-02T17:50:00Z,71.24,F,operator3@example.invalid
R002139,S19,2026-02-02T17:49:30Z,2026-02-02T17:50:30Z,21.90,C,operator4@example.invalid
R002140,S20,2026-02-02T17:50:00Z,2026-02-02T17:51:00Z,71.60,F,operator0@example.invalid
R002141,S01,2026-02-02T17:50:30Z,2026-02-02T17:51:30Z,22.10,C,operator1@example.invalid
R002142, s02 ,2026-02-02T17:51:00Z,2026-02-02T17:52:00Z,71.96,F,operator2@example.invalid
R002143,S03,2026-02-02T17:51:30Z,2026-02-02T17:52:30Z,22.30,C,operator3@example.invalid
R002144,S04,2026-02-02T17:52:00Z,2026-02-02T17:53:00Z,72.32,F,operator4@example.invalid
R002145,S05,2026-02-02T17:52:30Z,2026-02-02T17:53:30Z,22.50, c ,operator0@example.invalid
R002146,S06,2026-02-02T17:53:00Z,2026-02-02T17:54:00Z,72.68,F,operator1@example.invalid
R002147,S07,2026-02-02T17:53:30Z,2026-02-02T17:54:30Z,22.70,C,operator2@example.invalid
R002148,S08,2026-02-02T17:54:00Z,2026-02-02T17:55:00Z,73.04,F,operator3@example.invalid
R002149, s09 ,2026-02-02T17:54:30Z,2026-02-02T17:55:30Z,22.90,C,operator4@example.invalid
R002150,S10,2026-02-02T17:55:00Z,2026-02-02T17:56:00Z,73.40,F,operator0@example.invalid
R002151,S11,2026-02-02T17:55:30Z,2026-02-02T17:56:30Z,23.10,C,operator1@example.invalid
R002152,S12,2026-02-02T17:56:00Z,2026-02-02T17:57:00Z,73.76,F,operator2@example.invalid
R002153,S13,2026-02-02T17:56:30Z,2026-02-02T17:57:30Z,23.30,C,operator3@example.invalid
R002154,S14,2026-02-02T17:57:00Z,2026-02-02T17:58:00Z,74.12,F,operator4@example.invalid
R002155,S15,2026-02-02T17:57:30Z,2026-02-02T17:58:30Z,23.50,C,operator0@example.invalid
R002156, s16 ,2026-02-02T17:58:00Z,2026-02-02T17:59:00Z,74.48, f ,operator1@example.invalid
R002157,S17,2026-02-02T17:58:30Z,2026-02-02T17:59:30Z,23.70,C,operator2@example.invalid
R002158,S18,2026-02-02T17:59:00Z,2026-02-02T18:00:00Z,74.84,F,operator3@example.invalid
R002159,S19,2026-02-02T17:59:30Z,2026-02-02T18:00:30Z,23.90,C,operator4@example.invalid
R002160,S20,2026-02-02T18:00:00Z,2026-02-02T18:01:00Z,75.20,F,operator0@example.invalid
R002161,S01,2026-02-02T18:00:30Z,2026-02-02T18:01:30Z,24.10,C,operator1@example.invalid
R002162,S02,2026-02-02T18:01:00Z,2026-02-02T18:02:00Z,75.56,F,operator2@example.invalid
R002163, s03 ,2026-02-02T18:01:30Z,2026-02-02T18:02:30Z,24.30,C,operator3@example.invalid
R002164,S04,2026-02-02T18:02:00Z,2026-02-02T18:03:00Z,75.92,F,operator4@example.invalid
R002165,S05,2026-02-02T18:02:30Z,2026-02-02T18:03:30Z,24.50,C,operator0@example.invalid
R002166,S06,2026-02-02T18:03:00Z,2026-02-02T18:04:00Z,76.28,F,operator1@example.invalid
R002167,S07,2026-02-02T18:03:30Z,2026-02-02T18:04:30Z,24.70, c ,operator2@example.invalid
R002168,S08,2026-02-02T18:04:00Z,2026-02-02T18:05:00Z,76.64,F,operator3@example.invalid
R002169,S09,2026-02-02T18:04:30Z,2026-02-02T18:05:30Z,24.90,C,operator4@example.invalid
R002170, s10 ,2026-02-02T18:05:00Z,2026-02-02T18:06:00Z,77.00,F,operator0@example.invalid
R002171,S11,2026-02-02T18:05:30Z,2026-02-02T18:06:30Z,25.10,C,operator1@example.invalid
R002172,S12,2026-02-02T18:06:00Z,2026-02-02T18:07:00Z,77.36,F,operator2@example.invalid
R002173,S13,2026-02-02T18:06:30Z,2026-02-02T18:07:30Z,25.30,C,operator3@example.invalid
R002174,S14,2026-02-02T18:07:00Z,2026-02-02T18:08:00Z,77.72,F,operator4@example.invalid
R002175,S15,2026-02-02T18:07:30Z,2026-02-02T18:08:30Z,25.50,C,operator0@example.invalid
R002176,S16,2026-02-02T18:08:00Z,2026-02-02T18:09:00Z,78.08,F,operator1@example.invalid
R002177, s17 ,2026-02-02T18:08:30Z,2026-02-02T18:09:30Z,25.70,C,operator2@example.invalid
R002178,S18,2026-02-02T18:09:00Z,2026-02-02T18:10:00Z,78.44, f ,operator3@example.invalid
R002179,S19,2026-02-02T18:09:30Z,2026-02-02T18:10:30Z,25.90,C,operator4@example.invalid
R002180,S20,2026-02-02T18:10:00Z,2026-02-02T18:11:00Z,78.80,F,operator0@example.invalid
R002181,S01,2026-02-02T18:10:30Z,2026-02-02T18:11:30Z,26.10,C,operator1@example.invalid
R002182,S02,2026-02-02T18:11:00Z,2026-02-02T18:12:00Z,79.16,F,operator2@example.invalid
R002183,S03,2026-02-02T18:11:30Z,2026-02-02T18:12:30Z,26.30,C,operator3@example.invalid
R002184, s04 ,2026-02-02T18:12:00Z,2026-02-02T18:13:00Z,79.52,F,operator4@example.invalid
R002185,S05,2026-02-02T18:12:30Z,2026-02-02T18:13:30Z,26.50,C,operator0@example.invalid
R002186,S06,2026-02-02T18:13:00Z,2026-02-02T18:14:00Z,79.88,F,operator1@example.invalid
R002187,S07,2026-02-02T18:13:30Z,2026-02-02T18:14:30Z,26.70,C,operator2@example.invalid
R002188,S08,2026-02-02T18:14:00Z,2026-02-02T18:15:00Z,80.24,F,operator3@example.invalid
R002189,S09,2026-02-02T18:14:30Z,2026-02-02T18:15:30Z,26.90, c ,operator4@example.invalid
R002190,S10,2026-02-02T18:15:00Z,2026-02-02T18:16:00Z,80.60,F,operator0@example.invalid
R002191, s11 ,2026-02-02T18:15:30Z,2026-02-02T18:16:30Z,27.10,C,operator1@example.invalid
R002192,S12,2026-02-02T18:16:00Z,2026-02-02T18:17:00Z,80.96,F,operator2@example.invalid
R002193,S13,2026-02-02T18:16:30Z,2026-02-02T18:17:30Z,27.30,C,operator3@example.invalid
R002194,S14,2026-02-02T18:17:00Z,2026-02-02T18:18:00Z,81.32,F,operator4@example.invalid
R002195,S15,2026-02-02T18:17:30Z,2026-02-02T18:18:30Z,27.50,C,operator0@example.invalid
R002196,S16,2026-02-02T18:18:00Z,2026-02-02T18:19:00Z,81.68,F,operator1@example.invalid
R002197,S17,2026-02-02T18:18:30Z,2026-02-02T18:19:30Z,27.70,C,operator2@example.invalid
R002198, s18 ,2026-02-02T18:19:00Z,2026-02-02T18:20:00Z,82.04,F,operator3@example.invalid
R002199,S19,2026-02-02T18:19:30Z,2026-02-02T18:20:30Z,27.90,C,operator4@example.invalid
R002200,S20,2026-02-02T18:20:00Z,2026-02-02T18:21:00Z,64.40, f ,operator0@example.invalid
R002201,S01,2026-02-02T18:20:30Z,2026-02-02T18:21:30Z,18.10,C,operator1@example.invalid
R002202,S02,2026-02-02T18:21:00Z,2026-02-02T18:22:00Z,64.76,F,operator2@example.invalid
R002203,S03,2026-02-02T18:21:30Z,2026-02-02T18:22:30Z,18.30,C,operator3@example.invalid
R002204,S04,2026-02-02T18:22:00Z,2026-02-02T18:23:00Z,65.12,F,operator4@example.invalid
R002205, s05 ,2026-02-02T18:22:30Z,2026-02-02T18:23:30Z,18.50,C,operator0@example.invalid
R002206,S06,2026-02-02T18:23:00Z,2026-02-02T18:24:00Z,65.48,F,operator1@example.invalid
R002207,S07,2026-02-02T18:23:30Z,2026-02-02T18:24:30Z,18.70,C,operator2@example.invalid
R002208,S08,2026-02-02T18:24:00Z,2026-02-02T18:25:00Z,65.84,F,operator3@example.invalid
R002209,S09,2026-02-02T18:24:30Z,2026-02-02T18:25:30Z,18.90,C,operator4@example.invalid
R002210,S10,2026-02-02T18:25:00Z,2026-02-02T18:26:00Z,66.20,F,operator0@example.invalid
R002211,S11,2026-02-02T18:25:30Z,2026-02-02T18:26:30Z,19.10, c ,operator1@example.invalid
R002212, s12 ,2026-02-02T18:26:00Z,2026-02-02T18:27:00Z,66.56,F,operator2@example.invalid
R002213,S13,2026-02-02T18:26:30Z,2026-02-02T18:27:30Z,19.30,C,operator3@example.invalid
R002214,S14,2026-02-02T18:27:00Z,2026-02-02T18:28:00Z,66.92,F,operator4@example.invalid
R002215,S15,2026-02-02T18:27:30Z,2026-02-02T18:28:30Z,19.50,C,operator0@example.invalid
R002216,S16,2026-02-02T18:28:00Z,2026-02-02T18:29:00Z,67.28,F,operator1@example.invalid
R002217,S17,2026-02-02T18:28:30Z,2026-02-02T18:29:30Z,19.70,C,operator2@example.invalid
R002218,S18,2026-02-02T18:29:00Z,2026-02-02T18:30:00Z,67.64,F,operator3@example.invalid
R002219, s19 ,2026-02-02T18:29:30Z,2026-02-02T18:30:30Z,19.90,C,operator4@example.invalid
R002220,S20,2026-02-02T18:30:00Z,2026-02-02T18:31:00Z,68.00,F,operator0@example.invalid
R002221,S01,2026-02-02T18:30:30Z,2026-02-02T18:31:30Z,20.10,C,operator1@example.invalid
R002222,S02,2026-02-02T18:31:00Z,2026-02-02T18:32:00Z,68.36, f ,operator2@example.invalid
R002223,S03,2026-02-02T18:31:30Z,2026-02-02T18:32:30Z,20.30,C,operator3@example.invalid
R002224,S04,2026-02-02T18:32:00Z,2026-02-02T18:33:00Z,68.72,F,operator4@example.invalid
R002225,S05,2026-02-02T18:32:30Z,2026-02-02T18:33:30Z,20.50,C,operator0@example.invalid
R002226, s06 ,2026-02-02T18:33:00Z,2026-02-02T18:34:00Z,69.08,F,operator1@example.invalid
R002227,S07,2026-02-02T18:33:30Z,2026-02-02T18:34:30Z,20.70,C,operator2@example.invalid
R002228,S08,2026-02-02T18:34:00Z,2026-02-02T18:35:00Z,69.44,F,operator3@example.invalid
R002229,S09,2026-02-02T18:34:30Z,2026-02-02T18:35:30Z,20.90,C,operator4@example.invalid
R002230,S10,2026-02-02T18:35:00Z,2026-02-02T18:36:00Z,69.80,F,operator0@example.invalid
R002231,S11,2026-02-02T18:35:30Z,2026-02-02T18:36:30Z,21.10,C,operator1@example.invalid
R002232,S12,2026-02-02T18:36:00Z,2026-02-02T18:37:00Z,70.16,F,operator2@example.invalid
R002233, s13 ,2026-02-02T18:36:30Z,2026-02-02T18:37:30Z,21.30, c ,operator3@example.invalid
R002234,S14,2026-02-02T18:37:00Z,2026-02-02T18:38:00Z,70.52,F,operator4@example.invalid
R002235,S15,2026-02-02T18:37:30Z,2026-02-02T18:38:30Z,21.50,C,operator0@example.invalid
R002236,S16,2026-02-02T18:38:00Z,2026-02-02T18:39:00Z,70.88,F,operator1@example.invalid
R002237,S17,2026-02-02T18:38:30Z,2026-02-02T18:39:30Z,21.70,C,operator2@example.invalid
R002238,S18,2026-02-02T18:39:00Z,2026-02-02T18:40:00Z,71.24,F,operator3@example.invalid
R002239,S19,2026-02-02T18:39:30Z,2026-02-02T18:40:30Z,21.90,C,operator4@example.invalid
R002240, s20 ,2026-02-02T18:40:00Z,2026-02-02T18:41:00Z,71.60,F,operator0@example.invalid
R002241,S01,2026-02-02T18:40:30Z,2026-02-02T18:41:30Z,22.10,C,operator1@example.invalid
R002242,S02,2026-02-02T18:41:00Z,2026-02-02T18:42:00Z,71.96,F,operator2@example.invalid
R002243,S03,2026-02-02T18:41:30Z,2026-02-02T18:42:30Z,22.30,C,operator3@example.invalid
R002244,S04,2026-02-02T18:42:00Z,2026-02-02T18:43:00Z,72.32, f ,operator4@example.invalid
R002245,S05,2026-02-02T18:42:30Z,2026-02-02T18:43:30Z,22.50,C,operator0@example.invalid
R002246,S06,2026-02-02T18:43:00Z,2026-02-02T18:44:00Z,72.68,F,operator1@example.invalid
R002247, s07 ,2026-02-02T18:43:30Z,2026-02-02T18:44:30Z,22.70,C,operator2@example.invalid
R002248,S08,2026-02-02T18:44:00Z,2026-02-02T18:45:00Z,73.04,F,operator3@example.invalid
R002249,S09,2026-02-02T18:44:30Z,2026-02-02T18:45:30Z,22.90,C,operator4@example.invalid
R002250,S10,2026-02-02T18:45:00Z,2026-02-02T18:46:00Z,73.40,F,operator0@example.invalid
R002251,S11,2026-02-02T18:45:30Z,2026-02-02T18:46:30Z,23.10,C,operator1@example.invalid
R002252,S12,2026-02-02T18:46:00Z,2026-02-02T18:47:00Z,73.76,F,operator2@example.invalid
R002253,S13,2026-02-02T18:46:30Z,2026-02-02T18:47:30Z,23.30,C,operator3@example.invalid
R002254, s14 ,2026-02-02T18:47:00Z,2026-02-02T18:48:00Z,74.12,F,operator4@example.invalid
R002255,S15,2026-02-02T18:47:30Z,2026-02-02T18:48:30Z,23.50, c ,operator0@example.invalid
R002256,S16,2026-02-02T18:48:00Z,2026-02-02T18:49:00Z,74.48,F,operator1@example.invalid
R002257,S17,2026-02-02T18:48:30Z,2026-02-02T18:49:30Z,23.70,C,operator2@example.invalid
R002258,S18,2026-02-02T18:49:00Z,2026-02-02T18:50:00Z,74.84,F,operator3@example.invalid
R002259,S19,2026-02-02T18:49:30Z,2026-02-02T18:50:30Z,23.90,C,operator4@example.invalid
R002260,S20,2026-02-02T18:50:00Z,2026-02-02T18:51:00Z,75.20,F,operator0@example.invalid
R002261, s01 ,2026-02-02T18:50:30Z,2026-02-02T18:51:30Z,24.10,C,operator1@example.invalid
R002262,S02,2026-02-02T18:51:00Z,2026-02-02T18:52:00Z,75.56,F,operator2@example.invalid
R002263,S03,2026-02-02T18:51:30Z,2026-02-02T18:52:30Z,24.30,C,operator3@example.invalid
R002264,S04,2026-02-02T18:52:00Z,2026-02-02T18:53:00Z,75.92,F,operator4@example.invalid
R002265,S05,2026-02-02T18:52:30Z,2026-02-02T18:53:30Z,24.50,C,operator0@example.invalid
R002266,S06,2026-02-02T18:53:00Z,2026-02-02T18:54:00Z,76.28, f ,operator1@example.invalid
R002267,S07,2026-02-02T18:53:30Z,2026-02-02T18:54:30Z,24.70,C,operator2@example.invalid
R002268, s08 ,2026-02-02T18:54:00Z,2026-02-02T18:55:00Z,76.64,F,operator3@example.invalid
R002269,S09,2026-02-02T18:54:30Z,2026-02-02T18:55:30Z,24.90,C,operator4@example.invalid
R002270,S10,2026-02-02T18:55:00Z,2026-02-02T18:56:00Z,77.00,F,operator0@example.invalid
R002271,S11,2026-02-02T18:55:30Z,2026-02-02T18:56:30Z,25.10,C,operator1@example.invalid
R002272,S12,2026-02-02T18:56:00Z,2026-02-02T18:57:00Z,77.36,F,operator2@example.invalid
R002273,S13,2026-02-02T18:56:30Z,2026-02-02T18:57:30Z,25.30,C,operator3@example.invalid
R002274,S14,2026-02-02T18:57:00Z,2026-02-02T18:58:00Z,77.72,F,operator4@example.invalid
R002275, s15 ,2026-02-02T18:57:30Z,2026-02-02T18:58:30Z,25.50,C,operator0@example.invalid
R002276,S16,2026-02-02T18:58:00Z,2026-02-02T18:59:00Z,78.08,F,operator1@example.invalid
R002277,S17,2026-02-02T18:58:30Z,2026-02-02T18:59:30Z,25.70, c ,operator2@example.invalid
R002278,S18,2026-02-02T18:59:00Z,2026-02-02T19:00:00Z,78.44,F,operator3@example.invalid
R002279,S19,2026-02-02T18:59:30Z,2026-02-02T19:00:30Z,25.90,C,operator4@example.invalid
R002280,S20,2026-02-02T19:00:00Z,2026-02-02T19:01:00Z,78.80,F,operator0@example.invalid
R002281,S01,2026-02-02T19:00:30Z,2026-02-02T19:01:30Z,26.10,C,operator1@example.invalid
R002282, s02 ,2026-02-02T19:01:00Z,2026-02-02T19:02:00Z,79.16,F,operator2@example.invalid
R002283,S03,2026-02-02T19:01:30Z,2026-02-02T19:02:30Z,26.30,C,operator3@example.invalid
R002284,S04,2026-02-02T19:02:00Z,2026-02-02T19:03:00Z,79.52,F,operator4@example.invalid
R002285,S05,2026-02-02T19:02:30Z,2026-02-02T19:03:30Z,26.50,C,operator0@example.invalid
R002286,S06,2026-02-02T19:03:00Z,2026-02-02T19:04:00Z,79.88,F,operator1@example.invalid
R002287,S07,2026-02-02T19:03:30Z,2026-02-02T19:04:30Z,26.70,C,operator2@example.invalid
R002288,S08,2026-02-02T19:04:00Z,2026-02-02T19:05:00Z,80.24, f ,operator3@example.invalid
R002289, s09 ,2026-02-02T19:04:30Z,2026-02-02T19:05:30Z,26.90,C,operator4@example.invalid
R002290,S10,2026-02-02T19:05:00Z,2026-02-02T19:06:00Z,80.60,F,operator0@example.invalid
R002291,S11,2026-02-02T19:05:30Z,2026-02-02T19:06:30Z,27.10,C,operator1@example.invalid
R002292,S12,2026-02-02T19:06:00Z,2026-02-02T19:07:00Z,80.96,F,operator2@example.invalid
R002293,S13,2026-02-02T19:06:30Z,2026-02-02T19:07:30Z,27.30,C,operator3@example.invalid
R002294,S14,2026-02-02T19:07:00Z,2026-02-02T19:08:00Z,81.32,F,operator4@example.invalid
R002295,S15,2026-02-02T19:07:30Z,2026-02-02T19:08:30Z,27.50,C,operator0@example.invalid
R002296, s16 ,2026-02-02T19:08:00Z,2026-02-02T19:09:00Z,81.68,F,operator1@example.invalid
R002297,S17,2026-02-02T19:08:30Z,2026-02-02T19:09:30Z,27.70,C,operator2@example.invalid
R002298,S18,2026-02-02T19:09:00Z,2026-02-02T19:10:00Z,82.04,F,operator3@example.invalid
R002299,S19,2026-02-02T19:09:30Z,2026-02-02T19:10:30Z,27.90, c ,operator4@example.invalid
R002300,S20,2026-02-02T19:10:00Z,2026-02-02T19:11:00Z,64.40,F,operator0@example.invalid
R002301,S01,2026-02-02T19:10:30Z,2026-02-02T19:11:30Z,18.10,C,operator1@example.invalid
R002302,S02,2026-02-02T19:11:00Z,2026-02-02T19:12:00Z,64.76,F,operator2@example.invalid
R002303, s03 ,2026-02-02T19:11:30Z,2026-02-02T19:12:30Z,18.30,C,operator3@example.invalid
R002304,S04,2026-02-02T19:12:00Z,2026-02-02T19:13:00Z,65.12,F,operator4@example.invalid
R002305,S05,2026-02-02T19:12:30Z,2026-02-02T19:13:30Z,18.50,C,operator0@example.invalid
R002306,S06,2026-02-02T19:13:00Z,2026-02-02T19:14:00Z,65.48,F,operator1@example.invalid
R002307,S07,2026-02-02T19:13:30Z,2026-02-02T19:14:30Z,18.70,C,operator2@example.invalid
R002308,S08,2026-02-02T19:14:00Z,2026-02-02T19:15:00Z,65.84,F,operator3@example.invalid
R002309,S09,2026-02-02T19:14:30Z,2026-02-02T19:15:30Z,18.90,C,operator4@example.invalid
R002310, s10 ,2026-02-02T19:15:00Z,2026-02-02T19:16:00Z,66.20, f ,operator0@example.invalid
R002311,S11,2026-02-02T19:15:30Z,2026-02-02T19:16:30Z,19.10,C,operator1@example.invalid
R002312,S12,2026-02-02T19:16:00Z,2026-02-02T19:17:00Z,66.56,F,operator2@example.invalid
R002313,S13,2026-02-02T19:16:30Z,2026-02-02T19:17:30Z,19.30,C,operator3@example.invalid
R002314,S14,2026-02-02T19:17:00Z,2026-02-02T19:18:00Z,66.92,F,operator4@example.invalid
R002315,S15,2026-02-02T19:17:30Z,2026-02-02T19:18:30Z,19.50,C,operator0@example.invalid
R002316,S16,2026-02-02T19:18:00Z,2026-02-02T19:19:00Z,67.28,F,operator1@example.invalid
R002317, s17 ,2026-02-02T19:18:30Z,2026-02-02T19:19:30Z,19.70,C,operator2@example.invalid
R002318,S18,2026-02-02T19:19:00Z,2026-02-02T19:20:00Z,67.64,F,operator3@example.invalid
R002319,S19,2026-02-02T19:19:30Z,2026-02-02T19:20:30Z,19.90,C,operator4@example.invalid
R002320,S20,2026-02-02T19:20:00Z,2026-02-02T19:21:00Z,68.00,F,operator0@example.invalid
R002321,S01,2026-02-02T19:20:30Z,2026-02-02T19:21:30Z,20.10, c ,operator1@example.invalid
R002322,S02,2026-02-02T19:21:00Z,2026-02-02T19:22:00Z,68.36,F,operator2@example.invalid
R002323,S03,2026-02-02T19:21:30Z,2026-02-02T19:22:30Z,20.30,C,operator3@example.invalid
R002324, s04 ,2026-02-02T19:22:00Z,2026-02-02T19:23:00Z,68.72,F,operator4@example.invalid
R002325,S05,2026-02-02T19:22:30Z,2026-02-02T19:23:30Z,20.50,C,operator0@example.invalid
R002326,S06,2026-02-02T19:23:00Z,2026-02-02T19:24:00Z,69.08,F,operator1@example.invalid
R002327,S07,2026-02-02T19:23:30Z,2026-02-02T19:24:30Z,20.70,C,operator2@example.invalid
R002328,S08,2026-02-02T19:24:00Z,2026-02-02T19:25:00Z,69.44,F,operator3@example.invalid
R002329,S09,2026-02-02T19:24:30Z,2026-02-02T19:25:30Z,20.90,C,operator4@example.invalid
R002330,S10,2026-02-02T19:25:00Z,2026-02-02T19:26:00Z,69.80,F,operator0@example.invalid
R002331, s11 ,2026-02-02T19:25:30Z,2026-02-02T19:26:30Z,21.10,C,operator1@example.invalid
R002332,S12,2026-02-02T19:26:00Z,2026-02-02T19:27:00Z,70.16, f ,operator2@example.invalid
R002333,S13,2026-02-02T19:26:30Z,2026-02-02T19:27:30Z,21.30,C,operator3@example.invalid
R002334,S14,2026-02-02T19:27:00Z,2026-02-02T19:28:00Z,70.52,F,operator4@example.invalid
R002335,S15,2026-02-02T19:27:30Z,2026-02-02T19:28:30Z,21.50,C,operator0@example.invalid
R002336,S16,2026-02-02T19:28:00Z,2026-02-02T19:29:00Z,70.88,F,operator1@example.invalid
R002337,S17,2026-02-02T19:28:30Z,2026-02-02T19:29:30Z,21.70,C,operator2@example.invalid
R002338, s18 ,2026-02-02T19:29:00Z,2026-02-02T19:30:00Z,71.24,F,operator3@example.invalid
R002339,S19,2026-02-02T19:29:30Z,2026-02-02T19:30:30Z,21.90,C,operator4@example.invalid
R002340,S20,2026-02-02T19:30:00Z,2026-02-02T19:31:00Z,71.60,F,operator0@example.invalid
R002341,S01,2026-02-02T19:30:30Z,2026-02-02T19:31:30Z,22.10,C,operator1@example.invalid
R002342,S02,2026-02-02T19:31:00Z,2026-02-02T19:32:00Z,71.96,F,operator2@example.invalid
R002343,S03,2026-02-02T19:31:30Z,2026-02-02T19:32:30Z,22.30, c ,operator3@example.invalid
R002344,S04,2026-02-02T19:32:00Z,2026-02-02T19:33:00Z,72.32,F,operator4@example.invalid
R002345, s05 ,2026-02-02T19:32:30Z,2026-02-02T19:33:30Z,22.50,C,operator0@example.invalid
R002346,S06,2026-02-02T19:33:00Z,2026-02-02T19:34:00Z,72.68,F,operator1@example.invalid
R002347,S07,2026-02-02T19:33:30Z,2026-02-02T19:34:30Z,22.70,C,operator2@example.invalid
R002348,S08,2026-02-02T19:34:00Z,2026-02-02T19:35:00Z,73.04,F,operator3@example.invalid
R002349,S09,2026-02-02T19:34:30Z,2026-02-02T19:35:30Z,22.90,C,operator4@example.invalid
R002350,S10,2026-02-02T19:35:00Z,2026-02-02T19:36:00Z,73.40,F,operator0@example.invalid
R002351,S11,2026-02-02T19:35:30Z,2026-02-02T19:36:30Z,23.10,C,operator1@example.invalid
R002352, s12 ,2026-02-02T19:36:00Z,2026-02-02T19:37:00Z,73.76,F,operator2@example.invalid
R002353,S13,2026-02-02T19:36:30Z,2026-02-02T19:37:30Z,23.30,C,operator3@example.invalid
R002354,S14,2026-02-02T19:37:00Z,2026-02-02T19:38:00Z,74.12, f ,operator4@example.invalid
R002355,S15,2026-02-02T19:37:30Z,2026-02-02T19:38:30Z,23.50,C,operator0@example.invalid
R002356,S16,2026-02-02T19:38:00Z,2026-02-02T19:39:00Z,74.48,F,operator1@example.invalid
R002357,S17,2026-02-02T19:38:30Z,2026-02-02T19:39:30Z,23.70,C,operator2@example.invalid
R002358,S18,2026-02-02T19:39:00Z,2026-02-02T19:40:00Z,74.84,F,operator3@example.invalid
R002359, s19 ,2026-02-02T19:39:30Z,2026-02-02T19:40:30Z,23.90,C,operator4@example.invalid
R002360,S20,2026-02-02T19:40:00Z,2026-02-02T19:41:00Z,75.20,F,operator0@example.invalid
R002361,S01,2026-02-02T19:40:30Z,2026-02-02T19:41:30Z,24.10,C,operator1@example.invalid
R002362,S02,2026-02-02T19:41:00Z,2026-02-02T19:42:00Z,75.56,F,operator2@example.invalid
R002363,S03,2026-02-02T19:41:30Z,2026-02-02T19:42:30Z,24.30,C,operator3@example.invalid
R002364,S04,2026-02-02T19:42:00Z,2026-02-02T19:43:00Z,75.92,F,operator4@example.invalid
R002365,S05,2026-02-02T19:42:30Z,2026-02-02T19:43:30Z,24.50, c ,operator0@example.invalid
R002366, s06 ,2026-02-02T19:43:00Z,2026-02-02T19:44:00Z,76.28,F,operator1@example.invalid
R002367,S07,2026-02-02T19:43:30Z,2026-02-02T19:44:30Z,24.70,C,operator2@example.invalid
R002368,S08,2026-02-02T19:44:00Z,2026-02-02T19:45:00Z,76.64,F,operator3@example.invalid
R002369,S09,2026-02-02T19:44:30Z,2026-02-02T19:45:30Z,24.90,C,operator4@example.invalid
R002370,S10,2026-02-02T19:45:00Z,2026-02-02T19:46:00Z,77.00,F,operator0@example.invalid
R002371,S11,2026-02-02T19:45:30Z,2026-02-02T19:46:30Z,25.10,C,operator1@example.invalid
R002372,S12,2026-02-02T19:46:00Z,2026-02-02T19:47:00Z,77.36,F,operator2@example.invalid
R002373, s13 ,2026-02-02T19:46:30Z,2026-02-02T19:47:30Z,25.30,C,operator3@example.invalid
R002374,S14,2026-02-02T19:47:00Z,2026-02-02T19:48:00Z,77.72,F,operator4@example.invalid
R002375,S15,2026-02-02T19:47:30Z,2026-02-02T19:48:30Z,25.50,C,operator0@example.invalid
R002376,S16,2026-02-02T19:48:00Z,2026-02-02T19:49:00Z,78.08, f ,operator1@example.invalid
R002377,S17,2026-02-02T19:48:30Z,2026-02-02T19:49:30Z,25.70,C,operator2@example.invalid
R002378,S18,2026-02-02T19:49:00Z,2026-02-02T19:50:00Z,78.44,F,operator3@example.invalid
R002379,S19,2026-02-02T19:49:30Z,2026-02-02T19:50:30Z,25.90,C,operator4@example.invalid
R002380, s20 ,2026-02-02T19:50:00Z,2026-02-02T19:51:00Z,78.80,F,operator0@example.invalid
R002381,S01,2026-02-02T19:50:30Z,2026-02-02T19:51:30Z,26.10,C,operator1@example.invalid
R002382,S02,2026-02-02T19:51:00Z,2026-02-02T19:52:00Z,79.16,F,operator2@example.invalid
R002383,S03,2026-02-02T19:51:30Z,2026-02-02T19:52:30Z,26.30,C,operator3@example.invalid
R002384,S04,2026-02-02T19:52:00Z,2026-02-02T19:53:00Z,79.52,F,operator4@example.invalid
R002385,S05,2026-02-02T19:52:30Z,2026-02-02T19:53:30Z,26.50,C,operator0@example.invalid
R002386,S06,2026-02-02T19:53:00Z,2026-02-02T19:54:00Z,79.88,F,operator1@example.invalid
R002387, s07 ,2026-02-02T19:53:30Z,2026-02-02T19:54:30Z,26.70, c ,operator2@example.invalid
R002388,S08,2026-02-02T19:54:00Z,2026-02-02T19:55:00Z,80.24,F,operator3@example.invalid
R002389,S09,2026-02-02T19:54:30Z,2026-02-02T19:55:30Z,26.90,C,operator4@example.invalid
R002390,S10,2026-02-02T19:55:00Z,2026-02-02T19:56:00Z,80.60,F,operator0@example.invalid
R002391,S11,2026-02-02T19:55:30Z,2026-02-02T19:56:30Z,27.10,C,operator1@example.invalid
R002392,S12,2026-02-02T19:56:00Z,2026-02-02T19:57:00Z,80.96,F,operator2@example.invalid
R002393,S13,2026-02-02T19:56:30Z,2026-02-02T19:57:30Z,27.30,C,operator3@example.invalid
R002394, s14 ,2026-02-02T19:57:00Z,2026-02-02T19:58:00Z,81.32,F,operator4@example.invalid
R002395,S15,2026-02-02T19:57:30Z,2026-02-02T19:58:30Z,27.50,C,operator0@example.invalid
R002396,S16,2026-02-02T19:58:00Z,2026-02-02T19:59:00Z,81.68,F,operator1@example.invalid
R002397,S17,2026-02-02T19:58:30Z,2026-02-02T19:59:30Z,27.70,C,operator2@example.invalid
R002398,S18,2026-02-02T19:59:00Z,2026-02-02T20:00:00Z,82.04, f ,operator3@example.invalid
R002399,S19,2026-02-02T19:59:30Z,2026-02-02T20:00:30Z,27.90,C,operator4@example.invalid
R002400,S20,2026-02-02T20:00:00Z,2026-02-02T20:01:00Z,64.40,F,operator0@example.invalid
R002401, s01 ,2026-02-02T20:00:30Z,2026-02-02T20:01:30Z,18.10,C,operator1@example.invalid
R002402,S02,2026-02-02T20:01:00Z,2026-02-02T20:02:00Z,64.76,F,operator2@example.invalid
R002403,S03,2026-02-02T20:01:30Z,2026-02-02T20:02:30Z,18.30,C,operator3@example.invalid
R002404,S04,2026-02-02T20:02:00Z,2026-02-02T20:03:00Z,65.12,F,operator4@example.invalid
R002405,S05,2026-02-02T20:02:30Z,2026-02-02T20:03:30Z,18.50,C,operator0@example.invalid
R002406,S06,2026-02-02T20:03:00Z,2026-02-02T20:04:00Z,65.48,F,operator1@example.invalid
R002407,S07,2026-02-02T20:03:30Z,2026-02-02T20:04:30Z,18.70,C,operator2@example.invalid
R002408, s08 ,2026-02-02T20:04:00Z,2026-02-02T20:05:00Z,65.84,F,operator3@example.invalid
R002409,S09,2026-02-02T20:04:30Z,2026-02-02T20:05:30Z,18.90, c ,operator4@example.invalid
R002410,S10,2026-02-02T20:05:00Z,2026-02-02T20:06:00Z,66.20,F,operator0@example.invalid
R002411,S11,2026-02-02T20:05:30Z,2026-02-02T20:06:30Z,19.10,C,operator1@example.invalid
R002412,S12,2026-02-02T20:06:00Z,2026-02-02T20:07:00Z,66.56,F,operator2@example.invalid
R002413,S13,2026-02-02T20:06:30Z,2026-02-02T20:07:30Z,19.30,C,operator3@example.invalid
R002414,S14,2026-02-02T20:07:00Z,2026-02-02T20:08:00Z,66.92,F,operator4@example.invalid
R002415, s15 ,2026-02-02T20:07:30Z,2026-02-02T20:08:30Z,19.50,C,operator0@example.invalid
R002416,S16,2026-02-02T20:08:00Z,2026-02-02T20:09:00Z,67.28,F,operator1@example.invalid
R002417,S17,2026-02-02T20:08:30Z,2026-02-02T20:09:30Z,19.70,C,operator2@example.invalid
R002418,S18,2026-02-02T20:09:00Z,2026-02-02T20:10:00Z,67.64,F,operator3@example.invalid
R002419,S19,2026-02-02T20:09:30Z,2026-02-02T20:10:30Z,19.90,C,operator4@example.invalid
R002420,S20,2026-02-02T20:10:00Z,2026-02-02T20:11:00Z,68.00, f ,operator0@example.invalid
R002421,S01,2026-02-02T20:10:30Z,2026-02-02T20:11:30Z,20.10,C,operator1@example.invalid
R002422, s02 ,2026-02-02T20:11:00Z,2026-02-02T20:12:00Z,68.36,F,operator2@example.invalid
R002423,S03,2026-02-02T20:11:30Z,2026-02-02T20:12:30Z,20.30,C,operator3@example.invalid
R002424,S04,2026-02-02T20:12:00Z,2026-02-02T20:13:00Z,68.72,F,operator4@example.invalid
R002425,S05,2026-02-02T20:12:30Z,2026-02-02T20:13:30Z,20.50,C,operator0@example.invalid
R002426,S06,2026-02-02T20:13:00Z,2026-02-02T20:14:00Z,69.08,F,operator1@example.invalid
R002427,S07,2026-02-02T20:13:30Z,2026-02-02T20:14:30Z,20.70,C,operator2@example.invalid
R002428,S08,2026-02-02T20:14:00Z,2026-02-02T20:15:00Z,69.44,F,operator3@example.invalid
R002429, s09 ,2026-02-02T20:14:30Z,2026-02-02T20:15:30Z,20.90,C,operator4@example.invalid
R002430,S10,2026-02-02T20:15:00Z,2026-02-02T20:16:00Z,69.80,F,operator0@example.invalid
R002431,S11,2026-02-02T20:15:30Z,2026-02-02T20:16:30Z,21.10, c ,operator1@example.invalid
R002432,S12,2026-02-02T20:16:00Z,2026-02-02T20:17:00Z,70.16,F,operator2@example.invalid
R002433,S13,2026-02-02T20:16:30Z,2026-02-02T20:17:30Z,21.30,C,operator3@example.invalid
R002434,S14,2026-02-02T20:17:00Z,2026-02-02T20:18:00Z,70.52,F,operator4@example.invalid
R002435,S15,2026-02-02T20:17:30Z,2026-02-02T20:18:30Z,21.50,C,operator0@example.invalid
R002436, s16 ,2026-02-02T20:18:00Z,2026-02-02T20:19:00Z,70.88,F,operator1@example.invalid
R002437,S17,2026-02-02T20:18:30Z,2026-02-02T20:19:30Z,21.70,C,operator2@example.invalid
R002438,S18,2026-02-02T20:19:00Z,2026-02-02T20:20:00Z,71.24,F,operator3@example.invalid
R002439,S19,2026-02-02T20:19:30Z,2026-02-02T20:20:30Z,21.90,C,operator4@example.invalid
R002440,S20,2026-02-02T20:20:00Z,2026-02-02T20:21:00Z,71.60,F,operator0@example.invalid
R002441,S01,2026-02-02T20:20:30Z,2026-02-02T20:21:30Z,22.10,C,operator1@example.invalid
R002442,S02,2026-02-02T20:21:00Z,2026-02-02T20:22:00Z,71.96, f ,operator2@example.invalid
R002443, s03 ,2026-02-02T20:21:30Z,2026-02-02T20:22:30Z,22.30,C,operator3@example.invalid
R002444,S04,2026-02-02T20:22:00Z,2026-02-02T20:23:00Z,72.32,F,operator4@example.invalid
R002445,S05,2026-02-02T20:22:30Z,2026-02-02T20:23:30Z,22.50,C,operator0@example.invalid
R002446,S06,2026-02-02T20:23:00Z,2026-02-02T20:24:00Z,72.68,F,operator1@example.invalid
R002447,S07,2026-02-02T20:23:30Z,2026-02-02T20:24:30Z,22.70,C,operator2@example.invalid
R002448,S08,2026-02-02T20:24:00Z,2026-02-02T20:25:00Z,73.04,F,operator3@example.invalid
R002449,S09,2026-02-02T20:24:30Z,2026-02-02T20:25:30Z,22.90,C,operator4@example.invalid
R002450, s10 ,2026-02-02T20:25:00Z,2026-02-02T20:26:00Z,73.40,F,operator0@example.invalid
R002451,S11,2026-02-02T20:25:30Z,2026-02-02T20:26:30Z,23.10,C,operator1@example.invalid
R002452,S12,2026-02-02T20:26:00Z,2026-02-02T20:27:00Z,73.76,F,operator2@example.invalid
R002453,S13,2026-02-02T20:26:30Z,2026-02-02T20:27:30Z,23.30, c ,operator3@example.invalid
R002454,S14,2026-02-02T20:27:00Z,2026-02-02T20:28:00Z,74.12,F,operator4@example.invalid
R002455,S15,2026-02-02T20:27:30Z,2026-02-02T20:28:30Z,23.50,C,operator0@example.invalid
R002456,S16,2026-02-02T20:28:00Z,2026-02-02T20:29:00Z,74.48,F,operator1@example.invalid
R002457, s17 ,2026-02-02T20:28:30Z,2026-02-02T20:29:30Z,23.70,C,operator2@example.invalid
R002458,S18,2026-02-02T20:29:00Z,2026-02-02T20:30:00Z,74.84,F,operator3@example.invalid
R002459,S19,2026-02-02T20:29:30Z,2026-02-02T20:30:30Z,23.90,C,operator4@example.invalid
R002460,S20,2026-02-02T20:30:00Z,2026-02-02T20:31:00Z,75.20,F,operator0@example.invalid
R002461,S01,2026-02-02T20:30:30Z,2026-02-02T20:31:30Z,24.10,C,operator1@example.invalid
R002462,S02,2026-02-02T20:31:00Z,2026-02-02T20:32:00Z,75.56,F,operator2@example.invalid
R002463,S03,2026-02-02T20:31:30Z,2026-02-02T20:32:30Z,24.30,C,operator3@example.invalid
R002464, s04 ,2026-02-02T20:32:00Z,2026-02-02T20:33:00Z,75.92, f ,operator4@example.invalid
R002465,S05,2026-02-02T20:32:30Z,2026-02-02T20:33:30Z,24.50,C,operator0@example.invalid
R002466,S06,2026-02-02T20:33:00Z,2026-02-02T20:34:00Z,76.28,F,operator1@example.invalid
R002467,S07,2026-02-02T20:33:30Z,2026-02-02T20:34:30Z,24.70,C,operator2@example.invalid
R002468,S08,2026-02-02T20:34:00Z,2026-02-02T20:35:00Z,76.64,F,operator3@example.invalid
R002469,S09,2026-02-02T20:34:30Z,2026-02-02T20:35:30Z,24.90,C,operator4@example.invalid
R002470,S10,2026-02-02T20:35:00Z,2026-02-02T20:36:00Z,77.00,F,operator0@example.invalid
R002471, s11 ,2026-02-02T20:35:30Z,2026-02-02T20:36:30Z,25.10,C,operator1@example.invalid
R002472,S12,2026-02-02T20:36:00Z,2026-02-02T20:37:00Z,77.36,F,operator2@example.invalid
R002473,S13,2026-02-02T20:36:30Z,2026-02-02T20:37:30Z,25.30,C,operator3@example.invalid
R002474,S14,2026-02-02T20:37:00Z,2026-02-02T20:38:00Z,77.72,F,operator4@example.invalid
R002475,S15,2026-02-02T20:37:30Z,2026-02-02T20:38:30Z,25.50, c ,operator0@example.invalid
R002476,S16,2026-02-02T20:38:00Z,2026-02-02T20:39:00Z,78.08,F,operator1@example.invalid
R002477,S17,2026-02-02T20:38:30Z,2026-02-02T20:39:30Z,25.70,C,operator2@example.invalid
R002478, s18 ,2026-02-02T20:39:00Z,2026-02-02T20:40:00Z,78.44,F,operator3@example.invalid
R002479,S19,2026-02-02T20:39:30Z,2026-02-02T20:40:30Z,25.90,C,operator4@example.invalid
R002480,S20,2026-02-02T20:40:00Z,2026-02-02T20:41:00Z,78.80,F,operator0@example.invalid
R002481,S01,2026-02-02T20:40:30Z,2026-02-02T20:41:30Z,26.10,C,operator1@example.invalid
R002482,S02,2026-02-02T20:41:00Z,2026-02-02T20:42:00Z,79.16,F,operator2@example.invalid
R002483,S03,2026-02-02T20:41:30Z,2026-02-02T20:42:30Z,26.30,C,operator3@example.invalid
R002484,S04,2026-02-02T20:42:00Z,2026-02-02T20:43:00Z,79.52,F,operator4@example.invalid
R002485, s05 ,2026-02-02T20:42:30Z,2026-02-02T20:43:30Z,26.50,C,operator0@example.invalid
R002486,S06,2026-02-02T20:43:00Z,2026-02-02T20:44:00Z,79.88, f ,operator1@example.invalid
R002487,S07,2026-02-02T20:43:30Z,2026-02-02T20:44:30Z,26.70,C,operator2@example.invalid
R002488,S08,2026-02-02T20:44:00Z,2026-02-02T20:45:00Z,80.24,F,operator3@example.invalid
R002489,S09,2026-02-02T20:44:30Z,2026-02-02T20:45:30Z,26.90,C,operator4@example.invalid
R002490,S10,2026-02-02T20:45:00Z,2026-02-02T20:46:00Z,80.60,F,operator0@example.invalid
R002491,S11,2026-02-02T20:45:30Z,2026-02-02T20:46:30Z,27.10,C,operator1@example.invalid
R002492, s12 ,2026-02-02T20:46:00Z,2026-02-02T20:47:00Z,80.96,F,operator2@example.invalid
R002493,S13,2026-02-02T20:46:30Z,2026-02-02T20:47:30Z,27.30,C,operator3@example.invalid
R002494,S14,2026-02-02T20:47:00Z,2026-02-02T20:48:00Z,81.32,F,operator4@example.invalid
R002495,S15,2026-02-02T20:47:30Z,2026-02-02T20:48:30Z,27.50,C,operator0@example.invalid
R002496,S16,2026-02-02T20:48:00Z,2026-02-02T20:49:00Z,81.68,F,operator1@example.invalid
R002497,S17,2026-02-02T20:48:30Z,2026-02-02T20:49:30Z,27.70, c ,operator2@example.invalid
R002498,S18,2026-02-02T20:49:00Z,2026-02-02T20:50:00Z,82.04,F,operator3@example.invalid
R002499, s19 ,2026-02-02T20:49:30Z,2026-02-02T20:50:30Z,27.90,C,operator4@example.invalid
R002500,S20,2026-02-02T20:50:00Z,2026-02-02T20:51:00Z,64.40,F,operator0@example.invalid
R002501,S01,2026-02-02T20:50:30Z,2026-02-02T20:51:30Z,18.10,C,operator1@example.invalid
R002502,S02,2026-02-02T20:51:00Z,2026-02-02T20:52:00Z,64.76,F,operator2@example.invalid
R002503,S03,2026-02-02T20:51:30Z,2026-02-02T20:52:30Z,18.30,C,operator3@example.invalid
R002504,S04,2026-02-02T20:52:00Z,2026-02-02T20:53:00Z,65.12,F,operator4@example.invalid
R002505,S05,2026-02-02T20:52:30Z,2026-02-02T20:53:30Z,18.50,C,operator0@example.invalid
R002506, s06 ,2026-02-02T20:53:00Z,2026-02-02T20:54:00Z,65.48,F,operator1@example.invalid
R002507,S07,2026-02-02T20:53:30Z,2026-02-02T20:54:30Z,18.70,C,operator2@example.invalid
R002508,S08,2026-02-02T20:54:00Z,2026-02-02T20:55:00Z,65.84, f ,operator3@example.invalid
R002509,S09,2026-02-02T20:54:30Z,2026-02-02T20:55:30Z,18.90,C,operator4@example.invalid
R002510,S10,2026-02-02T20:55:00Z,2026-02-02T20:56:00Z,66.20,F,operator0@example.invalid
R002511,S11,2026-02-02T20:55:30Z,2026-02-02T20:56:30Z,19.10,C,operator1@example.invalid
R002512,S12,2026-02-02T20:56:00Z,2026-02-02T20:57:00Z,66.56,F,operator2@example.invalid
R002513, s13 ,2026-02-02T20:56:30Z,2026-02-02T20:57:30Z,19.30,C,operator3@example.invalid
R002514,S14,2026-02-02T20:57:00Z,2026-02-02T20:58:00Z,66.92,F,operator4@example.invalid
R002515,S15,2026-02-02T20:57:30Z,2026-02-02T20:58:30Z,19.50,C,operator0@example.invalid
R002516,S16,2026-02-02T20:58:00Z,2026-02-02T20:59:00Z,67.28,F,operator1@example.invalid
R002517,S17,2026-02-02T20:58:30Z,2026-02-02T20:59:30Z,19.70,C,operator2@example.invalid
R002518,S18,2026-02-02T20:59:00Z,2026-02-02T21:00:00Z,67.64,F,operator3@example.invalid
R002519,S19,2026-02-02T20:59:30Z,2026-02-02T21:00:30Z,19.90, c ,operator4@example.invalid
R002520, s20 ,2026-02-02T21:00:00Z,2026-02-02T21:01:00Z,68.00,F,operator0@example.invalid
R002521,S01,2026-02-02T21:00:30Z,2026-02-02T21:01:30Z,20.10,C,operator1@example.invalid
R002522,S02,2026-02-02T21:01:00Z,2026-02-02T21:02:00Z,68.36,F,operator2@example.invalid
R002523,S03,2026-02-02T21:01:30Z,2026-02-02T21:02:30Z,20.30,C,operator3@example.invalid
R002524,S04,2026-02-02T21:02:00Z,2026-02-02T21:03:00Z,68.72,F,operator4@example.invalid
R002525,S05,2026-02-02T21:02:30Z,2026-02-02T21:03:30Z,20.50,C,operator0@example.invalid
R002526,S06,2026-02-02T21:03:00Z,2026-02-02T21:04:00Z,69.08,F,operator1@example.invalid
R002527, s07 ,2026-02-02T21:03:30Z,2026-02-02T21:04:30Z,20.70,C,operator2@example.invalid
R002528,S08,2026-02-02T21:04:00Z,2026-02-02T21:05:00Z,69.44,F,operator3@example.invalid
R002529,S09,2026-02-02T21:04:30Z,2026-02-02T21:05:30Z,20.90,C,operator4@example.invalid
R002530,S10,2026-02-02T21:05:00Z,2026-02-02T21:06:00Z,69.80, f ,operator0@example.invalid
R002531,S11,2026-02-02T21:05:30Z,2026-02-02T21:06:30Z,21.10,C,operator1@example.invalid
R002532,S12,2026-02-02T21:06:00Z,2026-02-02T21:07:00Z,70.16,F,operator2@example.invalid
R002533,S13,2026-02-02T21:06:30Z,2026-02-02T21:07:30Z,21.30,C,operator3@example.invalid
R002534, s14 ,2026-02-02T21:07:00Z,2026-02-02T21:08:00Z,70.52,F,operator4@example.invalid
R002535,S15,2026-02-02T21:07:30Z,2026-02-02T21:08:30Z,21.50,C,operator0@example.invalid
R002536,S16,2026-02-02T21:08:00Z,2026-02-02T21:09:00Z,70.88,F,operator1@example.invalid
R002537,S17,2026-02-02T21:08:30Z,2026-02-02T21:09:30Z,21.70,C,operator2@example.invalid
R002538,S18,2026-02-02T21:09:00Z,2026-02-02T21:10:00Z,71.24,F,operator3@example.invalid
R002539,S19,2026-02-02T21:09:30Z,2026-02-02T21:10:30Z,21.90,C,operator4@example.invalid
R002540,S20,2026-02-02T21:10:00Z,2026-02-02T21:11:00Z,71.60,F,operator0@example.invalid
R002541, s01 ,2026-02-02T21:10:30Z,2026-02-02T21:11:30Z,22.10, c ,operator1@example.invalid
R002542,S02,2026-02-02T21:11:00Z,2026-02-02T21:12:00Z,71.96,F,operator2@example.invalid
R002543,S03,2026-02-02T21:11:30Z,2026-02-02T21:12:30Z,22.30,C,operator3@example.invalid
R002544,S04,2026-02-02T21:12:00Z,2026-02-02T21:13:00Z,72.32,F,operator4@example.invalid
R002545,S05,2026-02-02T21:12:30Z,2026-02-02T21:13:30Z,22.50,C,operator0@example.invalid
R002546,S06,2026-02-02T21:13:00Z,2026-02-02T21:14:00Z,72.68,F,operator1@example.invalid
R002547,S07,2026-02-02T21:13:30Z,2026-02-02T21:14:30Z,22.70,C,operator2@example.invalid
R002548, s08 ,2026-02-02T21:14:00Z,2026-02-02T21:15:00Z,73.04,F,operator3@example.invalid
R002549,S09,2026-02-02T21:14:30Z,2026-02-02T21:15:30Z,22.90,C,operator4@example.invalid
R002550,S10,2026-02-02T21:15:00Z,2026-02-02T21:16:00Z,73.40,F,operator0@example.invalid
R002551,S11,2026-02-02T21:15:30Z,2026-02-02T21:16:30Z,23.10,C,operator1@example.invalid
R002552,S12,2026-02-02T21:16:00Z,2026-02-02T21:17:00Z,73.76, f ,operator2@example.invalid
R002553,S13,2026-02-02T21:16:30Z,2026-02-02T21:17:30Z,23.30,C,operator3@example.invalid
R002554,S14,2026-02-02T21:17:00Z,2026-02-02T21:18:00Z,74.12,F,operator4@example.invalid
R002555, s15 ,2026-02-02T21:17:30Z,2026-02-02T21:18:30Z,23.50,C,operator0@example.invalid
R002556,S16,2026-02-02T21:18:00Z,2026-02-02T21:19:00Z,74.48,F,operator1@example.invalid
R002557,S17,2026-02-02T21:18:30Z,2026-02-02T21:19:30Z,23.70,C,operator2@example.invalid
R002558,S18,2026-02-02T21:19:00Z,2026-02-02T21:20:00Z,74.84,F,operator3@example.invalid
R002559,S19,2026-02-02T21:19:30Z,2026-02-02T21:20:30Z,23.90,C,operator4@example.invalid
R002560,S20,2026-02-02T21:20:00Z,2026-02-02T21:21:00Z,75.20,F,operator0@example.invalid
R002561,S01,2026-02-02T21:20:30Z,2026-02-02T21:21:30Z,24.10,C,operator1@example.invalid
R002562, s02 ,2026-02-02T21:21:00Z,2026-02-02T21:22:00Z,75.56,F,operator2@example.invalid
R002563,S03,2026-02-02T21:21:30Z,2026-02-02T21:22:30Z,24.30, c ,operator3@example.invalid
R002564,S04,2026-02-02T21:22:00Z,2026-02-02T21:23:00Z,75.92,F,operator4@example.invalid
R002565,S05,2026-02-02T21:22:30Z,2026-02-02T21:23:30Z,24.50,C,operator0@example.invalid
R002566,S06,2026-02-02T21:23:00Z,2026-02-02T21:24:00Z,76.28,F,operator1@example.invalid
R002567,S07,2026-02-02T21:23:30Z,2026-02-02T21:24:30Z,24.70,C,operator2@example.invalid
R002568,S08,2026-02-02T21:24:00Z,2026-02-02T21:25:00Z,76.64,F,operator3@example.invalid
R002569, s09 ,2026-02-02T21:24:30Z,2026-02-02T21:25:30Z,24.90,C,operator4@example.invalid
R002570,S10,2026-02-02T21:25:00Z,2026-02-02T21:26:00Z,77.00,F,operator0@example.invalid
R002571,S11,2026-02-02T21:25:30Z,2026-02-02T21:26:30Z,25.10,C,operator1@example.invalid
R002572,S12,2026-02-02T21:26:00Z,2026-02-02T21:27:00Z,77.36,F,operator2@example.invalid
R002573,S13,2026-02-02T21:26:30Z,2026-02-02T21:27:30Z,25.30,C,operator3@example.invalid
R002574,S14,2026-02-02T21:27:00Z,2026-02-02T21:28:00Z,77.72, f ,operator4@example.invalid
R002575,S15,2026-02-02T21:27:30Z,2026-02-02T21:28:30Z,25.50,C,operator0@example.invalid
R002576, s16 ,2026-02-02T21:28:00Z,2026-02-02T21:29:00Z,78.08,F,operator1@example.invalid
R002577,S17,2026-02-02T21:28:30Z,2026-02-02T21:29:30Z,25.70,C,operator2@example.invalid
R002578,S18,2026-02-02T21:29:00Z,2026-02-02T21:30:00Z,78.44,F,operator3@example.invalid
R002579,S19,2026-02-02T21:29:30Z,2026-02-02T21:30:30Z,25.90,C,operator4@example.invalid
R002580,S20,2026-02-02T21:30:00Z,2026-02-02T21:31:00Z,78.80,F,operator0@example.invalid
R002581,S01,2026-02-02T21:30:30Z,2026-02-02T21:31:30Z,26.10,C,operator1@example.invalid
R002582,S02,2026-02-02T21:31:00Z,2026-02-02T21:32:00Z,79.16,F,operator2@example.invalid
R002583, s03 ,2026-02-02T21:31:30Z,2026-02-02T21:32:30Z,26.30,C,operator3@example.invalid
R002584,S04,2026-02-02T21:32:00Z,2026-02-02T21:33:00Z,79.52,F,operator4@example.invalid
R002585,S05,2026-02-02T21:32:30Z,2026-02-02T21:33:30Z,26.50, c ,operator0@example.invalid
R002586,S06,2026-02-02T21:33:00Z,2026-02-02T21:34:00Z,79.88,F,operator1@example.invalid
R002587,S07,2026-02-02T21:33:30Z,2026-02-02T21:34:30Z,26.70,C,operator2@example.invalid
R002588,S08,2026-02-02T21:34:00Z,2026-02-02T21:35:00Z,80.24,F,operator3@example.invalid
R002589,S09,2026-02-02T21:34:30Z,2026-02-02T21:35:30Z,26.90,C,operator4@example.invalid
R002590, s10 ,2026-02-02T21:35:00Z,2026-02-02T21:36:00Z,80.60,F,operator0@example.invalid
R002591,S11,2026-02-02T21:35:30Z,2026-02-02T21:36:30Z,27.10,C,operator1@example.invalid
R002592,S12,2026-02-02T21:36:00Z,2026-02-02T21:37:00Z,80.96,F,operator2@example.invalid
R002593,S13,2026-02-02T21:36:30Z,2026-02-02T21:37:30Z,27.30,C,operator3@example.invalid
R002594,S14,2026-02-02T21:37:00Z,2026-02-02T21:38:00Z,81.32,F,operator4@example.invalid
R002595,S15,2026-02-02T21:37:30Z,2026-02-02T21:38:30Z,27.50,C,operator0@example.invalid
R002596,S16,2026-02-02T21:38:00Z,2026-02-02T21:39:00Z,81.68, f ,operator1@example.invalid
R002597, s17 ,2026-02-02T21:38:30Z,2026-02-02T21:39:30Z,27.70,C,operator2@example.invalid
R002598,S18,2026-02-02T21:39:00Z,2026-02-02T21:40:00Z,82.04,F,operator3@example.invalid
R002599,S19,2026-02-02T21:39:30Z,2026-02-02T21:40:30Z,27.90,C,operator4@example.invalid
R002600,S20,2026-02-02T21:40:00Z,2026-02-02T21:41:00Z,64.40,F,operator0@example.invalid
R002601,S01,2026-02-02T21:40:30Z,2026-02-02T21:41:30Z,18.10,C,operator1@example.invalid
R002602,S02,2026-02-02T21:41:00Z,2026-02-02T21:42:00Z,64.76,F,operator2@example.invalid
R002603,S03,2026-02-02T21:41:30Z,2026-02-02T21:42:30Z,18.30,C,operator3@example.invalid
R002604, s04 ,2026-02-02T21:42:00Z,2026-02-02T21:43:00Z,65.12,F,operator4@example.invalid
R002605,S05,2026-02-02T21:42:30Z,2026-02-02T21:43:30Z,18.50,C,operator0@example.invalid
R002606,S06,2026-02-02T21:43:00Z,2026-02-02T21:44:00Z,65.48,F,operator1@example.invalid
R002607,S07,2026-02-02T21:43:30Z,2026-02-02T21:44:30Z,18.70, c ,operator2@example.invalid
R002608,S08,2026-02-02T21:44:00Z,2026-02-02T21:45:00Z,65.84,F,operator3@example.invalid
R002609,S09,2026-02-02T21:44:30Z,2026-02-02T21:45:30Z,18.90,C,operator4@example.invalid
R002610,S10,2026-02-02T21:45:00Z,2026-02-02T21:46:00Z,66.20,F,operator0@example.invalid
R002611, s11 ,2026-02-02T21:45:30Z,2026-02-02T21:46:30Z,19.10,C,operator1@example.invalid
R002612,S12,2026-02-02T21:46:00Z,2026-02-02T21:47:00Z,66.56,F,operator2@example.invalid
R002613,S13,2026-02-02T21:46:30Z,2026-02-02T21:47:30Z,19.30,C,operator3@example.invalid
R002614,S14,2026-02-02T21:47:00Z,2026-02-02T21:48:00Z,66.92,F,operator4@example.invalid
R002615,S15,2026-02-02T21:47:30Z,2026-02-02T21:48:30Z,19.50,C,operator0@example.invalid
R002616,S16,2026-02-02T21:48:00Z,2026-02-02T21:49:00Z,67.28,F,operator1@example.invalid
R002617,S17,2026-02-02T21:48:30Z,2026-02-02T21:49:30Z,19.70,C,operator2@example.invalid
R002618, s18 ,2026-02-02T21:49:00Z,2026-02-02T21:50:00Z,67.64, f ,operator3@example.invalid
R002619,S19,2026-02-02T21:49:30Z,2026-02-02T21:50:30Z,19.90,C,operator4@example.invalid
R002620,S20,2026-02-02T21:50:00Z,2026-02-02T21:51:00Z,68.00,F,operator0@example.invalid
R002621,S01,2026-02-02T21:50:30Z,2026-02-02T21:51:30Z,20.10,C,operator1@example.invalid
R002622,S02,2026-02-02T21:51:00Z,2026-02-02T21:52:00Z,68.36,F,operator2@example.invalid
R002623,S03,2026-02-02T21:51:30Z,2026-02-02T21:52:30Z,20.30,C,operator3@example.invalid
R002624,S04,2026-02-02T21:52:00Z,2026-02-02T21:53:00Z,68.72,F,operator4@example.invalid
R002625, s05 ,2026-02-02T21:52:30Z,2026-02-02T21:53:30Z,20.50,C,operator0@example.invalid
R002626,S06,2026-02-02T21:53:00Z,2026-02-02T21:54:00Z,69.08,F,operator1@example.invalid
R002627,S07,2026-02-02T21:53:30Z,2026-02-02T21:54:30Z,20.70,C,operator2@example.invalid
R002628,S08,2026-02-02T21:54:00Z,2026-02-02T21:55:00Z,69.44,F,operator3@example.invalid
R002629,S09,2026-02-02T21:54:30Z,2026-02-02T21:55:30Z,20.90, c ,operator4@example.invalid
R002630,S10,2026-02-02T21:55:00Z,2026-02-02T21:56:00Z,69.80,F,operator0@example.invalid
R002631,S11,2026-02-02T21:55:30Z,2026-02-02T21:56:30Z,21.10,C,operator1@example.invalid
R002632, s12 ,2026-02-02T21:56:00Z,2026-02-02T21:57:00Z,70.16,F,operator2@example.invalid
R002633,S13,2026-02-02T21:56:30Z,2026-02-02T21:57:30Z,21.30,C,operator3@example.invalid
R002634,S14,2026-02-02T21:57:00Z,2026-02-02T21:58:00Z,70.52,F,operator4@example.invalid
R002635,S15,2026-02-02T21:57:30Z,2026-02-02T21:58:30Z,21.50,C,operator0@example.invalid
R002636,S16,2026-02-02T21:58:00Z,2026-02-02T21:59:00Z,70.88,F,operator1@example.invalid
R002637,S17,2026-02-02T21:58:30Z,2026-02-02T21:59:30Z,21.70,C,operator2@example.invalid
R002638,S18,2026-02-02T21:59:00Z,2026-02-02T22:00:00Z,71.24,F,operator3@example.invalid
R002639, s19 ,2026-02-02T21:59:30Z,2026-02-02T22:00:30Z,21.90,C,operator4@example.invalid
R002640,S20,2026-02-02T22:00:00Z,2026-02-02T22:01:00Z,71.60, f ,operator0@example.invalid
R002641,S01,2026-02-02T22:00:30Z,2026-02-02T22:01:30Z,22.10,C,operator1@example.invalid
R002642,S02,2026-02-02T22:01:00Z,2026-02-02T22:02:00Z,71.96,F,operator2@example.invalid
R002643,S03,2026-02-02T22:01:30Z,2026-02-02T22:02:30Z,22.30,C,operator3@example.invalid
R002644,S04,2026-02-02T22:02:00Z,2026-02-02T22:03:00Z,72.32,F,operator4@example.invalid
R002645,S05,2026-02-02T22:02:30Z,2026-02-02T22:03:30Z,22.50,C,operator0@example.invalid
R002646, s06 ,2026-02-02T22:03:00Z,2026-02-02T22:04:00Z,72.68,F,operator1@example.invalid
R002647,S07,2026-02-02T22:03:30Z,2026-02-02T22:04:30Z,22.70,C,operator2@example.invalid
R002648,S08,2026-02-02T22:04:00Z,2026-02-02T22:05:00Z,73.04,F,operator3@example.invalid
R002649,S09,2026-02-02T22:04:30Z,2026-02-02T22:05:30Z,22.90,C,operator4@example.invalid
R002650,S10,2026-02-02T22:05:00Z,2026-02-02T22:06:00Z,73.40,F,operator0@example.invalid
R002651,S11,2026-02-02T22:05:30Z,2026-02-02T22:06:30Z,23.10, c ,operator1@example.invalid
R002652,S12,2026-02-02T22:06:00Z,2026-02-02T22:07:00Z,73.76,F,operator2@example.invalid
R002653, s13 ,2026-02-02T22:06:30Z,2026-02-02T22:07:30Z,23.30,C,operator3@example.invalid
R002654,S14,2026-02-02T22:07:00Z,2026-02-02T22:08:00Z,74.12,F,operator4@example.invalid
R002655,S15,2026-02-02T22:07:30Z,2026-02-02T22:08:30Z,23.50,C,operator0@example.invalid
R002656,S16,2026-02-02T22:08:00Z,2026-02-02T22:09:00Z,74.48,F,operator1@example.invalid
R002657,S17,2026-02-02T22:08:30Z,2026-02-02T22:09:30Z,23.70,C,operator2@example.invalid
R002658,S18,2026-02-02T22:09:00Z,2026-02-02T22:10:00Z,74.84,F,operator3@example.invalid
R002659,S19,2026-02-02T22:09:30Z,2026-02-02T22:10:30Z,23.90,C,operator4@example.invalid
R002660, s20 ,2026-02-02T22:10:00Z,2026-02-02T22:11:00Z,75.20,F,operator0@example.invalid
R002661,S01,2026-02-02T22:10:30Z,2026-02-02T22:11:30Z,24.10,C,operator1@example.invalid
R002662,S02,2026-02-02T22:11:00Z,2026-02-02T22:12:00Z,75.56, f ,operator2@example.invalid
R002663,S03,2026-02-02T22:11:30Z,2026-02-02T22:12:30Z,24.30,C,operator3@example.invalid
R002664,S04,2026-02-02T22:12:00Z,2026-02-02T22:13:00Z,75.92,F,operator4@example.invalid
R002665,S05,2026-02-02T22:12:30Z,2026-02-02T22:13:30Z,24.50,C,operator0@example.invalid
R002666,S06,2026-02-02T22:13:00Z,2026-02-02T22:14:00Z,76.28,F,operator1@example.invalid
R002667, s07 ,2026-02-02T22:13:30Z,2026-02-02T22:14:30Z,24.70,C,operator2@example.invalid
R002668,S08,2026-02-02T22:14:00Z,2026-02-02T22:15:00Z,76.64,F,operator3@example.invalid
R002669,S09,2026-02-02T22:14:30Z,2026-02-02T22:15:30Z,24.90,C,operator4@example.invalid
R002670,S10,2026-02-02T22:15:00Z,2026-02-02T22:16:00Z,77.00,F,operator0@example.invalid
R002671,S11,2026-02-02T22:15:30Z,2026-02-02T22:16:30Z,25.10,C,operator1@example.invalid
R002672,S12,2026-02-02T22:16:00Z,2026-02-02T22:17:00Z,77.36,F,operator2@example.invalid
R002673,S13,2026-02-02T22:16:30Z,2026-02-02T22:17:30Z,25.30, c ,operator3@example.invalid
R002674, s14 ,2026-02-02T22:17:00Z,2026-02-02T22:18:00Z,77.72,F,operator4@example.invalid
R002675,S15,2026-02-02T22:17:30Z,2026-02-02T22:18:30Z,25.50,C,operator0@example.invalid
R002676,S16,2026-02-02T22:18:00Z,2026-02-02T22:19:00Z,78.08,F,operator1@example.invalid
R002677,S17,2026-02-02T22:18:30Z,2026-02-02T22:19:30Z,25.70,C,operator2@example.invalid
R002678,S18,2026-02-02T22:19:00Z,2026-02-02T22:20:00Z,78.44,F,operator3@example.invalid
R002679,S19,2026-02-02T22:19:30Z,2026-02-02T22:20:30Z,25.90,C,operator4@example.invalid
R002680,S20,2026-02-02T22:20:00Z,2026-02-02T22:21:00Z,78.80,F,operator0@example.invalid
R002681, s01 ,2026-02-02T22:20:30Z,2026-02-02T22:21:30Z,26.10,C,operator1@example.invalid
R002682,S02,2026-02-02T22:21:00Z,2026-02-02T22:22:00Z,79.16,F,operator2@example.invalid
R002683,S03,2026-02-02T22:21:30Z,2026-02-02T22:22:30Z,26.30,C,operator3@example.invalid
R002684,S04,2026-02-02T22:22:00Z,2026-02-02T22:23:00Z,79.52, f ,operator4@example.invalid
R002685,S05,2026-02-02T22:22:30Z,2026-02-02T22:23:30Z,26.50,C,operator0@example.invalid
R002686,S06,2026-02-02T22:23:00Z,2026-02-02T22:24:00Z,79.88,F,operator1@example.invalid
R002687,S07,2026-02-02T22:23:30Z,2026-02-02T22:24:30Z,26.70,C,operator2@example.invalid
R002688, s08 ,2026-02-02T22:24:00Z,2026-02-02T22:25:00Z,80.24,F,operator3@example.invalid
R002689,S09,2026-02-02T22:24:30Z,2026-02-02T22:25:30Z,26.90,C,operator4@example.invalid
R002690,S10,2026-02-02T22:25:00Z,2026-02-02T22:26:00Z,80.60,F,operator0@example.invalid
R002691,S11,2026-02-02T22:25:30Z,2026-02-02T22:26:30Z,27.10,C,operator1@example.invalid
R002692,S12,2026-02-02T22:26:00Z,2026-02-02T22:27:00Z,80.96,F,operator2@example.invalid
R002693,S13,2026-02-02T22:26:30Z,2026-02-02T22:27:30Z,27.30,C,operator3@example.invalid
R002694,S14,2026-02-02T22:27:00Z,2026-02-02T22:28:00Z,81.32,F,operator4@example.invalid
R002695, s15 ,2026-02-02T22:27:30Z,2026-02-02T22:28:30Z,27.50, c ,operator0@example.invalid
R002696,S16,2026-02-02T22:28:00Z,2026-02-02T22:29:00Z,81.68,F,operator1@example.invalid
R002697,S17,2026-02-02T22:28:30Z,2026-02-02T22:29:30Z,27.70,C,operator2@example.invalid
R002698,S18,2026-02-02T22:29:00Z,2026-02-02T22:30:00Z,82.04,F,operator3@example.invalid
R002699,S19,2026-02-02T22:29:30Z,2026-02-02T22:30:30Z,27.90,C,operator4@example.invalid
R002700,S20,2026-02-02T22:30:00Z,2026-02-02T22:31:00Z,64.40,F,operator0@example.invalid
R002701,S01,2026-02-02T22:30:30Z,2026-02-02T22:31:30Z,18.10,C,operator1@example.invalid
R002702, s02 ,2026-02-02T22:31:00Z,2026-02-02T22:32:00Z,64.76,F,operator2@example.invalid
R002703,S03,2026-02-02T22:31:30Z,2026-02-02T22:32:30Z,18.30,C,operator3@example.invalid
R002704,S04,2026-02-02T22:32:00Z,2026-02-02T22:33:00Z,65.12,F,operator4@example.invalid
R002705,S05,2026-02-02T22:32:30Z,2026-02-02T22:33:30Z,18.50,C,operator0@example.invalid
R002706,S06,2026-02-02T22:33:00Z,2026-02-02T22:34:00Z,65.48, f ,operator1@example.invalid
R002707,S07,2026-02-02T22:33:30Z,2026-02-02T22:34:30Z,18.70,C,operator2@example.invalid
R002708,S08,2026-02-02T22:34:00Z,2026-02-02T22:35:00Z,65.84,F,operator3@example.invalid
R002709, s09 ,2026-02-02T22:34:30Z,2026-02-02T22:35:30Z,18.90,C,operator4@example.invalid
R002710,S10,2026-02-02T22:35:00Z,2026-02-02T22:36:00Z,66.20,F,operator0@example.invalid
R002711,S11,2026-02-02T22:35:30Z,2026-02-02T22:36:30Z,19.10,C,operator1@example.invalid
R002712,S12,2026-02-02T22:36:00Z,2026-02-02T22:37:00Z,66.56,F,operator2@example.invalid
R002713,S13,2026-02-02T22:36:30Z,2026-02-02T22:37:30Z,19.30,C,operator3@example.invalid
R002714,S14,2026-02-02T22:37:00Z,2026-02-02T22:38:00Z,66.92,F,operator4@example.invalid
R002715,S15,2026-02-02T22:37:30Z,2026-02-02T22:38:30Z,19.50,C,operator0@example.invalid
R002716, s16 ,2026-02-02T22:38:00Z,2026-02-02T22:39:00Z,67.28,F,operator1@example.invalid
R002717,S17,2026-02-02T22:38:30Z,2026-02-02T22:39:30Z,19.70, c ,operator2@example.invalid
R002718,S18,2026-02-02T22:39:00Z,2026-02-02T22:40:00Z,67.64,F,operator3@example.invalid
R002719,S19,2026-02-02T22:39:30Z,2026-02-02T22:40:30Z,19.90,C,operator4@example.invalid
R002720,S20,2026-02-02T22:40:00Z,2026-02-02T22:41:00Z,68.00,F,operator0@example.invalid
R002721,S01,2026-02-02T22:40:30Z,2026-02-02T22:41:30Z,20.10,C,operator1@example.invalid
R002722,S02,2026-02-02T22:41:00Z,2026-02-02T22:42:00Z,68.36,F,operator2@example.invalid
R002723, s03 ,2026-02-02T22:41:30Z,2026-02-02T22:42:30Z,20.30,C,operator3@example.invalid
R002724,S04,2026-02-02T22:42:00Z,2026-02-02T22:43:00Z,68.72,F,operator4@example.invalid
R002725,S05,2026-02-02T22:42:30Z,2026-02-02T22:43:30Z,20.50,C,operator0@example.invalid
R002726,S06,2026-02-02T22:43:00Z,2026-02-02T22:44:00Z,69.08,F,operator1@example.invalid
R002727,S07,2026-02-02T22:43:30Z,2026-02-02T22:44:30Z,20.70,C,operator2@example.invalid
R002728,S08,2026-02-02T22:44:00Z,2026-02-02T22:45:00Z,69.44, f ,operator3@example.invalid
R002729,S09,2026-02-02T22:44:30Z,2026-02-02T22:45:30Z,20.90,C,operator4@example.invalid
R002730, s10 ,2026-02-02T22:45:00Z,2026-02-02T22:46:00Z,69.80,F,operator0@example.invalid
R002731,S11,2026-02-02T22:45:30Z,2026-02-02T22:46:30Z,21.10,C,operator1@example.invalid
R002732,S12,2026-02-02T22:46:00Z,2026-02-02T22:47:00Z,70.16,F,operator2@example.invalid
R002733,S13,2026-02-02T22:46:30Z,2026-02-02T22:47:30Z,21.30,C,operator3@example.invalid
R002734,S14,2026-02-02T22:47:00Z,2026-02-02T22:48:00Z,70.52,F,operator4@example.invalid
R002735,S15,2026-02-02T22:47:30Z,2026-02-02T22:48:30Z,21.50,C,operator0@example.invalid
R002736,S16,2026-02-02T22:48:00Z,2026-02-02T22:49:00Z,70.88,F,operator1@example.invalid
R002737, s17 ,2026-02-02T22:48:30Z,2026-02-02T22:49:30Z,21.70,C,operator2@example.invalid
R002738,S18,2026-02-02T22:49:00Z,2026-02-02T22:50:00Z,71.24,F,operator3@example.invalid
R002739,S19,2026-02-02T22:49:30Z,2026-02-02T22:50:30Z,21.90, c ,operator4@example.invalid
R002740,S20,2026-02-02T22:50:00Z,2026-02-02T22:51:00Z,71.60,F,operator0@example.invalid
R002741,S01,2026-02-02T22:50:30Z,2026-02-02T22:51:30Z,22.10,C,operator1@example.invalid
R002742,S02,2026-02-02T22:51:00Z,2026-02-02T22:52:00Z,71.96,F,operator2@example.invalid
R002743,S03,2026-02-02T22:51:30Z,2026-02-02T22:52:30Z,22.30,C,operator3@example.invalid
R002744, s04 ,2026-02-02T22:52:00Z,2026-02-02T22:53:00Z,72.32,F,operator4@example.invalid
R002745,S05,2026-02-02T22:52:30Z,2026-02-02T22:53:30Z,22.50,C,operator0@example.invalid
R002746,S06,2026-02-02T22:53:00Z,2026-02-02T22:54:00Z,72.68,F,operator1@example.invalid
R002747,S07,2026-02-02T22:53:30Z,2026-02-02T22:54:30Z,22.70,C,operator2@example.invalid
R002748,S08,2026-02-02T22:54:00Z,2026-02-02T22:55:00Z,73.04,F,operator3@example.invalid
R002749,S09,2026-02-02T22:54:30Z,2026-02-02T22:55:30Z,22.90,C,operator4@example.invalid
R002750,S10,2026-02-02T22:55:00Z,2026-02-02T22:56:00Z,73.40, f ,operator0@example.invalid
R002751, s11 ,2026-02-02T22:55:30Z,2026-02-02T22:56:30Z,23.10,C,operator1@example.invalid
R002752,S12,2026-02-02T22:56:00Z,2026-02-02T22:57:00Z,73.76,F,operator2@example.invalid
R002753,S13,2026-02-02T22:56:30Z,2026-02-02T22:57:30Z,23.30,C,operator3@example.invalid
R002754,S14,2026-02-02T22:57:00Z,2026-02-02T22:58:00Z,74.12,F,operator4@example.invalid
R002755,S15,2026-02-02T22:57:30Z,2026-02-02T22:58:30Z,23.50,C,operator0@example.invalid
R002756,S16,2026-02-02T22:58:00Z,2026-02-02T22:59:00Z,74.48,F,operator1@example.invalid
R002757,S17,2026-02-02T22:58:30Z,2026-02-02T22:59:30Z,23.70,C,operator2@example.invalid
R002758, s18 ,2026-02-02T22:59:00Z,2026-02-02T23:00:00Z,74.84,F,operator3@example.invalid
R002759,S19,2026-02-02T22:59:30Z,2026-02-02T23:00:30Z,23.90,C,operator4@example.invalid
R002760,S20,2026-02-02T23:00:00Z,2026-02-02T23:01:00Z,75.20,F,operator0@example.invalid
R002761,S01,2026-02-02T23:00:30Z,2026-02-02T23:01:30Z,24.10, c ,operator1@example.invalid
R002762,S02,2026-02-02T23:01:00Z,2026-02-02T23:02:00Z,75.56,F,operator2@example.invalid
R002763,S03,2026-02-02T23:01:30Z,2026-02-02T23:02:30Z,24.30,C,operator3@example.invalid
R002764,S04,2026-02-02T23:02:00Z,2026-02-02T23:03:00Z,75.92,F,operator4@example.invalid
R002765, s05 ,2026-02-02T23:02:30Z,2026-02-02T23:03:30Z,24.50,C,operator0@example.invalid
R002766,S06,2026-02-02T23:03:00Z,2026-02-02T23:04:00Z,76.28,F,operator1@example.invalid
R002767,S07,2026-02-02T23:03:30Z,2026-02-02T23:04:30Z,24.70,C,operator2@example.invalid
R002768,S08,2026-02-02T23:04:00Z,2026-02-02T23:05:00Z,76.64,F,operator3@example.invalid
R002769,S09,2026-02-02T23:04:30Z,2026-02-02T23:05:30Z,24.90,C,operator4@example.invalid
R002770,S10,2026-02-02T23:05:00Z,2026-02-02T23:06:00Z,77.00,F,operator0@example.invalid
R002771,S11,2026-02-02T23:05:30Z,2026-02-02T23:06:30Z,25.10,C,operator1@example.invalid
R002772, s12 ,2026-02-02T23:06:00Z,2026-02-02T23:07:00Z,77.36, f ,operator2@example.invalid
R002773,S13,2026-02-02T23:06:30Z,2026-02-02T23:07:30Z,25.30,C,operator3@example.invalid
R002774,S14,2026-02-02T23:07:00Z,2026-02-02T23:08:00Z,77.72,F,operator4@example.invalid
R002775,S15,2026-02-02T23:07:30Z,2026-02-02T23:08:30Z,25.50,C,operator0@example.invalid
R002776,S16,2026-02-02T23:08:00Z,2026-02-02T23:09:00Z,78.08,F,operator1@example.invalid
R002777,S17,2026-02-02T23:08:30Z,2026-02-02T23:09:30Z,25.70,C,operator2@example.invalid
R002778,S18,2026-02-02T23:09:00Z,2026-02-02T23:10:00Z,78.44,F,operator3@example.invalid
R002779, s19 ,2026-02-02T23:09:30Z,2026-02-02T23:10:30Z,25.90,C,operator4@example.invalid
R002780,S20,2026-02-02T23:10:00Z,2026-02-02T23:11:00Z,78.80,F,operator0@example.invalid
R002781,S01,2026-02-02T23:10:30Z,2026-02-02T23:11:30Z,26.10,C,operator1@example.invalid
R002782,S02,2026-02-02T23:11:00Z,2026-02-02T23:12:00Z,79.16,F,operator2@example.invalid
R002783,S03,2026-02-02T23:11:30Z,2026-02-02T23:12:30Z,26.30, c ,operator3@example.invalid
R002784,S04,2026-02-02T23:12:00Z,2026-02-02T23:13:00Z,79.52,F,operator4@example.invalid
R002785,S05,2026-02-02T23:12:30Z,2026-02-02T23:13:30Z,26.50,C,operator0@example.invalid
R002786, s06 ,2026-02-02T23:13:00Z,2026-02-02T23:14:00Z,79.88,F,operator1@example.invalid
R002787,S07,2026-02-02T23:13:30Z,2026-02-02T23:14:30Z,26.70,C,operator2@example.invalid
R002788,S08,2026-02-02T23:14:00Z,2026-02-02T23:15:00Z,80.24,F,operator3@example.invalid
R002789,S09,2026-02-02T23:14:30Z,2026-02-02T23:15:30Z,26.90,C,operator4@example.invalid
R002790,S10,2026-02-02T23:15:00Z,2026-02-02T23:16:00Z,80.60,F,operator0@example.invalid
R002791,S11,2026-02-02T23:15:30Z,2026-02-02T23:16:30Z,27.10,C,operator1@example.invalid
R002792,S12,2026-02-02T23:16:00Z,2026-02-02T23:17:00Z,80.96,F,operator2@example.invalid
R002793, s13 ,2026-02-02T23:16:30Z,2026-02-02T23:17:30Z,27.30,C,operator3@example.invalid
R002794,S14,2026-02-02T23:17:00Z,2026-02-02T23:18:00Z,81.32, f ,operator4@example.invalid
R002795,S15,2026-02-02T23:17:30Z,2026-02-02T23:18:30Z,27.50,C,operator0@example.invalid
R002796,S16,2026-02-02T23:18:00Z,2026-02-02T23:19:00Z,81.68,F,operator1@example.invalid
R002797,S17,2026-02-02T23:18:30Z,2026-02-02T23:19:30Z,27.70,C,operator2@example.invalid
R002798,S18,2026-02-02T23:19:00Z,2026-02-02T23:20:00Z,82.04,F,operator3@example.invalid
R002799,S19,2026-02-02T23:19:30Z,2026-02-02T23:20:30Z,27.90,C,operator4@example.invalid
R002800, s20 ,2026-02-02T23:20:00Z,2026-02-02T23:21:00Z,64.40,F,operator0@example.invalid
R002801,S01,2026-02-02T23:20:30Z,2026-02-02T23:21:30Z,18.10,C,operator1@example.invalid
R002802,S02,2026-02-02T23:21:00Z,2026-02-02T23:22:00Z,64.76,F,operator2@example.invalid
R002803,S03,2026-02-02T23:21:30Z,2026-02-02T23:22:30Z,18.30,C,operator3@example.invalid
R002804,S04,2026-02-02T23:22:00Z,2026-02-02T23:23:00Z,65.12,F,operator4@example.invalid
R002805,S05,2026-02-02T23:22:30Z,2026-02-02T23:23:30Z,18.50, c ,operator0@example.invalid
R002806,S06,2026-02-02T23:23:00Z,2026-02-02T23:24:00Z,65.48,F,operator1@example.invalid
R002807, s07 ,2026-02-02T23:23:30Z,2026-02-02T23:24:30Z,18.70,C,operator2@example.invalid
R002808,S08,2026-02-02T23:24:00Z,2026-02-02T23:25:00Z,65.84,F,operator3@example.invalid
R002809,S09,2026-02-02T23:24:30Z,2026-02-02T23:25:30Z,18.90,C,operator4@example.invalid
R002810,S10,2026-02-02T23:25:00Z,2026-02-02T23:26:00Z,66.20,F,operator0@example.invalid
R002811,S11,2026-02-02T23:25:30Z,2026-02-02T23:26:30Z,19.10,C,operator1@example.invalid
R002812,S12,2026-02-02T23:26:00Z,2026-02-02T23:27:00Z,66.56,F,operator2@example.invalid
R002813,S13,2026-02-02T23:26:30Z,2026-02-02T23:27:30Z,19.30,C,operator3@example.invalid
R002814, s14 ,2026-02-02T23:27:00Z,2026-02-02T23:28:00Z,66.92,F,operator4@example.invalid
R002815,S15,2026-02-02T23:27:30Z,2026-02-02T23:28:30Z,19.50,C,operator0@example.invalid
R002816,S16,2026-02-02T23:28:00Z,2026-02-02T23:29:00Z,67.28, f ,operator1@example.invalid
R002817,S17,2026-02-02T23:28:30Z,2026-02-02T23:29:30Z,19.70,C,operator2@example.invalid
R002818,S18,2026-02-02T23:29:00Z,2026-02-02T23:30:00Z,67.64,F,operator3@example.invalid
R002819,S19,2026-02-02T23:29:30Z,2026-02-02T23:30:30Z,19.90,C,operator4@example.invalid
R002820,S20,2026-02-02T23:30:00Z,2026-02-02T23:31:00Z,68.00,F,operator0@example.invalid
R002821, s01 ,2026-02-02T23:30:30Z,2026-02-02T23:31:30Z,20.10,C,operator1@example.invalid
R002822,S02,2026-02-02T23:31:00Z,2026-02-02T23:32:00Z,68.36,F,operator2@example.invalid
R002823,S03,2026-02-02T23:31:30Z,2026-02-02T23:32:30Z,20.30,C,operator3@example.invalid
R002824,S04,2026-02-02T23:32:00Z,2026-02-02T23:33:00Z,68.72,F,operator4@example.invalid
R002825,S05,2026-02-02T23:32:30Z,2026-02-02T23:33:30Z,20.50,C,operator0@example.invalid
R002826,S06,2026-02-02T23:33:00Z,2026-02-02T23:34:00Z,69.08,F,operator1@example.invalid
R002827,S07,2026-02-02T23:33:30Z,2026-02-02T23:34:30Z,20.70, c ,operator2@example.invalid
R002828, s08 ,2026-02-02T23:34:00Z,2026-02-02T23:35:00Z,69.44,F,operator3@example.invalid
R002829,S09,2026-02-02T23:34:30Z,2026-02-02T23:35:30Z,20.90,C,operator4@example.invalid
R002830,S10,2026-02-02T23:35:00Z,2026-02-02T23:36:00Z,69.80,F,operator0@example.invalid
R002831,S11,2026-02-02T23:35:30Z,2026-02-02T23:36:30Z,21.10,C,operator1@example.invalid
R002832,S12,2026-02-02T23:36:00Z,2026-02-02T23:37:00Z,70.16,F,operator2@example.invalid
R002833,S13,2026-02-02T23:36:30Z,2026-02-02T23:37:30Z,21.30,C,operator3@example.invalid
R002834,S14,2026-02-02T23:37:00Z,2026-02-02T23:38:00Z,70.52,F,operator4@example.invalid
R002835, s15 ,2026-02-02T23:37:30Z,2026-02-02T23:38:30Z,21.50,C,operator0@example.invalid
R002836,S16,2026-02-02T23:38:00Z,2026-02-02T23:39:00Z,70.88,F,operator1@example.invalid
R002837,S17,2026-02-02T23:38:30Z,2026-02-02T23:39:30Z,21.70,C,operator2@example.invalid
R002838,S18,2026-02-02T23:39:00Z,2026-02-02T23:40:00Z,71.24, f ,operator3@example.invalid
R002839,S19,2026-02-02T23:39:30Z,2026-02-02T23:40:30Z,21.90,C,operator4@example.invalid
R002840,S20,2026-02-02T23:40:00Z,2026-02-02T23:41:00Z,71.60,F,operator0@example.invalid
R002841,S01,2026-02-02T23:40:30Z,2026-02-02T23:41:30Z,22.10,C,operator1@example.invalid
R002842, s02 ,2026-02-02T23:41:00Z,2026-02-02T23:42:00Z,71.96,F,operator2@example.invalid
R002843,S03,2026-02-02T23:41:30Z,2026-02-02T23:42:30Z,22.30,C,operator3@example.invalid
R002844,S04,2026-02-02T23:42:00Z,2026-02-02T23:43:00Z,72.32,F,operator4@example.invalid
R002845,S05,2026-02-02T23:42:30Z,2026-02-02T23:43:30Z,22.50,C,operator0@example.invalid
R002846,S06,2026-02-02T23:43:00Z,2026-02-02T23:44:00Z,72.68,F,operator1@example.invalid
R002847,S07,2026-02-02T23:43:30Z,2026-02-02T23:44:30Z,22.70,C,operator2@example.invalid
R002848,S08,2026-02-02T23:44:00Z,2026-02-02T23:45:00Z,73.04,F,operator3@example.invalid
R002849, s09 ,2026-02-02T23:44:30Z,2026-02-02T23:45:30Z,22.90, c ,operator4@example.invalid
R002850,S10,2026-02-02T23:45:00Z,2026-02-02T23:46:00Z,73.40,F,operator0@example.invalid
R002851,S11,2026-02-02T23:45:30Z,2026-02-02T23:46:30Z,23.10,C,operator1@example.invalid
R002852,S12,2026-02-02T23:46:00Z,2026-02-02T23:47:00Z,73.76,F,operator2@example.invalid
R002853,S13,2026-02-02T23:46:30Z,2026-02-02T23:47:30Z,23.30,C,operator3@example.invalid
R002854,S14,2026-02-02T23:47:00Z,2026-02-02T23:48:00Z,74.12,F,operator4@example.invalid
R002855,S15,2026-02-02T23:47:30Z,2026-02-02T23:48:30Z,23.50,C,operator0@example.invalid
R002856, s16 ,2026-02-02T23:48:00Z,2026-02-02T23:49:00Z,74.48,F,operator1@example.invalid
R002857,S17,2026-02-02T23:48:30Z,2026-02-02T23:49:30Z,23.70,C,operator2@example.invalid
R002858,S18,2026-02-02T23:49:00Z,2026-02-02T23:50:00Z,74.84,F,operator3@example.invalid
R002859,S19,2026-02-02T23:49:30Z,2026-02-02T23:50:30Z,23.90,C,operator4@example.invalid
R002860,S20,2026-02-02T23:50:00Z,2026-02-02T23:51:00Z,75.20, f ,operator0@example.invalid
R002861,S01,2026-02-02T23:50:30Z,2026-02-02T23:51:30Z,24.10,C,operator1@example.invalid
R002862,S02,2026-02-02T23:51:00Z,2026-02-02T23:52:00Z,75.56,F,operator2@example.invalid
R002863, s03 ,2026-02-02T23:51:30Z,2026-02-02T23:52:30Z,24.30,C,operator3@example.invalid
R002864,S04,2026-02-02T23:52:00Z,2026-02-02T23:53:00Z,75.92,F,operator4@example.invalid
R002865,S05,2026-02-02T23:52:30Z,2026-02-02T23:53:30Z,24.50,C,operator0@example.invalid
R002866,S06,2026-02-02T23:53:00Z,2026-02-02T23:54:00Z,76.28,F,operator1@example.invalid
R002867,S07,2026-02-02T23:53:30Z,2026-02-02T23:54:30Z,24.70,C,operator2@example.invalid
R002868,S08,2026-02-02T23:54:00Z,2026-02-02T23:55:00Z,76.64,F,operator3@example.invalid
R002869,S09,2026-02-02T23:54:30Z,2026-02-02T23:55:30Z,24.90,C,operator4@example.invalid
R002870, s10 ,2026-02-02T23:55:00Z,2026-02-02T23:56:00Z,77.00,F,operator0@example.invalid
R002871,S11,2026-02-02T23:55:30Z,2026-02-02T23:56:30Z,25.10, c ,operator1@example.invalid
R002872,S12,2026-02-02T23:56:00Z,2026-02-02T23:57:00Z,77.36,F,operator2@example.invalid
R002873,S13,2026-02-02T23:56:30Z,2026-02-02T23:57:30Z,25.30,C,operator3@example.invalid
R002874,S14,2026-02-02T23:57:00Z,2026-02-02T23:58:00Z,77.72,F,operator4@example.invalid
R002875,S15,2026-02-02T23:57:30Z,2026-02-02T23:58:30Z,25.50,C,operator0@example.invalid
R002876,S16,2026-02-02T23:58:00Z,2026-02-02T23:59:00Z,78.08,F,operator1@example.invalid
R002877, s17 ,2026-02-02T23:58:30Z,2026-02-02T23:59:30Z,25.70,C,operator2@example.invalid
R002878,S18,2026-02-02T23:59:00Z,2026-02-03T00:00:00Z,78.44,F,operator3@example.invalid
R002879,S19,2026-02-02T23:59:30Z,2026-02-03T00:00:30Z,25.90,C,operator4@example.invalid
R002880,S20,2026-02-03T00:00:00Z,2026-02-03T00:01:00Z,78.80,F,operator0@example.invalid
R002881,S01,2026-02-03T00:00:30Z,2026-02-03T00:01:30Z,26.10,C,operator1@example.invalid
R002882,S02,2026-02-03T00:01:00Z,2026-02-03T00:02:00Z,79.16, f ,operator2@example.invalid
R002883,S03,2026-02-03T00:01:30Z,2026-02-03T00:02:30Z,26.30,C,operator3@example.invalid
R002884, s04 ,2026-02-03T00:02:00Z,2026-02-03T00:03:00Z,79.52,F,operator4@example.invalid
R002885,S05,2026-02-03T00:02:30Z,2026-02-03T00:03:30Z,26.50,C,operator0@example.invalid
R002886,S06,2026-02-03T00:03:00Z,2026-02-03T00:04:00Z,79.88,F,operator1@example.invalid
R002887,S07,2026-02-03T00:03:30Z,2026-02-03T00:04:30Z,26.70,C,operator2@example.invalid
R002888,S08,2026-02-03T00:04:00Z,2026-02-03T00:05:00Z,80.24,F,operator3@example.invalid
R002889,S09,2026-02-03T00:04:30Z,2026-02-03T00:05:30Z,26.90,C,operator4@example.invalid
R002890,S10,2026-02-03T00:05:00Z,2026-02-03T00:06:00Z,80.60,F,operator0@example.invalid
R002891, s11 ,2026-02-03T00:05:30Z,2026-02-03T00:06:30Z,27.10,C,operator1@example.invalid
R002892,S12,2026-02-03T00:06:00Z,2026-02-03T00:07:00Z,80.96,F,operator2@example.invalid
R002893,S13,2026-02-03T00:06:30Z,2026-02-03T00:07:30Z,27.30, c ,operator3@example.invalid
R002894,S14,2026-02-03T00:07:00Z,2026-02-03T00:08:00Z,81.32,F,operator4@example.invalid
R002895,S15,2026-02-03T00:07:30Z,2026-02-03T00:08:30Z,27.50,C,operator0@example.invalid
R002896,S16,2026-02-03T00:08:00Z,2026-02-03T00:09:00Z,81.68,F,operator1@example.invalid
R002897,S17,2026-02-03T00:08:30Z,2026-02-03T00:09:30Z,27.70,C,operator2@example.invalid
R002898, s18 ,2026-02-03T00:09:00Z,2026-02-03T00:10:00Z,82.04,F,operator3@example.invalid
R002899,S19,2026-02-03T00:09:30Z,2026-02-03T00:10:30Z,27.90,C,operator4@example.invalid
R002900,S20,2026-02-03T00:10:00Z,2026-02-03T00:11:00Z,64.40,F,operator0@example.invalid
R002901,S01,2026-02-03T00:10:30Z,2026-02-03T00:11:30Z,18.10,C,operator1@example.invalid
R002902,S02,2026-02-03T00:11:00Z,2026-02-03T00:12:00Z,64.76,F,operator2@example.invalid
R002903,S03,2026-02-03T00:11:30Z,2026-02-03T00:12:30Z,18.30,C,operator3@example.invalid
R002904,S04,2026-02-03T00:12:00Z,2026-02-03T00:13:00Z,65.12, f ,operator4@example.invalid
R002905, s05 ,2026-02-03T00:12:30Z,2026-02-03T00:13:30Z,18.50,C,operator0@example.invalid
R002906,S06,2026-02-03T00:13:00Z,2026-02-03T00:14:00Z,65.48,F,operator1@example.invalid
R002907,S07,2026-02-03T00:13:30Z,2026-02-03T00:14:30Z,18.70,C,operator2@example.invalid
R002908,S08,2026-02-03T00:14:00Z,2026-02-03T00:15:00Z,65.84,F,operator3@example.invalid
R002909,S09,2026-02-03T00:14:30Z,2026-02-03T00:15:30Z,18.90,C,operator4@example.invalid
R002910,S10,2026-02-03T00:15:00Z,2026-02-03T00:16:00Z,66.20,F,operator0@example.invalid
R002911,S11,2026-02-03T00:15:30Z,2026-02-03T00:16:30Z,19.10,C,operator1@example.invalid
R002912, s12 ,2026-02-03T00:16:00Z,2026-02-03T00:17:00Z,66.56,F,operator2@example.invalid
R002913,S13,2026-02-03T00:16:30Z,2026-02-03T00:17:30Z,19.30,C,operator3@example.invalid
R002914,S14,2026-02-03T00:17:00Z,2026-02-03T00:18:00Z,66.92,F,operator4@example.invalid
R002915,S15,2026-02-03T00:17:30Z,2026-02-03T00:18:30Z,19.50, c ,operator0@example.invalid
R002916,S16,2026-02-03T00:18:00Z,2026-02-03T00:19:00Z,67.28,F,operator1@example.invalid
R002917,S17,2026-02-03T00:18:30Z,2026-02-03T00:19:30Z,19.70,C,operator2@example.invalid
R002918,S18,2026-02-03T00:19:00Z,2026-02-03T00:20:00Z,67.64,F,operator3@example.invalid
R002919, s19 ,2026-02-03T00:19:30Z,2026-02-03T00:20:30Z,19.90,C,operator4@example.invalid
R002920,S20,2026-02-03T00:20:00Z,2026-02-03T00:21:00Z,68.00,F,operator0@example.invalid
R002921,S01,2026-02-03T00:20:30Z,2026-02-03T00:21:30Z,20.10,C,operator1@example.invalid
R002922,S02,2026-02-03T00:21:00Z,2026-02-03T00:22:00Z,68.36,F,operator2@example.invalid
R002923,S03,2026-02-03T00:21:30Z,2026-02-03T00:22:30Z,20.30,C,operator3@example.invalid
R002924,S04,2026-02-03T00:22:00Z,2026-02-03T00:23:00Z,68.72,F,operator4@example.invalid
R002925,S05,2026-02-03T00:22:30Z,2026-02-03T00:23:30Z,20.50,C,operator0@example.invalid
R002926, s06 ,2026-02-03T00:23:00Z,2026-02-03T00:24:00Z,69.08, f ,operator1@example.invalid
R002927,S07,2026-02-03T00:23:30Z,2026-02-03T00:24:30Z,20.70,C,operator2@example.invalid
R002928,S08,2026-02-03T00:24:00Z,2026-02-03T00:25:00Z,69.44,F,operator3@example.invalid
R002929,S09,2026-02-03T00:24:30Z,2026-02-03T00:25:30Z,20.90,C,operator4@example.invalid
R002930,S10,2026-02-03T00:25:00Z,2026-02-03T00:26:00Z,69.80,F,operator0@example.invalid
R002931,S11,2026-02-03T00:25:30Z,2026-02-03T00:26:30Z,21.10,C,operator1@example.invalid
R002932,S12,2026-02-03T00:26:00Z,2026-02-03T00:27:00Z,70.16,F,operator2@example.invalid
R002933, s13 ,2026-02-03T00:26:30Z,2026-02-03T00:27:30Z,21.30,C,operator3@example.invalid
R002934,S14,2026-02-03T00:27:00Z,2026-02-03T00:28:00Z,70.52,F,operator4@example.invalid
R002935,S15,2026-02-03T00:27:30Z,2026-02-03T00:28:30Z,21.50,C,operator0@example.invalid
R002936,S16,2026-02-03T00:28:00Z,2026-02-03T00:29:00Z,70.88,F,operator1@example.invalid
R002937,S17,2026-02-03T00:28:30Z,2026-02-03T00:29:30Z,21.70, c ,operator2@example.invalid
R002938,S18,2026-02-03T00:29:00Z,2026-02-03T00:30:00Z,71.24,F,operator3@example.invalid
R002939,S19,2026-02-03T00:29:30Z,2026-02-03T00:30:30Z,21.90,C,operator4@example.invalid
R002940, s20 ,2026-02-03T00:30:00Z,2026-02-03T00:31:00Z,71.60,F,operator0@example.invalid
R002941,S01,2026-02-03T00:30:30Z,2026-02-03T00:31:30Z,22.10,C,operator1@example.invalid
R002942,S02,2026-02-03T00:31:00Z,2026-02-03T00:32:00Z,71.96,F,operator2@example.invalid
R002943,S03,2026-02-03T00:31:30Z,2026-02-03T00:32:30Z,22.30,C,operator3@example.invalid
R002944,S04,2026-02-03T00:32:00Z,2026-02-03T00:33:00Z,72.32,F,operator4@example.invalid
R002945,S05,2026-02-03T00:32:30Z,2026-02-03T00:33:30Z,22.50,C,operator0@example.invalid
R002946,S06,2026-02-03T00:33:00Z,2026-02-03T00:34:00Z,72.68,F,operator1@example.invalid
R002947, s07 ,2026-02-03T00:33:30Z,2026-02-03T00:34:30Z,22.70,C,operator2@example.invalid
R002948,S08,2026-02-03T00:34:00Z,2026-02-03T00:35:00Z,73.04, f ,operator3@example.invalid
R002949,S09,2026-02-03T00:34:30Z,2026-02-03T00:35:30Z,22.90,C,operator4@example.invalid
R002950,S10,2026-02-03T00:35:00Z,2026-02-03T00:36:00Z,73.40,F,operator0@example.invalid
R002951,S11,2026-02-03T00:35:30Z,2026-02-03T00:36:30Z,23.10,C,operator1@example.invalid
R002952,S12,2026-02-03T00:36:00Z,2026-02-03T00:37:00Z,73.76,F,operator2@example.invalid
R002953,S13,2026-02-03T00:36:30Z,2026-02-03T00:37:30Z,23.30,C,operator3@example.invalid
R002954, s14 ,2026-02-03T00:37:00Z,2026-02-03T00:38:00Z,74.12,F,operator4@example.invalid
R002955,S15,2026-02-03T00:37:30Z,2026-02-03T00:38:30Z,23.50,C,operator0@example.invalid
R002956,S16,2026-02-03T00:38:00Z,2026-02-03T00:39:00Z,74.48,F,operator1@example.invalid
R002957,S17,2026-02-03T00:38:30Z,2026-02-03T00:39:30Z,23.70,C,operator2@example.invalid
R002958,S18,2026-02-03T00:39:00Z,2026-02-03T00:40:00Z,74.84,F,operator3@example.invalid
R002959,S19,2026-02-03T00:39:30Z,2026-02-03T00:40:30Z,23.90, c ,operator4@example.invalid
R002960,S20,2026-02-03T00:40:00Z,2026-02-03T00:41:00Z,75.20,F,operator0@example.invalid
R002961, s01 ,2026-02-03T00:40:30Z,2026-02-03T00:41:30Z,24.10,C,operator1@example.invalid
R002962,S02,2026-02-03T00:41:00Z,2026-02-03T00:42:00Z,75.56,F,operator2@example.invalid
R002963,S03,2026-02-03T00:41:30Z,2026-02-03T00:42:30Z,24.30,C,operator3@example.invalid
R002964,S04,2026-02-03T00:42:00Z,2026-02-03T00:43:00Z,75.92,F,operator4@example.invalid
R002965,S05,2026-02-03T00:42:30Z,2026-02-03T00:43:30Z,24.50,C,operator0@example.invalid
R002966,S06,2026-02-03T00:43:00Z,2026-02-03T00:44:00Z,76.28,F,operator1@example.invalid
R002967,S07,2026-02-03T00:43:30Z,2026-02-03T00:44:30Z,24.70,C,operator2@example.invalid
R002968, s08 ,2026-02-03T00:44:00Z,2026-02-03T00:45:00Z,76.64,F,operator3@example.invalid
R002969,S09,2026-02-03T00:44:30Z,2026-02-03T00:45:30Z,24.90,C,operator4@example.invalid
R002970,S10,2026-02-03T00:45:00Z,2026-02-03T00:46:00Z,77.00, f ,operator0@example.invalid
R002971,S11,2026-02-03T00:45:30Z,2026-02-03T00:46:30Z,25.10,C,operator1@example.invalid
R002972,S12,2026-02-03T00:46:00Z,2026-02-03T00:47:00Z,77.36,F,operator2@example.invalid
R002973,S13,2026-02-03T00:46:30Z,2026-02-03T00:47:30Z,25.30,C,operator3@example.invalid
R002974,S14,2026-02-03T00:47:00Z,2026-02-03T00:48:00Z,77.72,F,operator4@example.invalid
R002975, s15 ,2026-02-03T00:47:30Z,2026-02-03T00:48:30Z,25.50,C,operator0@example.invalid
R002976,S16,2026-02-03T00:48:00Z,2026-02-03T00:49:00Z,78.08,F,operator1@example.invalid
R002977,S17,2026-02-03T00:48:30Z,2026-02-03T00:49:30Z,25.70,C,operator2@example.invalid
R002978,S18,2026-02-03T00:49:00Z,2026-02-03T00:50:00Z,78.44,F,operator3@example.invalid
R002979,S19,2026-02-03T00:49:30Z,2026-02-03T00:50:30Z,25.90,C,operator4@example.invalid
R002980,S20,2026-02-03T00:50:00Z,2026-02-03T00:51:00Z,78.80,F,operator0@example.invalid
R002981,S01,2026-02-03T00:50:30Z,2026-02-03T00:51:30Z,26.10, c ,operator1@example.invalid
R002982, s02 ,2026-02-03T00:51:00Z,2026-02-03T00:52:00Z,79.16,F,operator2@example.invalid
R002983,S03,2026-02-03T00:51:30Z,2026-02-03T00:52:30Z,26.30,C,operator3@example.invalid
R002984,S04,2026-02-03T00:52:00Z,2026-02-03T00:53:00Z,79.52,F,operator4@example.invalid
R002985,S05,2026-02-03T00:52:30Z,2026-02-03T00:53:30Z,26.50,C,operator0@example.invalid
R002986,S06,2026-02-03T00:53:00Z,2026-02-03T00:54:00Z,79.88,F,operator1@example.invalid
R002987,S07,2026-02-03T00:53:30Z,2026-02-03T00:54:30Z,26.70,C,operator2@example.invalid
R002988,S08,2026-02-03T00:54:00Z,2026-02-03T00:55:00Z,80.24,F,operator3@example.invalid
R002989, s09 ,2026-02-03T00:54:30Z,2026-02-03T00:55:30Z,26.90,C,operator4@example.invalid
R002990,S10,2026-02-03T00:55:00Z,2026-02-03T00:56:00Z,80.60,F,operator0@example.invalid
R002991,S11,2026-02-03T00:55:30Z,2026-02-03T00:56:30Z,27.10,C,operator1@example.invalid
R002992,S12,2026-02-03T00:56:00Z,2026-02-03T00:57:00Z,80.96, f ,operator2@example.invalid
R002993,S13,2026-02-03T00:56:30Z,2026-02-03T00:57:30Z,27.30,C,operator3@example.invalid
R002994,S14,2026-02-03T00:57:00Z,2026-02-03T00:58:00Z,81.32,F,operator4@example.invalid
R002995,S15,2026-02-03T00:57:30Z,2026-02-03T00:58:30Z,27.50,C,operator0@example.invalid
R002996, s16 ,2026-02-03T00:58:00Z,2026-02-03T00:59:00Z,81.68,F,operator1@example.invalid
R002997,S17,2026-02-03T00:58:30Z,2026-02-03T00:59:30Z,27.70,C,operator2@example.invalid
R002998,S18,2026-02-03T00:59:00Z,2026-02-03T01:00:00Z,82.04,F,operator3@example.invalid
R002999,S19,2026-02-03T00:59:30Z,2026-02-03T01:00:30Z,27.90,C,operator4@example.invalid
R003000,S20,2026-02-03T01:00:00Z,2026-02-03T01:01:00Z,64.40,F,operator0@example.invalid
R003001,S01,2026-02-03T01:00:30Z,2026-02-03T01:01:30Z,18.10,C,operator1@example.invalid
R003002,S02,2026-02-03T01:01:00Z,2026-02-03T01:02:00Z,64.76,F,operator2@example.invalid
R003003, s03 ,2026-02-03T01:01:30Z,2026-02-03T01:02:30Z,18.30, c ,operator3@example.invalid
R003004,S04,2026-02-03T01:02:00Z,2026-02-03T01:03:00Z,65.12,F,operator4@example.invalid
R003005,S05,2026-02-03T01:02:30Z,2026-02-03T01:03:30Z,18.50,C,operator0@example.invalid
R003006,S06,2026-02-03T01:03:00Z,2026-02-03T01:04:00Z,65.48,F,operator1@example.invalid
R003007,S07,2026-02-03T01:03:30Z,2026-02-03T01:04:30Z,18.70,C,operator2@example.invalid
R003008,S08,2026-02-03T01:04:00Z,2026-02-03T01:05:00Z,65.84,F,operator3@example.invalid
R003009,S09,2026-02-03T01:04:30Z,2026-02-03T01:05:30Z,18.90,C,operator4@example.invalid
R003010, s10 ,2026-02-03T01:05:00Z,2026-02-03T01:06:00Z,66.20,F,operator0@example.invalid
R003011,S11,2026-02-03T01:05:30Z,2026-02-03T01:06:30Z,19.10,C,operator1@example.invalid
R003012,S12,2026-02-03T01:06:00Z,2026-02-03T01:07:00Z,66.56,F,operator2@example.invalid
R003013,S13,2026-02-03T01:06:30Z,2026-02-03T01:07:30Z,19.30,C,operator3@example.invalid
R003014,S14,2026-02-03T01:07:00Z,2026-02-03T01:08:00Z,66.92, f ,operator4@example.invalid
R003015,S15,2026-02-03T01:07:30Z,2026-02-03T01:08:30Z,19.50,C,operator0@example.invalid
R003016,S16,2026-02-03T01:08:00Z,2026-02-03T01:09:00Z,67.28,F,operator1@example.invalid
R003017, s17 ,2026-02-03T01:08:30Z,2026-02-03T01:09:30Z,19.70,C,operator2@example.invalid
R003018,S18,2026-02-03T01:09:00Z,2026-02-03T01:10:00Z,67.64,F,operator3@example.invalid
R003019,S19,2026-02-03T01:09:30Z,2026-02-03T01:10:30Z,19.90,C,operator4@example.invalid
R003020,S20,2026-02-03T01:10:00Z,2026-02-03T01:11:00Z,68.00,F,operator0@example.invalid
R003021,S01,2026-02-03T01:10:30Z,2026-02-03T01:11:30Z,20.10,C,operator1@example.invalid
R003022,S02,2026-02-03T01:11:00Z,2026-02-03T01:12:00Z,68.36,F,operator2@example.invalid
R003023,S03,2026-02-03T01:11:30Z,2026-02-03T01:12:30Z,20.30,C,operator3@example.invalid
R003024, s04 ,2026-02-03T01:12:00Z,2026-02-03T01:13:00Z,68.72,F,operator4@example.invalid
R003025,S05,2026-02-03T01:12:30Z,2026-02-03T01:13:30Z,20.50, c ,operator0@example.invalid
R003026,S06,2026-02-03T01:13:00Z,2026-02-03T01:14:00Z,69.08,F,operator1@example.invalid
R003027,S07,2026-02-03T01:13:30Z,2026-02-03T01:14:30Z,20.70,C,operator2@example.invalid
R003028,S08,2026-02-03T01:14:00Z,2026-02-03T01:15:00Z,69.44,F,operator3@example.invalid
R003029,S09,2026-02-03T01:14:30Z,2026-02-03T01:15:30Z,20.90,C,operator4@example.invalid
R003030,S10,2026-02-03T01:15:00Z,2026-02-03T01:16:00Z,69.80,F,operator0@example.invalid
R003031, s11 ,2026-02-03T01:15:30Z,2026-02-03T01:16:30Z,21.10,C,operator1@example.invalid
R003032,S12,2026-02-03T01:16:00Z,2026-02-03T01:17:00Z,70.16,F,operator2@example.invalid
R003033,S13,2026-02-03T01:16:30Z,2026-02-03T01:17:30Z,21.30,C,operator3@example.invalid
R003034,S14,2026-02-03T01:17:00Z,2026-02-03T01:18:00Z,70.52,F,operator4@example.invalid
R003035,S15,2026-02-03T01:17:30Z,2026-02-03T01:18:30Z,21.50,C,operator0@example.invalid
R003036,S16,2026-02-03T01:18:00Z,2026-02-03T01:19:00Z,70.88, f ,operator1@example.invalid
R003037,S17,2026-02-03T01:18:30Z,2026-02-03T01:19:30Z,21.70,C,operator2@example.invalid
R003038, s18 ,2026-02-03T01:19:00Z,2026-02-03T01:20:00Z,71.24,F,operator3@example.invalid
R003039,S19,2026-02-03T01:19:30Z,2026-02-03T01:20:30Z,21.90,C,operator4@example.invalid
R003040,S20,2026-02-03T01:20:00Z,2026-02-03T01:21:00Z,71.60,F,operator0@example.invalid
R003041,S01,2026-02-03T01:20:30Z,2026-02-03T01:21:30Z,22.10,C,operator1@example.invalid
R003042,S02,2026-02-03T01:21:00Z,2026-02-03T01:22:00Z,71.96,F,operator2@example.invalid
R003043,S03,2026-02-03T01:21:30Z,2026-02-03T01:22:30Z,22.30,C,operator3@example.invalid
R003044,S04,2026-02-03T01:22:00Z,2026-02-03T01:23:00Z,72.32,F,operator4@example.invalid
R003045, s05 ,2026-02-03T01:22:30Z,2026-02-03T01:23:30Z,22.50,C,operator0@example.invalid
R003046,S06,2026-02-03T01:23:00Z,2026-02-03T01:24:00Z,72.68,F,operator1@example.invalid
R003047,S07,2026-02-03T01:23:30Z,2026-02-03T01:24:30Z,22.70, c ,operator2@example.invalid
R003048,S08,2026-02-03T01:24:00Z,2026-02-03T01:25:00Z,73.04,F,operator3@example.invalid
R003049,S09,2026-02-03T01:24:30Z,2026-02-03T01:25:30Z,22.90,C,operator4@example.invalid
R003050,S10,2026-02-03T01:25:00Z,2026-02-03T01:26:00Z,73.40,F,operator0@example.invalid
R003051,S11,2026-02-03T01:25:30Z,2026-02-03T01:26:30Z,23.10,C,operator1@example.invalid
R003052, s12 ,2026-02-03T01:26:00Z,2026-02-03T01:27:00Z,73.76,F,operator2@example.invalid
R003053,S13,2026-02-03T01:26:30Z,2026-02-03T01:27:30Z,23.30,C,operator3@example.invalid
R003054,S14,2026-02-03T01:27:00Z,2026-02-03T01:28:00Z,74.12,F,operator4@example.invalid
R003055,S15,2026-02-03T01:27:30Z,2026-02-03T01:28:30Z,23.50,C,operator0@example.invalid
R003056,S16,2026-02-03T01:28:00Z,2026-02-03T01:29:00Z,74.48,F,operator1@example.invalid
R003057,S17,2026-02-03T01:28:30Z,2026-02-03T01:29:30Z,23.70,C,operator2@example.invalid
R003058,S18,2026-02-03T01:29:00Z,2026-02-03T01:30:00Z,74.84, f ,operator3@example.invalid
R003059, s19 ,2026-02-03T01:29:30Z,2026-02-03T01:30:30Z,23.90,C,operator4@example.invalid
R003060,S20,2026-02-03T01:30:00Z,2026-02-03T01:31:00Z,75.20,F,operator0@example.invalid
R003061,S01,2026-02-03T01:30:30Z,2026-02-03T01:31:30Z,24.10,C,operator1@example.invalid
R003062,S02,2026-02-03T01:31:00Z,2026-02-03T01:32:00Z,75.56,F,operator2@example.invalid
R003063,S03,2026-02-03T01:31:30Z,2026-02-03T01:32:30Z,24.30,C,operator3@example.invalid
R003064,S04,2026-02-03T01:32:00Z,2026-02-03T01:33:00Z,75.92,F,operator4@example.invalid
R003065,S05,2026-02-03T01:32:30Z,2026-02-03T01:33:30Z,24.50,C,operator0@example.invalid
R003066, s06 ,2026-02-03T01:33:00Z,2026-02-03T01:34:00Z,76.28,F,operator1@example.invalid
R003067,S07,2026-02-03T01:33:30Z,2026-02-03T01:34:30Z,24.70,C,operator2@example.invalid
R003068,S08,2026-02-03T01:34:00Z,2026-02-03T01:35:00Z,76.64,F,operator3@example.invalid
R003069,S09,2026-02-03T01:34:30Z,2026-02-03T01:35:30Z,24.90, c ,operator4@example.invalid
R003070,S10,2026-02-03T01:35:00Z,2026-02-03T01:36:00Z,77.00,F,operator0@example.invalid
R003071,S11,2026-02-03T01:35:30Z,2026-02-03T01:36:30Z,25.10,C,operator1@example.invalid
R003072,S12,2026-02-03T01:36:00Z,2026-02-03T01:37:00Z,77.36,F,operator2@example.invalid
R003073, s13 ,2026-02-03T01:36:30Z,2026-02-03T01:37:30Z,25.30,C,operator3@example.invalid
R003074,S14,2026-02-03T01:37:00Z,2026-02-03T01:38:00Z,77.72,F,operator4@example.invalid
R003075,S15,2026-02-03T01:37:30Z,2026-02-03T01:38:30Z,25.50,C,operator0@example.invalid
R003076,S16,2026-02-03T01:38:00Z,2026-02-03T01:39:00Z,78.08,F,operator1@example.invalid
R003077,S17,2026-02-03T01:38:30Z,2026-02-03T01:39:30Z,25.70,C,operator2@example.invalid
R003078,S18,2026-02-03T01:39:00Z,2026-02-03T01:40:00Z,78.44,F,operator3@example.invalid
R003079,S19,2026-02-03T01:39:30Z,2026-02-03T01:40:30Z,25.90,C,operator4@example.invalid
R003080, s20 ,2026-02-03T01:40:00Z,2026-02-03T01:41:00Z,78.80, f ,operator0@example.invalid
R003081,S01,2026-02-03T01:40:30Z,2026-02-03T01:41:30Z,26.10,C,operator1@example.invalid
R003082,S02,2026-02-03T01:41:00Z,2026-02-03T01:42:00Z,79.16,F,operator2@example.invalid
R003083,S03,2026-02-03T01:41:30Z,2026-02-03T01:42:30Z,26.30,C,operator3@example.invalid
R003084,S04,2026-02-03T01:42:00Z,2026-02-03T01:43:00Z,79.52,F,operator4@example.invalid
R003085,S05,2026-02-03T01:42:30Z,2026-02-03T01:43:30Z,26.50,C,operator0@example.invalid
R003086,S06,2026-02-03T01:43:00Z,2026-02-03T01:44:00Z,79.88,F,operator1@example.invalid
R003087, s07 ,2026-02-03T01:43:30Z,2026-02-03T01:44:30Z,26.70,C,operator2@example.invalid
R003088,S08,2026-02-03T01:44:00Z,2026-02-03T01:45:00Z,80.24,F,operator3@example.invalid
R003089,S09,2026-02-03T01:44:30Z,2026-02-03T01:45:30Z,26.90,C,operator4@example.invalid
R003090,S10,2026-02-03T01:45:00Z,2026-02-03T01:46:00Z,80.60,F,operator0@example.invalid
R003091,S11,2026-02-03T01:45:30Z,2026-02-03T01:46:30Z,27.10, c ,operator1@example.invalid
R003092,S12,2026-02-03T01:46:00Z,2026-02-03T01:47:00Z,80.96,F,operator2@example.invalid
R003093,S13,2026-02-03T01:46:30Z,2026-02-03T01:47:30Z,27.30,C,operator3@example.invalid
R003094, s14 ,2026-02-03T01:47:00Z,2026-02-03T01:48:00Z,81.32,F,operator4@example.invalid
R003095,S15,2026-02-03T01:47:30Z,2026-02-03T01:48:30Z,27.50,C,operator0@example.invalid
R003096,S16,2026-02-03T01:48:00Z,2026-02-03T01:49:00Z,81.68,F,operator1@example.invalid
R003097,S17,2026-02-03T01:48:30Z,2026-02-03T01:49:30Z,27.70,C,operator2@example.invalid
R003098,S18,2026-02-03T01:49:00Z,2026-02-03T01:50:00Z,82.04,F,operator3@example.invalid
R003099,S19,2026-02-03T01:49:30Z,2026-02-03T01:50:30Z,27.90,C,operator4@example.invalid
R003100,S20,2026-02-03T01:50:00Z,2026-02-03T01:51:00Z,64.40,F,operator0@example.invalid
R003101, s01 ,2026-02-03T01:50:30Z,2026-02-03T01:51:30Z,18.10,C,operator1@example.invalid
R003102,S02,2026-02-03T01:51:00Z,2026-02-03T01:52:00Z,64.76, f ,operator2@example.invalid
R003103,S03,2026-02-03T01:51:30Z,2026-02-03T01:52:30Z,18.30,C,operator3@example.invalid
R003104,S04,2026-02-03T01:52:00Z,2026-02-03T01:53:00Z,65.12,F,operator4@example.invalid
R003105,S05,2026-02-03T01:52:30Z,2026-02-03T01:53:30Z,18.50,C,operator0@example.invalid
R003106,S06,2026-02-03T01:53:00Z,2026-02-03T01:54:00Z,65.48,F,operator1@example.invalid
R003107,S07,2026-02-03T01:53:30Z,2026-02-03T01:54:30Z,18.70,C,operator2@example.invalid
R003108, s08 ,2026-02-03T01:54:00Z,2026-02-03T01:55:00Z,65.84,F,operator3@example.invalid
R003109,S09,2026-02-03T01:54:30Z,2026-02-03T01:55:30Z,18.90,C,operator4@example.invalid
R003110,S10,2026-02-03T01:55:00Z,2026-02-03T01:56:00Z,66.20,F,operator0@example.invalid
R003111,S11,2026-02-03T01:55:30Z,2026-02-03T01:56:30Z,19.10,C,operator1@example.invalid
R003112,S12,2026-02-03T01:56:00Z,2026-02-03T01:57:00Z,66.56,F,operator2@example.invalid
R003113,S13,2026-02-03T01:56:30Z,2026-02-03T01:57:30Z,19.30, c ,operator3@example.invalid
R003114,S14,2026-02-03T01:57:00Z,2026-02-03T01:58:00Z,66.92,F,operator4@example.invalid
R003115, s15 ,2026-02-03T01:57:30Z,2026-02-03T01:58:30Z,19.50,C,operator0@example.invalid
R003116,S16,2026-02-03T01:58:00Z,2026-02-03T01:59:00Z,67.28,F,operator1@example.invalid
R003117,S17,2026-02-03T01:58:30Z,2026-02-03T01:59:30Z,19.70,C,operator2@example.invalid
R003118,S18,2026-02-03T01:59:00Z,2026-02-03T02:00:00Z,67.64,F,operator3@example.invalid
R003119,S19,2026-02-03T01:59:30Z,2026-02-03T02:00:30Z,19.90,C,operator4@example.invalid
R003120,S20,2026-02-03T02:00:00Z,2026-02-03T02:01:00Z,68.00,F,operator0@example.invalid
R003121,S01,2026-02-03T02:00:30Z,2026-02-03T02:01:30Z,20.10,C,operator1@example.invalid
R003122, s02 ,2026-02-03T02:01:00Z,2026-02-03T02:02:00Z,68.36,F,operator2@example.invalid
R003123,S03,2026-02-03T02:01:30Z,2026-02-03T02:02:30Z,20.30,C,operator3@example.invalid
R003124,S04,2026-02-03T02:02:00Z,2026-02-03T02:03:00Z,68.72, f ,operator4@example.invalid
R003125,S05,2026-02-03T02:02:30Z,2026-02-03T02:03:30Z,20.50,C,operator0@example.invalid
R003126,S06,2026-02-03T02:03:00Z,2026-02-03T02:04:00Z,69.08,F,operator1@example.invalid
R003127,S07,2026-02-03T02:03:30Z,2026-02-03T02:04:30Z,20.70,C,operator2@example.invalid
R003128,S08,2026-02-03T02:04:00Z,2026-02-03T02:05:00Z,69.44,F,operator3@example.invalid
R003129, s09 ,2026-02-03T02:04:30Z,2026-02-03T02:05:30Z,20.90,C,operator4@example.invalid
R003130,S10,2026-02-03T02:05:00Z,2026-02-03T02:06:00Z,69.80,F,operator0@example.invalid
R003131,S11,2026-02-03T02:05:30Z,2026-02-03T02:06:30Z,21.10,C,operator1@example.invalid
R003132,S12,2026-02-03T02:06:00Z,2026-02-03T02:07:00Z,70.16,F,operator2@example.invalid
R003133,S13,2026-02-03T02:06:30Z,2026-02-03T02:07:30Z,21.30,C,operator3@example.invalid
R003134,S14,2026-02-03T02:07:00Z,2026-02-03T02:08:00Z,70.52,F,operator4@example.invalid
R003135,S15,2026-02-03T02:07:30Z,2026-02-03T02:08:30Z,21.50, c ,operator0@example.invalid
R003136, s16 ,2026-02-03T02:08:00Z,2026-02-03T02:09:00Z,70.88,F,operator1@example.invalid
R003137,S17,2026-02-03T02:08:30Z,2026-02-03T02:09:30Z,21.70,C,operator2@example.invalid
R003138,S18,2026-02-03T02:09:00Z,2026-02-03T02:10:00Z,71.24,F,operator3@example.invalid
R003139,S19,2026-02-03T02:09:30Z,2026-02-03T02:10:30Z,21.90,C,operator4@example.invalid
R003140,S20,2026-02-03T02:10:00Z,2026-02-03T02:11:00Z,71.60,F,operator0@example.invalid
R003141,S01,2026-02-03T02:10:30Z,2026-02-03T02:11:30Z,22.10,C,operator1@example.invalid
R003142,S02,2026-02-03T02:11:00Z,2026-02-03T02:12:00Z,71.96,F,operator2@example.invalid
R003143, s03 ,2026-02-03T02:11:30Z,2026-02-03T02:12:30Z,22.30,C,operator3@example.invalid
R003144,S04,2026-02-03T02:12:00Z,2026-02-03T02:13:00Z,72.32,F,operator4@example.invalid
R003145,S05,2026-02-03T02:12:30Z,2026-02-03T02:13:30Z,22.50,C,operator0@example.invalid
R003146,S06,2026-02-03T02:13:00Z,2026-02-03T02:14:00Z,72.68, f ,operator1@example.invalid
R003147,S07,2026-02-03T02:13:30Z,2026-02-03T02:14:30Z,22.70,C,operator2@example.invalid
R003148,S08,2026-02-03T02:14:00Z,2026-02-03T02:15:00Z,73.04,F,operator3@example.invalid
R003149,S09,2026-02-03T02:14:30Z,2026-02-03T02:15:30Z,22.90,C,operator4@example.invalid
R003150, s10 ,2026-02-03T02:15:00Z,2026-02-03T02:16:00Z,73.40,F,operator0@example.invalid
R003151,S11,2026-02-03T02:15:30Z,2026-02-03T02:16:30Z,23.10,C,operator1@example.invalid
R003152,S12,2026-02-03T02:16:00Z,2026-02-03T02:17:00Z,73.76,F,operator2@example.invalid
R003153,S13,2026-02-03T02:16:30Z,2026-02-03T02:17:30Z,23.30,C,operator3@example.invalid
R003154,S14,2026-02-03T02:17:00Z,2026-02-03T02:18:00Z,74.12,F,operator4@example.invalid
R003155,S15,2026-02-03T02:17:30Z,2026-02-03T02:18:30Z,23.50,C,operator0@example.invalid
R003156,S16,2026-02-03T02:18:00Z,2026-02-03T02:19:00Z,74.48,F,operator1@example.invalid
R003157, s17 ,2026-02-03T02:18:30Z,2026-02-03T02:19:30Z,23.70, c ,operator2@example.invalid
R003158,S18,2026-02-03T02:19:00Z,2026-02-03T02:20:00Z,74.84,F,operator3@example.invalid
R003159,S19,2026-02-03T02:19:30Z,2026-02-03T02:20:30Z,23.90,C,operator4@example.invalid
R003160,S20,2026-02-03T02:20:00Z,2026-02-03T02:21:00Z,75.20,F,operator0@example.invalid
R003161,S01,2026-02-03T02:20:30Z,2026-02-03T02:21:30Z,24.10,C,operator1@example.invalid
R003162,S02,2026-02-03T02:21:00Z,2026-02-03T02:22:00Z,75.56,F,operator2@example.invalid
R003163,S03,2026-02-03T02:21:30Z,2026-02-03T02:22:30Z,24.30,C,operator3@example.invalid
R003164, s04 ,2026-02-03T02:22:00Z,2026-02-03T02:23:00Z,75.92,F,operator4@example.invalid
R003165,S05,2026-02-03T02:22:30Z,2026-02-03T02:23:30Z,24.50,C,operator0@example.invalid
R003166,S06,2026-02-03T02:23:00Z,2026-02-03T02:24:00Z,76.28,F,operator1@example.invalid
R003167,S07,2026-02-03T02:23:30Z,2026-02-03T02:24:30Z,24.70,C,operator2@example.invalid
R003168,S08,2026-02-03T02:24:00Z,2026-02-03T02:25:00Z,76.64, f ,operator3@example.invalid
R003169,S09,2026-02-03T02:24:30Z,2026-02-03T02:25:30Z,24.90,C,operator4@example.invalid
R003170,S10,2026-02-03T02:25:00Z,2026-02-03T02:26:00Z,77.00,F,operator0@example.invalid
R003171, s11 ,2026-02-03T02:25:30Z,2026-02-03T02:26:30Z,25.10,C,operator1@example.invalid
R003172,S12,2026-02-03T02:26:00Z,2026-02-03T02:27:00Z,77.36,F,operator2@example.invalid
R003173,S13,2026-02-03T02:26:30Z,2026-02-03T02:27:30Z,25.30,C,operator3@example.invalid
R003174,S14,2026-02-03T02:27:00Z,2026-02-03T02:28:00Z,77.72,F,operator4@example.invalid
R003175,S15,2026-02-03T02:27:30Z,2026-02-03T02:28:30Z,25.50,C,operator0@example.invalid
R003176,S16,2026-02-03T02:28:00Z,2026-02-03T02:29:00Z,78.08,F,operator1@example.invalid
R003177,S17,2026-02-03T02:28:30Z,2026-02-03T02:29:30Z,25.70,C,operator2@example.invalid
R003178, s18 ,2026-02-03T02:29:00Z,2026-02-03T02:30:00Z,78.44,F,operator3@example.invalid
R003179,S19,2026-02-03T02:29:30Z,2026-02-03T02:30:30Z,25.90, c ,operator4@example.invalid
R003180,S20,2026-02-03T02:30:00Z,2026-02-03T02:31:00Z,78.80,F,operator0@example.invalid
R003181,S01,2026-02-03T02:30:30Z,2026-02-03T02:31:30Z,26.10,C,operator1@example.invalid
R003182,S02,2026-02-03T02:31:00Z,2026-02-03T02:32:00Z,79.16,F,operator2@example.invalid
R003183,S03,2026-02-03T02:31:30Z,2026-02-03T02:32:30Z,26.30,C,operator3@example.invalid
R003184,S04,2026-02-03T02:32:00Z,2026-02-03T02:33:00Z,79.52,F,operator4@example.invalid
R003185, s05 ,2026-02-03T02:32:30Z,2026-02-03T02:33:30Z,26.50,C,operator0@example.invalid
R003186,S06,2026-02-03T02:33:00Z,2026-02-03T02:34:00Z,79.88,F,operator1@example.invalid
R003187,S07,2026-02-03T02:33:30Z,2026-02-03T02:34:30Z,26.70,C,operator2@example.invalid
R003188,S08,2026-02-03T02:34:00Z,2026-02-03T02:35:00Z,80.24,F,operator3@example.invalid
R003189,S09,2026-02-03T02:34:30Z,2026-02-03T02:35:30Z,26.90,C,operator4@example.invalid
R003190,S10,2026-02-03T02:35:00Z,2026-02-03T02:36:00Z,80.60, f ,operator0@example.invalid
R003191,S11,2026-02-03T02:35:30Z,2026-02-03T02:36:30Z,27.10,C,operator1@example.invalid
R003192, s12 ,2026-02-03T02:36:00Z,2026-02-03T02:37:00Z,80.96,F,operator2@example.invalid
R003193,S13,2026-02-03T02:36:30Z,2026-02-03T02:37:30Z,27.30,C,operator3@example.invalid
R003194,S14,2026-02-03T02:37:00Z,2026-02-03T02:38:00Z,81.32,F,operator4@example.invalid
R003195,S15,2026-02-03T02:37:30Z,2026-02-03T02:38:30Z,27.50,C,operator0@example.invalid
R003196,S16,2026-02-03T02:38:00Z,2026-02-03T02:39:00Z,81.68,F,operator1@example.invalid
R003197,S17,2026-02-03T02:38:30Z,2026-02-03T02:39:30Z,27.70,C,operator2@example.invalid
R003198,S18,2026-02-03T02:39:00Z,2026-02-03T02:40:00Z,82.04,F,operator3@example.invalid
R003199, s19 ,2026-02-03T02:39:30Z,2026-02-03T02:40:30Z,27.90,C,operator4@example.invalid
R003200,S20,2026-02-03T02:40:00Z,2026-02-03T02:41:00Z,64.40,F,operator0@example.invalid
R003201,S01,2026-02-03T02:40:30Z,2026-02-03T02:41:30Z,18.10, c ,operator1@example.invalid
R003202,S02,2026-02-03T02:41:00Z,2026-02-03T02:42:00Z,64.76,F,operator2@example.invalid
R003203,S03,2026-02-03T02:41:30Z,2026-02-03T02:42:30Z,18.30,C,operator3@example.invalid
R003204,S04,2026-02-03T02:42:00Z,2026-02-03T02:43:00Z,65.12,F,operator4@example.invalid
R003205,S05,2026-02-03T02:42:30Z,2026-02-03T02:43:30Z,18.50,C,operator0@example.invalid
R003206, s06 ,2026-02-03T02:43:00Z,2026-02-03T02:44:00Z,65.48,F,operator1@example.invalid
R003207,S07,2026-02-03T02:43:30Z,2026-02-03T02:44:30Z,18.70,C,operator2@example.invalid
R003208,S08,2026-02-03T02:44:00Z,2026-02-03T02:45:00Z,65.84,F,operator3@example.invalid
R003209,S09,2026-02-03T02:44:30Z,2026-02-03T02:45:30Z,18.90,C,operator4@example.invalid
R003210,S10,2026-02-03T02:45:00Z,2026-02-03T02:46:00Z,66.20,F,operator0@example.invalid
R003211,S11,2026-02-03T02:45:30Z,2026-02-03T02:46:30Z,19.10,C,operator1@example.invalid
R003212,S12,2026-02-03T02:46:00Z,2026-02-03T02:47:00Z,66.56, f ,operator2@example.invalid
R003213, s13 ,2026-02-03T02:46:30Z,2026-02-03T02:47:30Z,19.30,C,operator3@example.invalid
R003214,S14,2026-02-03T02:47:00Z,2026-02-03T02:48:00Z,66.92,F,operator4@example.invalid
R003215,S15,2026-02-03T02:47:30Z,2026-02-03T02:48:30Z,19.50,C,operator0@example.invalid
R003216,S16,2026-02-03T02:48:00Z,2026-02-03T02:49:00Z,67.28,F,operator1@example.invalid
R003217,S17,2026-02-03T02:48:30Z,2026-02-03T02:49:30Z,19.70,C,operator2@example.invalid
R003218,S18,2026-02-03T02:49:00Z,2026-02-03T02:50:00Z,67.64,F,operator3@example.invalid
R003219,S19,2026-02-03T02:49:30Z,2026-02-03T02:50:30Z,19.90,C,operator4@example.invalid
R003220, s20 ,2026-02-03T02:50:00Z,2026-02-03T02:51:00Z,68.00,F,operator0@example.invalid
R003221,S01,2026-02-03T02:50:30Z,2026-02-03T02:51:30Z,20.10,C,operator1@example.invalid
R003222,S02,2026-02-03T02:51:00Z,2026-02-03T02:52:00Z,68.36,F,operator2@example.invalid
R003223,S03,2026-02-03T02:51:30Z,2026-02-03T02:52:30Z,20.30, c ,operator3@example.invalid
R003224,S04,2026-02-03T02:52:00Z,2026-02-03T02:53:00Z,68.72,F,operator4@example.invalid
R003225,S05,2026-02-03T02:52:30Z,2026-02-03T02:53:30Z,20.50,C,operator0@example.invalid
R003226,S06,2026-02-03T02:53:00Z,2026-02-03T02:54:00Z,69.08,F,operator1@example.invalid
R003227, s07 ,2026-02-03T02:53:30Z,2026-02-03T02:54:30Z,20.70,C,operator2@example.invalid
R003228,S08,2026-02-03T02:54:00Z,2026-02-03T02:55:00Z,69.44,F,operator3@example.invalid
R003229,S09,2026-02-03T02:54:30Z,2026-02-03T02:55:30Z,20.90,C,operator4@example.invalid
R003230,S10,2026-02-03T02:55:00Z,2026-02-03T02:56:00Z,69.80,F,operator0@example.invalid
R003231,S11,2026-02-03T02:55:30Z,2026-02-03T02:56:30Z,21.10,C,operator1@example.invalid
R003232,S12,2026-02-03T02:56:00Z,2026-02-03T02:57:00Z,70.16,F,operator2@example.invalid
R003233,S13,2026-02-03T02:56:30Z,2026-02-03T02:57:30Z,21.30,C,operator3@example.invalid
R003234, s14 ,2026-02-03T02:57:00Z,2026-02-03T02:58:00Z,70.52, f ,operator4@example.invalid
R003235,S15,2026-02-03T02:57:30Z,2026-02-03T02:58:30Z,21.50,C,operator0@example.invalid
R003236,S16,2026-02-03T02:58:00Z,2026-02-03T02:59:00Z,70.88,F,operator1@example.invalid
R003237,S17,2026-02-03T02:58:30Z,2026-02-03T02:59:30Z,21.70,C,operator2@example.invalid
R003238,S18,2026-02-03T02:59:00Z,2026-02-03T03:00:00Z,71.24,F,operator3@example.invalid
R003239,S19,2026-02-03T02:59:30Z,2026-02-03T03:00:30Z,21.90,C,operator4@example.invalid
R003240,S20,2026-02-03T03:00:00Z,2026-02-03T03:01:00Z,71.60,F,operator0@example.invalid
R003241, s01 ,2026-02-03T03:00:30Z,2026-02-03T03:01:30Z,22.10,C,operator1@example.invalid
R003242,S02,2026-02-03T03:01:00Z,2026-02-03T03:02:00Z,71.96,F,operator2@example.invalid
R003243,S03,2026-02-03T03:01:30Z,2026-02-03T03:02:30Z,22.30,C,operator3@example.invalid
R003244,S04,2026-02-03T03:02:00Z,2026-02-03T03:03:00Z,72.32,F,operator4@example.invalid
R003245,S05,2026-02-03T03:02:30Z,2026-02-03T03:03:30Z,22.50, c ,operator0@example.invalid
R003246,S06,2026-02-03T03:03:00Z,2026-02-03T03:04:00Z,72.68,F,operator1@example.invalid
R003247,S07,2026-02-03T03:03:30Z,2026-02-03T03:04:30Z,22.70,C,operator2@example.invalid
R003248, s08 ,2026-02-03T03:04:00Z,2026-02-03T03:05:00Z,73.04,F,operator3@example.invalid
R003249,S09,2026-02-03T03:04:30Z,2026-02-03T03:05:30Z,22.90,C,operator4@example.invalid
R003250,S10,2026-02-03T03:05:00Z,2026-02-03T03:06:00Z,73.40,F,operator0@example.invalid
R003251,S11,2026-02-03T03:05:30Z,2026-02-03T03:06:30Z,23.10,C,operator1@example.invalid
R003252,S12,2026-02-03T03:06:00Z,2026-02-03T03:07:00Z,73.76,F,operator2@example.invalid
R003253,S13,2026-02-03T03:06:30Z,2026-02-03T03:07:30Z,23.30,C,operator3@example.invalid
R003254,S14,2026-02-03T03:07:00Z,2026-02-03T03:08:00Z,74.12,F,operator4@example.invalid
R003255, s15 ,2026-02-03T03:07:30Z,2026-02-03T03:08:30Z,23.50,C,operator0@example.invalid
R003256,S16,2026-02-03T03:08:00Z,2026-02-03T03:09:00Z,74.48, f ,operator1@example.invalid
R003257,S17,2026-02-03T03:08:30Z,2026-02-03T03:09:30Z,23.70,C,operator2@example.invalid
R003258,S18,2026-02-03T03:09:00Z,2026-02-03T03:10:00Z,74.84,F,operator3@example.invalid
R003259,S19,2026-02-03T03:09:30Z,2026-02-03T03:10:30Z,23.90,C,operator4@example.invalid
R003260,S20,2026-02-03T03:10:00Z,2026-02-03T03:11:00Z,75.20,F,operator0@example.invalid
R003261,S01,2026-02-03T03:10:30Z,2026-02-03T03:11:30Z,24.10,C,operator1@example.invalid
R003262, s02 ,2026-02-03T03:11:00Z,2026-02-03T03:12:00Z,75.56,F,operator2@example.invalid
R003263,S03,2026-02-03T03:11:30Z,2026-02-03T03:12:30Z,24.30,C,operator3@example.invalid
R003264,S04,2026-02-03T03:12:00Z,2026-02-03T03:13:00Z,75.92,F,operator4@example.invalid
R003265,S05,2026-02-03T03:12:30Z,2026-02-03T03:13:30Z,24.50,C,operator0@example.invalid
R003266,S06,2026-02-03T03:13:00Z,2026-02-03T03:14:00Z,76.28,F,operator1@example.invalid
R003267,S07,2026-02-03T03:13:30Z,2026-02-03T03:14:30Z,24.70, c ,operator2@example.invalid
R003268,S08,2026-02-03T03:14:00Z,2026-02-03T03:15:00Z,76.64,F,operator3@example.invalid
R003269, s09 ,2026-02-03T03:14:30Z,2026-02-03T03:15:30Z,24.90,C,operator4@example.invalid
R003270,S10,2026-02-03T03:15:00Z,2026-02-03T03:16:00Z,77.00,F,operator0@example.invalid
R003271,S11,2026-02-03T03:15:30Z,2026-02-03T03:16:30Z,25.10,C,operator1@example.invalid
R003272,S12,2026-02-03T03:16:00Z,2026-02-03T03:17:00Z,77.36,F,operator2@example.invalid
R003273,S13,2026-02-03T03:16:30Z,2026-02-03T03:17:30Z,25.30,C,operator3@example.invalid
R003274,S14,2026-02-03T03:17:00Z,2026-02-03T03:18:00Z,77.72,F,operator4@example.invalid
R003275,S15,2026-02-03T03:17:30Z,2026-02-03T03:18:30Z,25.50,C,operator0@example.invalid
R003276, s16 ,2026-02-03T03:18:00Z,2026-02-03T03:19:00Z,78.08,F,operator1@example.invalid
R003277,S17,2026-02-03T03:18:30Z,2026-02-03T03:19:30Z,25.70,C,operator2@example.invalid
R003278,S18,2026-02-03T03:19:00Z,2026-02-03T03:20:00Z,78.44, f ,operator3@example.invalid
R003279,S19,2026-02-03T03:19:30Z,2026-02-03T03:20:30Z,25.90,C,operator4@example.invalid
R003280,S20,2026-02-03T03:20:00Z,2026-02-03T03:21:00Z,78.80,F,operator0@example.invalid
R003281,S01,2026-02-03T03:20:30Z,2026-02-03T03:21:30Z,26.10,C,operator1@example.invalid
R003282,S02,2026-02-03T03:21:00Z,2026-02-03T03:22:00Z,79.16,F,operator2@example.invalid
R003283, s03 ,2026-02-03T03:21:30Z,2026-02-03T03:22:30Z,26.30,C,operator3@example.invalid
R003284,S04,2026-02-03T03:22:00Z,2026-02-03T03:23:00Z,79.52,F,operator4@example.invalid
R003285,S05,2026-02-03T03:22:30Z,2026-02-03T03:23:30Z,26.50,C,operator0@example.invalid
R003286,S06,2026-02-03T03:23:00Z,2026-02-03T03:24:00Z,79.88,F,operator1@example.invalid
R003287,S07,2026-02-03T03:23:30Z,2026-02-03T03:24:30Z,26.70,C,operator2@example.invalid
R003288,S08,2026-02-03T03:24:00Z,2026-02-03T03:25:00Z,80.24,F,operator3@example.invalid
R003289,S09,2026-02-03T03:24:30Z,2026-02-03T03:25:30Z,26.90, c ,operator4@example.invalid
R003290, s10 ,2026-02-03T03:25:00Z,2026-02-03T03:26:00Z,80.60,F,operator0@example.invalid
R003291,S11,2026-02-03T03:25:30Z,2026-02-03T03:26:30Z,27.10,C,operator1@example.invalid
R003292,S12,2026-02-03T03:26:00Z,2026-02-03T03:27:00Z,80.96,F,operator2@example.invalid
R003293,S13,2026-02-03T03:26:30Z,2026-02-03T03:27:30Z,27.30,C,operator3@example.invalid
R003294,S14,2026-02-03T03:27:00Z,2026-02-03T03:28:00Z,81.32,F,operator4@example.invalid
R003295,S15,2026-02-03T03:27:30Z,2026-02-03T03:28:30Z,27.50,C,operator0@example.invalid
R003296,S16,2026-02-03T03:28:00Z,2026-02-03T03:29:00Z,81.68,F,operator1@example.invalid
R003297, s17 ,2026-02-03T03:28:30Z,2026-02-03T03:29:30Z,27.70,C,operator2@example.invalid
R003298,S18,2026-02-03T03:29:00Z,2026-02-03T03:30:00Z,82.04,F,operator3@example.invalid
R003299,S19,2026-02-03T03:29:30Z,2026-02-03T03:30:30Z,27.90,C,operator4@example.invalid
R003300,S20,2026-02-03T03:30:00Z,2026-02-03T03:31:00Z,64.40, f ,operator0@example.invalid
R003301,S01,2026-02-03T03:30:30Z,2026-02-03T03:31:30Z,18.10,C,operator1@example.invalid
R003302,S02,2026-02-03T03:31:00Z,2026-02-03T03:32:00Z,64.76,F,operator2@example.invalid
R003303,S03,2026-02-03T03:31:30Z,2026-02-03T03:32:30Z,18.30,C,operator3@example.invalid
R003304, s04 ,2026-02-03T03:32:00Z,2026-02-03T03:33:00Z,65.12,F,operator4@example.invalid
R003305,S05,2026-02-03T03:32:30Z,2026-02-03T03:33:30Z,18.50,C,operator0@example.invalid
R003306,S06,2026-02-03T03:33:00Z,2026-02-03T03:34:00Z,65.48,F,operator1@example.invalid
R003307,S07,2026-02-03T03:33:30Z,2026-02-03T03:34:30Z,18.70,C,operator2@example.invalid
R003308,S08,2026-02-03T03:34:00Z,2026-02-03T03:35:00Z,65.84,F,operator3@example.invalid
R003309,S09,2026-02-03T03:34:30Z,2026-02-03T03:35:30Z,18.90,C,operator4@example.invalid
R003310,S10,2026-02-03T03:35:00Z,2026-02-03T03:36:00Z,66.20,F,operator0@example.invalid
R003311, s11 ,2026-02-03T03:35:30Z,2026-02-03T03:36:30Z,19.10, c ,operator1@example.invalid
R003312,S12,2026-02-03T03:36:00Z,2026-02-03T03:37:00Z,66.56,F,operator2@example.invalid
R003313,S13,2026-02-03T03:36:30Z,2026-02-03T03:37:30Z,19.30,C,operator3@example.invalid
R003314,S14,2026-02-03T03:37:00Z,2026-02-03T03:38:00Z,66.92,F,operator4@example.invalid
R003315,S15,2026-02-03T03:37:30Z,2026-02-03T03:38:30Z,19.50,C,operator0@example.invalid
R003316,S16,2026-02-03T03:38:00Z,2026-02-03T03:39:00Z,67.28,F,operator1@example.invalid
R003317,S17,2026-02-03T03:38:30Z,2026-02-03T03:39:30Z,19.70,C,operator2@example.invalid
R003318, s18 ,2026-02-03T03:39:00Z,2026-02-03T03:40:00Z,67.64,F,operator3@example.invalid
R003319,S19,2026-02-03T03:39:30Z,2026-02-03T03:40:30Z,19.90,C,operator4@example.invalid
R003320,S20,2026-02-03T03:40:00Z,2026-02-03T03:41:00Z,68.00,F,operator0@example.invalid
R003321,S01,2026-02-03T03:40:30Z,2026-02-03T03:41:30Z,20.10,C,operator1@example.invalid
R003322,S02,2026-02-03T03:41:00Z,2026-02-03T03:42:00Z,68.36, f ,operator2@example.invalid
R003323,S03,2026-02-03T03:41:30Z,2026-02-03T03:42:30Z,20.30,C,operator3@example.invalid
R003324,S04,2026-02-03T03:42:00Z,2026-02-03T03:43:00Z,68.72,F,operator4@example.invalid
R003325, s05 ,2026-02-03T03:42:30Z,2026-02-03T03:43:30Z,20.50,C,operator0@example.invalid
R003326,S06,2026-02-03T03:43:00Z,2026-02-03T03:44:00Z,69.08,F,operator1@example.invalid
R003327,S07,2026-02-03T03:43:30Z,2026-02-03T03:44:30Z,20.70,C,operator2@example.invalid
R003328,S08,2026-02-03T03:44:00Z,2026-02-03T03:45:00Z,69.44,F,operator3@example.invalid
R003329,S09,2026-02-03T03:44:30Z,2026-02-03T03:45:30Z,20.90,C,operator4@example.invalid
R003330,S10,2026-02-03T03:45:00Z,2026-02-03T03:46:00Z,69.80,F,operator0@example.invalid
R003331,S11,2026-02-03T03:45:30Z,2026-02-03T03:46:30Z,21.10,C,operator1@example.invalid
R003332, s12 ,2026-02-03T03:46:00Z,2026-02-03T03:47:00Z,70.16,F,operator2@example.invalid
R003333,S13,2026-02-03T03:46:30Z,2026-02-03T03:47:30Z,21.30, c ,operator3@example.invalid
R003334,S14,2026-02-03T03:47:00Z,2026-02-03T03:48:00Z,70.52,F,operator4@example.invalid
R003335,S15,2026-02-03T03:47:30Z,2026-02-03T03:48:30Z,21.50,C,operator0@example.invalid
R003336,S16,2026-02-03T03:48:00Z,2026-02-03T03:49:00Z,70.88,F,operator1@example.invalid
R003337,S17,2026-02-03T03:48:30Z,2026-02-03T03:49:30Z,21.70,C,operator2@example.invalid
R003338,S18,2026-02-03T03:49:00Z,2026-02-03T03:50:00Z,71.24,F,operator3@example.invalid
R003339, s19 ,2026-02-03T03:49:30Z,2026-02-03T03:50:30Z,21.90,C,operator4@example.invalid
R003340,S20,2026-02-03T03:50:00Z,2026-02-03T03:51:00Z,71.60,F,operator0@example.invalid
R003341,S01,2026-02-03T03:50:30Z,2026-02-03T03:51:30Z,22.10,C,operator1@example.invalid
R003342,S02,2026-02-03T03:51:00Z,2026-02-03T03:52:00Z,71.96,F,operator2@example.invalid
R003343,S03,2026-02-03T03:51:30Z,2026-02-03T03:52:30Z,22.30,C,operator3@example.invalid
R003344,S04,2026-02-03T03:52:00Z,2026-02-03T03:53:00Z,72.32, f ,operator4@example.invalid
R003345,S05,2026-02-03T03:52:30Z,2026-02-03T03:53:30Z,22.50,C,operator0@example.invalid
R003346, s06 ,2026-02-03T03:53:00Z,2026-02-03T03:54:00Z,72.68,F,operator1@example.invalid
R003347,S07,2026-02-03T03:53:30Z,2026-02-03T03:54:30Z,22.70,C,operator2@example.invalid
R003348,S08,2026-02-03T03:54:00Z,2026-02-03T03:55:00Z,73.04,F,operator3@example.invalid
R003349,S09,2026-02-03T03:54:30Z,2026-02-03T03:55:30Z,22.90,C,operator4@example.invalid
R003350,S10,2026-02-03T03:55:00Z,2026-02-03T03:56:00Z,73.40,F,operator0@example.invalid
R003351,S11,2026-02-03T03:55:30Z,2026-02-03T03:56:30Z,23.10,C,operator1@example.invalid
R003352,S12,2026-02-03T03:56:00Z,2026-02-03T03:57:00Z,73.76,F,operator2@example.invalid
R003353, s13 ,2026-02-03T03:56:30Z,2026-02-03T03:57:30Z,23.30,C,operator3@example.invalid
R003354,S14,2026-02-03T03:57:00Z,2026-02-03T03:58:00Z,74.12,F,operator4@example.invalid
R003355,S15,2026-02-03T03:57:30Z,2026-02-03T03:58:30Z,23.50, c ,operator0@example.invalid
R003356,S16,2026-02-03T03:58:00Z,2026-02-03T03:59:00Z,74.48,F,operator1@example.invalid
R003357,S17,2026-02-03T03:58:30Z,2026-02-03T03:59:30Z,23.70,C,operator2@example.invalid
R003358,S18,2026-02-03T03:59:00Z,2026-02-03T04:00:00Z,74.84,F,operator3@example.invalid
R003359,S19,2026-02-03T03:59:30Z,2026-02-03T04:00:30Z,23.90,C,operator4@example.invalid
R003360, s20 ,2026-02-03T04:00:00Z,2026-02-03T04:01:00Z,75.20,F,operator0@example.invalid
R003361,S01,2026-02-03T04:00:30Z,2026-02-03T04:01:30Z,24.10,C,operator1@example.invalid
R003362,S02,2026-02-03T04:01:00Z,2026-02-03T04:02:00Z,75.56,F,operator2@example.invalid
R003363,S03,2026-02-03T04:01:30Z,2026-02-03T04:02:30Z,24.30,C,operator3@example.invalid
R003364,S04,2026-02-03T04:02:00Z,2026-02-03T04:03:00Z,75.92,F,operator4@example.invalid
R003365,S05,2026-02-03T04:02:30Z,2026-02-03T04:03:30Z,24.50,C,operator0@example.invalid
R003366,S06,2026-02-03T04:03:00Z,2026-02-03T04:04:00Z,76.28, f ,operator1@example.invalid
R003367, s07 ,2026-02-03T04:03:30Z,2026-02-03T04:04:30Z,24.70,C,operator2@example.invalid
R003368,S08,2026-02-03T04:04:00Z,2026-02-03T04:05:00Z,76.64,F,operator3@example.invalid
R003369,S09,2026-02-03T04:04:30Z,2026-02-03T04:05:30Z,24.90,C,operator4@example.invalid
R003370,S10,2026-02-03T04:05:00Z,2026-02-03T04:06:00Z,77.00,F,operator0@example.invalid
R003371,S11,2026-02-03T04:05:30Z,2026-02-03T04:06:30Z,25.10,C,operator1@example.invalid
R003372,S12,2026-02-03T04:06:00Z,2026-02-03T04:07:00Z,77.36,F,operator2@example.invalid
R003373,S13,2026-02-03T04:06:30Z,2026-02-03T04:07:30Z,25.30,C,operator3@example.invalid
R003374, s14 ,2026-02-03T04:07:00Z,2026-02-03T04:08:00Z,77.72,F,operator4@example.invalid
R003375,S15,2026-02-03T04:07:30Z,2026-02-03T04:08:30Z,25.50,C,operator0@example.invalid
R003376,S16,2026-02-03T04:08:00Z,2026-02-03T04:09:00Z,78.08,F,operator1@example.invalid
R003377,S17,2026-02-03T04:08:30Z,2026-02-03T04:09:30Z,25.70, c ,operator2@example.invalid
R003378,S18,2026-02-03T04:09:00Z,2026-02-03T04:10:00Z,78.44,F,operator3@example.invalid
R003379,S19,2026-02-03T04:09:30Z,2026-02-03T04:10:30Z,25.90,C,operator4@example.invalid
R003380,S20,2026-02-03T04:10:00Z,2026-02-03T04:11:00Z,78.80,F,operator0@example.invalid
R003381, s01 ,2026-02-03T04:10:30Z,2026-02-03T04:11:30Z,26.10,C,operator1@example.invalid
R003382,S02,2026-02-03T04:11:00Z,2026-02-03T04:12:00Z,79.16,F,operator2@example.invalid
R003383,S03,2026-02-03T04:11:30Z,2026-02-03T04:12:30Z,26.30,C,operator3@example.invalid
R003384,S04,2026-02-03T04:12:00Z,2026-02-03T04:13:00Z,79.52,F,operator4@example.invalid
R003385,S05,2026-02-03T04:12:30Z,2026-02-03T04:13:30Z,26.50,C,operator0@example.invalid
R003386,S06,2026-02-03T04:13:00Z,2026-02-03T04:14:00Z,79.88,F,operator1@example.invalid
R003387,S07,2026-02-03T04:13:30Z,2026-02-03T04:14:30Z,26.70,C,operator2@example.invalid
R003388, s08 ,2026-02-03T04:14:00Z,2026-02-03T04:15:00Z,80.24, f ,operator3@example.invalid
R003389,S09,2026-02-03T04:14:30Z,2026-02-03T04:15:30Z,26.90,C,operator4@example.invalid
R003390,S10,2026-02-03T04:15:00Z,2026-02-03T04:16:00Z,80.60,F,operator0@example.invalid
R003391,S11,2026-02-03T04:15:30Z,2026-02-03T04:16:30Z,27.10,C,operator1@example.invalid
R003392,S12,2026-02-03T04:16:00Z,2026-02-03T04:17:00Z,80.96,F,operator2@example.invalid
R003393,S13,2026-02-03T04:16:30Z,2026-02-03T04:17:30Z,27.30,C,operator3@example.invalid
R003394,S14,2026-02-03T04:17:00Z,2026-02-03T04:18:00Z,81.32,F,operator4@example.invalid
R003395, s15 ,2026-02-03T04:17:30Z,2026-02-03T04:18:30Z,27.50,C,operator0@example.invalid
R003396,S16,2026-02-03T04:18:00Z,2026-02-03T04:19:00Z,81.68,F,operator1@example.invalid
R003397,S17,2026-02-03T04:18:30Z,2026-02-03T04:19:30Z,27.70,C,operator2@example.invalid
R003398,S18,2026-02-03T04:19:00Z,2026-02-03T04:20:00Z,82.04,F,operator3@example.invalid
R003399,S19,2026-02-03T04:19:30Z,2026-02-03T04:20:30Z,27.90, c ,operator4@example.invalid
R003400,S20,2026-02-03T04:20:00Z,2026-02-03T04:21:00Z,64.40,F,operator0@example.invalid
R003401,S01,2026-02-03T04:20:30Z,2026-02-03T04:21:30Z,18.10,C,operator1@example.invalid
R003402, s02 ,2026-02-03T04:21:00Z,2026-02-03T04:22:00Z,64.76,F,operator2@example.invalid
R003403,S03,2026-02-03T04:21:30Z,2026-02-03T04:22:30Z,18.30,C,operator3@example.invalid
R003404,S04,2026-02-03T04:22:00Z,2026-02-03T04:23:00Z,65.12,F,operator4@example.invalid
R003405,S05,2026-02-03T04:22:30Z,2026-02-03T04:23:30Z,18.50,C,operator0@example.invalid
R003406,S06,2026-02-03T04:23:00Z,2026-02-03T04:24:00Z,65.48,F,operator1@example.invalid
R003407,S07,2026-02-03T04:23:30Z,2026-02-03T04:24:30Z,18.70,C,operator2@example.invalid
R003408,S08,2026-02-03T04:24:00Z,2026-02-03T04:25:00Z,65.84,F,operator3@example.invalid
R003409, s09 ,2026-02-03T04:24:30Z,2026-02-03T04:25:30Z,18.90,C,operator4@example.invalid
R003410,S10,2026-02-03T04:25:00Z,2026-02-03T04:26:00Z,66.20, f ,operator0@example.invalid
R003411,S11,2026-02-03T04:25:30Z,2026-02-03T04:26:30Z,19.10,C,operator1@example.invalid
R003412,S12,2026-02-03T04:26:00Z,2026-02-03T04:27:00Z,66.56,F,operator2@example.invalid
R003413,S13,2026-02-03T04:26:30Z,2026-02-03T04:27:30Z,19.30,C,operator3@example.invalid
R003414,S14,2026-02-03T04:27:00Z,2026-02-03T04:28:00Z,66.92,F,operator4@example.invalid
R003415,S15,2026-02-03T04:27:30Z,2026-02-03T04:28:30Z,19.50,C,operator0@example.invalid
R003416, s16 ,2026-02-03T04:28:00Z,2026-02-03T04:29:00Z,67.28,F,operator1@example.invalid
R003417,S17,2026-02-03T04:28:30Z,2026-02-03T04:29:30Z,19.70,C,operator2@example.invalid
R003418,S18,2026-02-03T04:29:00Z,2026-02-03T04:30:00Z,67.64,F,operator3@example.invalid
R003419,S19,2026-02-03T04:29:30Z,2026-02-03T04:30:30Z,19.90,C,operator4@example.invalid
R003420,S20,2026-02-03T04:30:00Z,2026-02-03T04:31:00Z,68.00,F,operator0@example.invalid
R003421,S01,2026-02-03T04:30:30Z,2026-02-03T04:31:30Z,20.10, c ,operator1@example.invalid
R003422,S02,2026-02-03T04:31:00Z,2026-02-03T04:32:00Z,68.36,F,operator2@example.invalid
R003423, s03 ,2026-02-03T04:31:30Z,2026-02-03T04:32:30Z,20.30,C,operator3@example.invalid
R003424,S04,2026-02-03T04:32:00Z,2026-02-03T04:33:00Z,68.72,F,operator4@example.invalid
R003425,S05,2026-02-03T04:32:30Z,2026-02-03T04:33:30Z,20.50,C,operator0@example.invalid
R003426,S06,2026-02-03T04:33:00Z,2026-02-03T04:34:00Z,69.08,F,operator1@example.invalid
R003427,S07,2026-02-03T04:33:30Z,2026-02-03T04:34:30Z,20.70,C,operator2@example.invalid
R003428,S08,2026-02-03T04:34:00Z,2026-02-03T04:35:00Z,69.44,F,operator3@example.invalid
R003429,S09,2026-02-03T04:34:30Z,2026-02-03T04:35:30Z,20.90,C,operator4@example.invalid
R003430, s10 ,2026-02-03T04:35:00Z,2026-02-03T04:36:00Z,69.80,F,operator0@example.invalid
R003431,S11,2026-02-03T04:35:30Z,2026-02-03T04:36:30Z,21.10,C,operator1@example.invalid
R003432,S12,2026-02-03T04:36:00Z,2026-02-03T04:37:00Z,70.16, f ,operator2@example.invalid
R003433,S13,2026-02-03T04:36:30Z,2026-02-03T04:37:30Z,21.30,C,operator3@example.invalid
R003434,S14,2026-02-03T04:37:00Z,2026-02-03T04:38:00Z,70.52,F,operator4@example.invalid
R003435,S15,2026-02-03T04:37:30Z,2026-02-03T04:38:30Z,21.50,C,operator0@example.invalid
R003436,S16,2026-02-03T04:38:00Z,2026-02-03T04:39:00Z,70.88,F,operator1@example.invalid
R003437, s17 ,2026-02-03T04:38:30Z,2026-02-03T04:39:30Z,21.70,C,operator2@example.invalid
R003438,S18,2026-02-03T04:39:00Z,2026-02-03T04:40:00Z,71.24,F,operator3@example.invalid
R003439,S19,2026-02-03T04:39:30Z,2026-02-03T04:40:30Z,21.90,C,operator4@example.invalid
R003440,S20,2026-02-03T04:40:00Z,2026-02-03T04:41:00Z,71.60,F,operator0@example.invalid
R003441,S01,2026-02-03T04:40:30Z,2026-02-03T04:41:30Z,22.10,C,operator1@example.invalid
R003442,S02,2026-02-03T04:41:00Z,2026-02-03T04:42:00Z,71.96,F,operator2@example.invalid
R003443,S03,2026-02-03T04:41:30Z,2026-02-03T04:42:30Z,22.30, c ,operator3@example.invalid
R003444, s04 ,2026-02-03T04:42:00Z,2026-02-03T04:43:00Z,72.32,F,operator4@example.invalid
R003445,S05,2026-02-03T04:42:30Z,2026-02-03T04:43:30Z,22.50,C,operator0@example.invalid
R003446,S06,2026-02-03T04:43:00Z,2026-02-03T04:44:00Z,72.68,F,operator1@example.invalid
R003447,S07,2026-02-03T04:43:30Z,2026-02-03T04:44:30Z,22.70,C,operator2@example.invalid
R003448,S08,2026-02-03T04:44:00Z,2026-02-03T04:45:00Z,73.04,F,operator3@example.invalid
R003449,S09,2026-02-03T04:44:30Z,2026-02-03T04:45:30Z,22.90,C,operator4@example.invalid
R003450,S10,2026-02-03T04:45:00Z,2026-02-03T04:46:00Z,73.40,F,operator0@example.invalid
R003451, s11 ,2026-02-03T04:45:30Z,2026-02-03T04:46:30Z,23.10,C,operator1@example.invalid
R003452,S12,2026-02-03T04:46:00Z,2026-02-03T04:47:00Z,73.76,F,operator2@example.invalid
R003453,S13,2026-02-03T04:46:30Z,2026-02-03T04:47:30Z,23.30,C,operator3@example.invalid
R003454,S14,2026-02-03T04:47:00Z,2026-02-03T04:48:00Z,74.12, f ,operator4@example.invalid
R003455,S15,2026-02-03T04:47:30Z,2026-02-03T04:48:30Z,23.50,C,operator0@example.invalid
R003456,S16,2026-02-03T04:48:00Z,2026-02-03T04:49:00Z,74.48,F,operator1@example.invalid
R003457,S17,2026-02-03T04:48:30Z,2026-02-03T04:49:30Z,23.70,C,operator2@example.invalid
R003458, s18 ,2026-02-03T04:49:00Z,2026-02-03T04:50:00Z,74.84,F,operator3@example.invalid
R003459,S19,2026-02-03T04:49:30Z,2026-02-03T04:50:30Z,23.90,C,operator4@example.invalid
R003460,S20,2026-02-03T04:50:00Z,2026-02-03T04:51:00Z,75.20,F,operator0@example.invalid
R003461,S01,2026-02-03T04:50:30Z,2026-02-03T04:51:30Z,24.10,C,operator1@example.invalid
R003462,S02,2026-02-03T04:51:00Z,2026-02-03T04:52:00Z,75.56,F,operator2@example.invalid
R003463,S03,2026-02-03T04:51:30Z,2026-02-03T04:52:30Z,24.30,C,operator3@example.invalid
R003464,S04,2026-02-03T04:52:00Z,2026-02-03T04:53:00Z,75.92,F,operator4@example.invalid
R003465, s05 ,2026-02-03T04:52:30Z,2026-02-03T04:53:30Z,24.50, c ,operator0@example.invalid
R003466,S06,2026-02-03T04:53:00Z,2026-02-03T04:54:00Z,76.28,F,operator1@example.invalid
R003467,S07,2026-02-03T04:53:30Z,2026-02-03T04:54:30Z,24.70,C,operator2@example.invalid
R003468,S08,2026-02-03T04:54:00Z,2026-02-03T04:55:00Z,76.64,F,operator3@example.invalid
R003469,S09,2026-02-03T04:54:30Z,2026-02-03T04:55:30Z,24.90,C,operator4@example.invalid
R003470,S10,2026-02-03T04:55:00Z,2026-02-03T04:56:00Z,77.00,F,operator0@example.invalid
R003471,S11,2026-02-03T04:55:30Z,2026-02-03T04:56:30Z,25.10,C,operator1@example.invalid
R003472, s12 ,2026-02-03T04:56:00Z,2026-02-03T04:57:00Z,77.36,F,operator2@example.invalid
R003473,S13,2026-02-03T04:56:30Z,2026-02-03T04:57:30Z,25.30,C,operator3@example.invalid
R003474,S14,2026-02-03T04:57:00Z,2026-02-03T04:58:00Z,77.72,F,operator4@example.invalid
R003475,S15,2026-02-03T04:57:30Z,2026-02-03T04:58:30Z,25.50,C,operator0@example.invalid
R003476,S16,2026-02-03T04:58:00Z,2026-02-03T04:59:00Z,78.08, f ,operator1@example.invalid
R003477,S17,2026-02-03T04:58:30Z,2026-02-03T04:59:30Z,25.70,C,operator2@example.invalid
R003478,S18,2026-02-03T04:59:00Z,2026-02-03T05:00:00Z,78.44,F,operator3@example.invalid
R003479, s19 ,2026-02-03T04:59:30Z,2026-02-03T05:00:30Z,25.90,C,operator4@example.invalid
R003480,S20,2026-02-03T05:00:00Z,2026-02-03T05:01:00Z,78.80,F,operator0@example.invalid
R003481,S01,2026-02-03T05:00:30Z,2026-02-03T05:01:30Z,26.10,C,operator1@example.invalid
R003482,S02,2026-02-03T05:01:00Z,2026-02-03T05:02:00Z,79.16,F,operator2@example.invalid
R003483,S03,2026-02-03T05:01:30Z,2026-02-03T05:02:30Z,26.30,C,operator3@example.invalid
R003484,S04,2026-02-03T05:02:00Z,2026-02-03T05:03:00Z,79.52,F,operator4@example.invalid
R003485,S05,2026-02-03T05:02:30Z,2026-02-03T05:03:30Z,26.50,C,operator0@example.invalid
R003486, s06 ,2026-02-03T05:03:00Z,2026-02-03T05:04:00Z,79.88,F,operator1@example.invalid
R003487,S07,2026-02-03T05:03:30Z,2026-02-03T05:04:30Z,26.70, c ,operator2@example.invalid
R003488,S08,2026-02-03T05:04:00Z,2026-02-03T05:05:00Z,80.24,F,operator3@example.invalid
R003489,S09,2026-02-03T05:04:30Z,2026-02-03T05:05:30Z,26.90,C,operator4@example.invalid
R003490,S10,2026-02-03T05:05:00Z,2026-02-03T05:06:00Z,80.60,F,operator0@example.invalid
R003491,S11,2026-02-03T05:05:30Z,2026-02-03T05:06:30Z,27.10,C,operator1@example.invalid
R003492,S12,2026-02-03T05:06:00Z,2026-02-03T05:07:00Z,80.96,F,operator2@example.invalid
R003493, s13 ,2026-02-03T05:06:30Z,2026-02-03T05:07:30Z,27.30,C,operator3@example.invalid
R003494,S14,2026-02-03T05:07:00Z,2026-02-03T05:08:00Z,81.32,F,operator4@example.invalid
R003495,S15,2026-02-03T05:07:30Z,2026-02-03T05:08:30Z,27.50,C,operator0@example.invalid
R003496,S16,2026-02-03T05:08:00Z,2026-02-03T05:09:00Z,81.68,F,operator1@example.invalid
R003497,S17,2026-02-03T05:08:30Z,2026-02-03T05:09:30Z,27.70,C,operator2@example.invalid
R003498,S18,2026-02-03T05:09:00Z,2026-02-03T05:10:00Z,82.04, f ,operator3@example.invalid
R003499,S19,2026-02-03T05:09:30Z,2026-02-03T05:10:30Z,27.90,C,operator4@example.invalid
R003500, s20 ,2026-02-03T05:10:00Z,2026-02-03T05:11:00Z,64.40,F,operator0@example.invalid
R003501,S01,2026-02-03T05:10:30Z,2026-02-03T05:11:30Z,18.10,C,operator1@example.invalid
R003502,S02,2026-02-03T05:11:00Z,2026-02-03T05:12:00Z,64.76,F,operator2@example.invalid
R003503,S03,2026-02-03T05:11:30Z,2026-02-03T05:12:30Z,18.30,C,operator3@example.invalid
R003504,S04,2026-02-03T05:12:00Z,2026-02-03T05:13:00Z,65.12,F,operator4@example.invalid
R003505,S05,2026-02-03T05:12:30Z,2026-02-03T05:13:30Z,18.50,C,operator0@example.invalid
R003506,S06,2026-02-03T05:13:00Z,2026-02-03T05:14:00Z,65.48,F,operator1@example.invalid
R003507, s07 ,2026-02-03T05:13:30Z,2026-02-03T05:14:30Z,18.70,C,operator2@example.invalid
R003508,S08,2026-02-03T05:14:00Z,2026-02-03T05:15:00Z,65.84,F,operator3@example.invalid
R003509,S09,2026-02-03T05:14:30Z,2026-02-03T05:15:30Z,18.90, c ,operator4@example.invalid
R003510,S10,2026-02-03T05:15:00Z,2026-02-03T05:16:00Z,66.20,F,operator0@example.invalid
R003511,S11,2026-02-03T05:15:30Z,2026-02-03T05:16:30Z,19.10,C,operator1@example.invalid
R003512,S12,2026-02-03T05:16:00Z,2026-02-03T05:17:00Z,66.56,F,operator2@example.invalid
R003513,S13,2026-02-03T05:16:30Z,2026-02-03T05:17:30Z,19.30,C,operator3@example.invalid
R003514, s14 ,2026-02-03T05:17:00Z,2026-02-03T05:18:00Z,66.92,F,operator4@example.invalid
R003515,S15,2026-02-03T05:17:30Z,2026-02-03T05:18:30Z,19.50,C,operator0@example.invalid
R003516,S16,2026-02-03T05:18:00Z,2026-02-03T05:19:00Z,67.28,F,operator1@example.invalid
R003517,S17,2026-02-03T05:18:30Z,2026-02-03T05:19:30Z,19.70,C,operator2@example.invalid
R003518,S18,2026-02-03T05:19:00Z,2026-02-03T05:20:00Z,67.64,F,operator3@example.invalid
R003519,S19,2026-02-03T05:19:30Z,2026-02-03T05:20:30Z,19.90,C,operator4@example.invalid
R003520,S20,2026-02-03T05:20:00Z,2026-02-03T05:21:00Z,68.00, f ,operator0@example.invalid
R003521, s01 ,2026-02-03T05:20:30Z,2026-02-03T05:21:30Z,20.10,C,operator1@example.invalid
R003522,S02,2026-02-03T05:21:00Z,2026-02-03T05:22:00Z,68.36,F,operator2@example.invalid
R003523,S03,2026-02-03T05:21:30Z,2026-02-03T05:22:30Z,20.30,C,operator3@example.invalid
R003524,S04,2026-02-03T05:22:00Z,2026-02-03T05:23:00Z,68.72,F,operator4@example.invalid
R003525,S05,2026-02-03T05:22:30Z,2026-02-03T05:23:30Z,20.50,C,operator0@example.invalid
R003526,S06,2026-02-03T05:23:00Z,2026-02-03T05:24:00Z,69.08,F,operator1@example.invalid
R003527,S07,2026-02-03T05:23:30Z,2026-02-03T05:24:30Z,20.70,C,operator2@example.invalid
R003528, s08 ,2026-02-03T05:24:00Z,2026-02-03T05:25:00Z,69.44,F,operator3@example.invalid
R003529,S09,2026-02-03T05:24:30Z,2026-02-03T05:25:30Z,20.90,C,operator4@example.invalid
R003530,S10,2026-02-03T05:25:00Z,2026-02-03T05:26:00Z,69.80,F,operator0@example.invalid
R003531,S11,2026-02-03T05:25:30Z,2026-02-03T05:26:30Z,21.10, c ,operator1@example.invalid
R003532,S12,2026-02-03T05:26:00Z,2026-02-03T05:27:00Z,70.16,F,operator2@example.invalid
R003533,S13,2026-02-03T05:26:30Z,2026-02-03T05:27:30Z,21.30,C,operator3@example.invalid
R003534,S14,2026-02-03T05:27:00Z,2026-02-03T05:28:00Z,70.52,F,operator4@example.invalid
R003535, s15 ,2026-02-03T05:27:30Z,2026-02-03T05:28:30Z,21.50,C,operator0@example.invalid
R003536,S16,2026-02-03T05:28:00Z,2026-02-03T05:29:00Z,70.88,F,operator1@example.invalid
R003537,S17,2026-02-03T05:28:30Z,2026-02-03T05:29:30Z,21.70,C,operator2@example.invalid
R003538,S18,2026-02-03T05:29:00Z,2026-02-03T05:30:00Z,71.24,F,operator3@example.invalid
R003539,S19,2026-02-03T05:29:30Z,2026-02-03T05:30:30Z,21.90,C,operator4@example.invalid
R003540,S20,2026-02-03T05:30:00Z,2026-02-03T05:31:00Z,71.60,F,operator0@example.invalid
R003541,S01,2026-02-03T05:30:30Z,2026-02-03T05:31:30Z,22.10,C,operator1@example.invalid
R003542, s02 ,2026-02-03T05:31:00Z,2026-02-03T05:32:00Z,71.96, f ,operator2@example.invalid
R003543,S03,2026-02-03T05:31:30Z,2026-02-03T05:32:30Z,22.30,C,operator3@example.invalid
R003544,S04,2026-02-03T05:32:00Z,2026-02-03T05:33:00Z,72.32,F,operator4@example.invalid
R003545,S05,2026-02-03T05:32:30Z,2026-02-03T05:33:30Z,22.50,C,operator0@example.invalid
R003546,S06,2026-02-03T05:33:00Z,2026-02-03T05:34:00Z,72.68,F,operator1@example.invalid
R003547,S07,2026-02-03T05:33:30Z,2026-02-03T05:34:30Z,22.70,C,operator2@example.invalid
R003548,S08,2026-02-03T05:34:00Z,2026-02-03T05:35:00Z,73.04,F,operator3@example.invalid
R003549, s09 ,2026-02-03T05:34:30Z,2026-02-03T05:35:30Z,22.90,C,operator4@example.invalid
R003550,S10,2026-02-03T05:35:00Z,2026-02-03T05:36:00Z,73.40,F,operator0@example.invalid
R003551,S11,2026-02-03T05:35:30Z,2026-02-03T05:36:30Z,23.10,C,operator1@example.invalid
R003552,S12,2026-02-03T05:36:00Z,2026-02-03T05:37:00Z,73.76,F,operator2@example.invalid
R003553,S13,2026-02-03T05:36:30Z,2026-02-03T05:37:30Z,23.30, c ,operator3@example.invalid
R003554,S14,2026-02-03T05:37:00Z,2026-02-03T05:38:00Z,74.12,F,operator4@example.invalid
R003555,S15,2026-02-03T05:37:30Z,2026-02-03T05:38:30Z,23.50,C,operator0@example.invalid
R003556, s16 ,2026-02-03T05:38:00Z,2026-02-03T05:39:00Z,74.48,F,operator1@example.invalid
R003557,S17,2026-02-03T05:38:30Z,2026-02-03T05:39:30Z,23.70,C,operator2@example.invalid
R003558,S18,2026-02-03T05:39:00Z,2026-02-03T05:40:00Z,74.84,F,operator3@example.invalid
R003559,S19,2026-02-03T05:39:30Z,2026-02-03T05:40:30Z,23.90,C,operator4@example.invalid
R003560,S20,2026-02-03T05:40:00Z,2026-02-03T05:41:00Z,75.20,F,operator0@example.invalid
R003561,S01,2026-02-03T05:40:30Z,2026-02-03T05:41:30Z,24.10,C,operator1@example.invalid
R003562,S02,2026-02-03T05:41:00Z,2026-02-03T05:42:00Z,75.56,F,operator2@example.invalid
R003563, s03 ,2026-02-03T05:41:30Z,2026-02-03T05:42:30Z,24.30,C,operator3@example.invalid
R003564,S04,2026-02-03T05:42:00Z,2026-02-03T05:43:00Z,75.92, f ,operator4@example.invalid
R003565,S05,2026-02-03T05:42:30Z,2026-02-03T05:43:30Z,24.50,C,operator0@example.invalid
R003566,S06,2026-02-03T05:43:00Z,2026-02-03T05:44:00Z,76.28,F,operator1@example.invalid
R003567,S07,2026-02-03T05:43:30Z,2026-02-03T05:44:30Z,24.70,C,operator2@example.invalid
R003568,S08,2026-02-03T05:44:00Z,2026-02-03T05:45:00Z,76.64,F,operator3@example.invalid
R003569,S09,2026-02-03T05:44:30Z,2026-02-03T05:45:30Z,24.90,C,operator4@example.invalid
R003570, s10 ,2026-02-03T05:45:00Z,2026-02-03T05:46:00Z,77.00,F,operator0@example.invalid
R003571,S11,2026-02-03T05:45:30Z,2026-02-03T05:46:30Z,25.10,C,operator1@example.invalid
R003572,S12,2026-02-03T05:46:00Z,2026-02-03T05:47:00Z,77.36,F,operator2@example.invalid
R003573,S13,2026-02-03T05:46:30Z,2026-02-03T05:47:30Z,25.30,C,operator3@example.invalid
R003574,S14,2026-02-03T05:47:00Z,2026-02-03T05:48:00Z,77.72,F,operator4@example.invalid
R003575,S15,2026-02-03T05:47:30Z,2026-02-03T05:48:30Z,25.50, c ,operator0@example.invalid
R003576,S16,2026-02-03T05:48:00Z,2026-02-03T05:49:00Z,78.08,F,operator1@example.invalid
R003577, s17 ,2026-02-03T05:48:30Z,2026-02-03T05:49:30Z,25.70,C,operator2@example.invalid
R003578,S18,2026-02-03T05:49:00Z,2026-02-03T05:50:00Z,78.44,F,operator3@example.invalid
R003579,S19,2026-02-03T05:49:30Z,2026-02-03T05:50:30Z,25.90,C,operator4@example.invalid
R003580,S20,2026-02-03T05:50:00Z,2026-02-03T05:51:00Z,78.80,F,operator0@example.invalid
R003581,S01,2026-02-03T05:50:30Z,2026-02-03T05:51:30Z,26.10,C,operator1@example.invalid
R003582,S02,2026-02-03T05:51:00Z,2026-02-03T05:52:00Z,79.16,F,operator2@example.invalid
R003583,S03,2026-02-03T05:51:30Z,2026-02-03T05:52:30Z,26.30,C,operator3@example.invalid
R003584, s04 ,2026-02-03T05:52:00Z,2026-02-03T05:53:00Z,79.52,F,operator4@example.invalid
R003585,S05,2026-02-03T05:52:30Z,2026-02-03T05:53:30Z,26.50,C,operator0@example.invalid
R003586,S06,2026-02-03T05:53:00Z,2026-02-03T05:54:00Z,79.88, f ,operator1@example.invalid
R003587,S07,2026-02-03T05:53:30Z,2026-02-03T05:54:30Z,26.70,C,operator2@example.invalid
R003588,S08,2026-02-03T05:54:00Z,2026-02-03T05:55:00Z,80.24,F,operator3@example.invalid
R003589,S09,2026-02-03T05:54:30Z,2026-02-03T05:55:30Z,26.90,C,operator4@example.invalid
R003590,S10,2026-02-03T05:55:00Z,2026-02-03T05:56:00Z,80.60,F,operator0@example.invalid
R003591, s11 ,2026-02-03T05:55:30Z,2026-02-03T05:56:30Z,27.10,C,operator1@example.invalid
R003592,S12,2026-02-03T05:56:00Z,2026-02-03T05:57:00Z,80.96,F,operator2@example.invalid
R003593,S13,2026-02-03T05:56:30Z,2026-02-03T05:57:30Z,27.30,C,operator3@example.invalid
R003594,S14,2026-02-03T05:57:00Z,2026-02-03T05:58:00Z,81.32,F,operator4@example.invalid
R003595,S15,2026-02-03T05:57:30Z,2026-02-03T05:58:30Z,27.50,C,operator0@example.invalid
R003596,S16,2026-02-03T05:58:00Z,2026-02-03T05:59:00Z,81.68,F,operator1@example.invalid
R003597,S17,2026-02-03T05:58:30Z,2026-02-03T05:59:30Z,27.70, c ,operator2@example.invalid
R003598, s18 ,2026-02-03T05:59:00Z,2026-02-03T06:00:00Z,82.04,F,operator3@example.invalid
R003599,S19,2026-02-03T05:59:30Z,2026-02-03T06:00:30Z,27.90,C,operator4@example.invalid
R003600,S20,2026-02-03T06:00:00Z,2026-02-03T06:01:00Z,64.40,F,operator0@example.invalid
R003601,S01,2026-02-03T06:00:30Z,2026-02-03T06:01:30Z,18.10,C,operator1@example.invalid
R003602,S02,2026-02-03T06:01:00Z,2026-02-03T06:02:00Z,64.76,F,operator2@example.invalid
R003603,S03,2026-02-03T06:01:30Z,2026-02-03T06:02:30Z,18.30,C,operator3@example.invalid
R003604,S04,2026-02-03T06:02:00Z,2026-02-03T06:03:00Z,65.12,F,operator4@example.invalid
R003605, s05 ,2026-02-03T06:02:30Z,2026-02-03T06:03:30Z,18.50,C,operator0@example.invalid
R003606,S06,2026-02-03T06:03:00Z,2026-02-03T06:04:00Z,65.48,F,operator1@example.invalid
R003607,S07,2026-02-03T06:03:30Z,2026-02-03T06:04:30Z,18.70,C,operator2@example.invalid
R003608,S08,2026-02-03T06:04:00Z,2026-02-03T06:05:00Z,65.84, f ,operator3@example.invalid
R003609,S09,2026-02-03T06:04:30Z,2026-02-03T06:05:30Z,18.90,C,operator4@example.invalid
R003610,S10,2026-02-03T06:05:00Z,2026-02-03T06:06:00Z,66.20,F,operator0@example.invalid
R003611,S11,2026-02-03T06:05:30Z,2026-02-03T06:06:30Z,19.10,C,operator1@example.invalid
R003612, s12 ,2026-02-03T06:06:00Z,2026-02-03T06:07:00Z,66.56,F,operator2@example.invalid
R003613,S13,2026-02-03T06:06:30Z,2026-02-03T06:07:30Z,19.30,C,operator3@example.invalid
R003614,S14,2026-02-03T06:07:00Z,2026-02-03T06:08:00Z,66.92,F,operator4@example.invalid
R003615,S15,2026-02-03T06:07:30Z,2026-02-03T06:08:30Z,19.50,C,operator0@example.invalid
R003616,S16,2026-02-03T06:08:00Z,2026-02-03T06:09:00Z,67.28,F,operator1@example.invalid
R003617,S17,2026-02-03T06:08:30Z,2026-02-03T06:09:30Z,19.70,C,operator2@example.invalid
R003618,S18,2026-02-03T06:09:00Z,2026-02-03T06:10:00Z,67.64,F,operator3@example.invalid
R003619, s19 ,2026-02-03T06:09:30Z,2026-02-03T06:10:30Z,19.90, c ,operator4@example.invalid
R003620,S20,2026-02-03T06:10:00Z,2026-02-03T06:11:00Z,68.00,F,operator0@example.invalid
R003621,S01,2026-02-03T06:10:30Z,2026-02-03T06:11:30Z,20.10,C,operator1@example.invalid
R003622,S02,2026-02-03T06:11:00Z,2026-02-03T06:12:00Z,68.36,F,operator2@example.invalid
R003623,S03,2026-02-03T06:11:30Z,2026-02-03T06:12:30Z,20.30,C,operator3@example.invalid
R003624,S04,2026-02-03T06:12:00Z,2026-02-03T06:13:00Z,68.72,F,operator4@example.invalid
R003625,S05,2026-02-03T06:12:30Z,2026-02-03T06:13:30Z,20.50,C,operator0@example.invalid
R003626, s06 ,2026-02-03T06:13:00Z,2026-02-03T06:14:00Z,69.08,F,operator1@example.invalid
R003627,S07,2026-02-03T06:13:30Z,2026-02-03T06:14:30Z,20.70,C,operator2@example.invalid
R003628,S08,2026-02-03T06:14:00Z,2026-02-03T06:15:00Z,69.44,F,operator3@example.invalid
R003629,S09,2026-02-03T06:14:30Z,2026-02-03T06:15:30Z,20.90,C,operator4@example.invalid
R003630,S10,2026-02-03T06:15:00Z,2026-02-03T06:16:00Z,69.80, f ,operator0@example.invalid
R003631,S11,2026-02-03T06:15:30Z,2026-02-03T06:16:30Z,21.10,C,operator1@example.invalid
R003632,S12,2026-02-03T06:16:00Z,2026-02-03T06:17:00Z,70.16,F,operator2@example.invalid
R003633, s13 ,2026-02-03T06:16:30Z,2026-02-03T06:17:30Z,21.30,C,operator3@example.invalid
R003634,S14,2026-02-03T06:17:00Z,2026-02-03T06:18:00Z,70.52,F,operator4@example.invalid
R003635,S15,2026-02-03T06:17:30Z,2026-02-03T06:18:30Z,21.50,C,operator0@example.invalid
R003636,S16,2026-02-03T06:18:00Z,2026-02-03T06:19:00Z,70.88,F,operator1@example.invalid
R003637,S17,2026-02-03T06:18:30Z,2026-02-03T06:19:30Z,21.70,C,operator2@example.invalid
R003638,S18,2026-02-03T06:19:00Z,2026-02-03T06:20:00Z,71.24,F,operator3@example.invalid
R003639,S19,2026-02-03T06:19:30Z,2026-02-03T06:20:30Z,21.90,C,operator4@example.invalid
R003640, s20 ,2026-02-03T06:20:00Z,2026-02-03T06:21:00Z,71.60,F,operator0@example.invalid
R003641,S01,2026-02-03T06:20:30Z,2026-02-03T06:21:30Z,22.10, c ,operator1@example.invalid
R003642,S02,2026-02-03T06:21:00Z,2026-02-03T06:22:00Z,71.96,F,operator2@example.invalid
R003643,S03,2026-02-03T06:21:30Z,2026-02-03T06:22:30Z,22.30,C,operator3@example.invalid
R003644,S04,2026-02-03T06:22:00Z,2026-02-03T06:23:00Z,72.32,F,operator4@example.invalid
R003645,S05,2026-02-03T06:22:30Z,2026-02-03T06:23:30Z,22.50,C,operator0@example.invalid
R003646,S06,2026-02-03T06:23:00Z,2026-02-03T06:24:00Z,72.68,F,operator1@example.invalid
R003647, s07 ,2026-02-03T06:23:30Z,2026-02-03T06:24:30Z,22.70,C,operator2@example.invalid
R003648,S08,2026-02-03T06:24:00Z,2026-02-03T06:25:00Z,73.04,F,operator3@example.invalid
R003649,S09,2026-02-03T06:24:30Z,2026-02-03T06:25:30Z,22.90,C,operator4@example.invalid
R003650,S10,2026-02-03T06:25:00Z,2026-02-03T06:26:00Z,73.40,F,operator0@example.invalid
R003651,S11,2026-02-03T06:25:30Z,2026-02-03T06:26:30Z,23.10,C,operator1@example.invalid
R003652,S12,2026-02-03T06:26:00Z,2026-02-03T06:27:00Z,73.76, f ,operator2@example.invalid
R003653,S13,2026-02-03T06:26:30Z,2026-02-03T06:27:30Z,23.30,C,operator3@example.invalid
R003654, s14 ,2026-02-03T06:27:00Z,2026-02-03T06:28:00Z,74.12,F,operator4@example.invalid
R003655,S15,2026-02-03T06:27:30Z,2026-02-03T06:28:30Z,23.50,C,operator0@example.invalid
R003656,S16,2026-02-03T06:28:00Z,2026-02-03T06:29:00Z,74.48,F,operator1@example.invalid
R003657,S17,2026-02-03T06:28:30Z,2026-02-03T06:29:30Z,23.70,C,operator2@example.invalid
R003658,S18,2026-02-03T06:29:00Z,2026-02-03T06:30:00Z,74.84,F,operator3@example.invalid
R003659,S19,2026-02-03T06:29:30Z,2026-02-03T06:30:30Z,23.90,C,operator4@example.invalid
R003660,S20,2026-02-03T06:30:00Z,2026-02-03T06:31:00Z,75.20,F,operator0@example.invalid
R003661, s01 ,2026-02-03T06:30:30Z,2026-02-03T06:31:30Z,24.10,C,operator1@example.invalid
R003662,S02,2026-02-03T06:31:00Z,2026-02-03T06:32:00Z,75.56,F,operator2@example.invalid
R003663,S03,2026-02-03T06:31:30Z,2026-02-03T06:32:30Z,24.30, c ,operator3@example.invalid
R003664,S04,2026-02-03T06:32:00Z,2026-02-03T06:33:00Z,75.92,F,operator4@example.invalid
R003665,S05,2026-02-03T06:32:30Z,2026-02-03T06:33:30Z,24.50,C,operator0@example.invalid
R003666,S06,2026-02-03T06:33:00Z,2026-02-03T06:34:00Z,76.28,F,operator1@example.invalid
R003667,S07,2026-02-03T06:33:30Z,2026-02-03T06:34:30Z,24.70,C,operator2@example.invalid
R003668, s08 ,2026-02-03T06:34:00Z,2026-02-03T06:35:00Z,76.64,F,operator3@example.invalid
R003669,S09,2026-02-03T06:34:30Z,2026-02-03T06:35:30Z,24.90,C,operator4@example.invalid
R003670,S10,2026-02-03T06:35:00Z,2026-02-03T06:36:00Z,77.00,F,operator0@example.invalid
R003671,S11,2026-02-03T06:35:30Z,2026-02-03T06:36:30Z,25.10,C,operator1@example.invalid
R003672,S12,2026-02-03T06:36:00Z,2026-02-03T06:37:00Z,77.36,F,operator2@example.invalid
R003673,S13,2026-02-03T06:36:30Z,2026-02-03T06:37:30Z,25.30,C,operator3@example.invalid
R003674,S14,2026-02-03T06:37:00Z,2026-02-03T06:38:00Z,77.72, f ,operator4@example.invalid
R003675, s15 ,2026-02-03T06:37:30Z,2026-02-03T06:38:30Z,25.50,C,operator0@example.invalid
R003676,S16,2026-02-03T06:38:00Z,2026-02-03T06:39:00Z,78.08,F,operator1@example.invalid
R003677,S17,2026-02-03T06:38:30Z,2026-02-03T06:39:30Z,25.70,C,operator2@example.invalid
R003678,S18,2026-02-03T06:39:00Z,2026-02-03T06:40:00Z,78.44,F,operator3@example.invalid
R003679,S19,2026-02-03T06:39:30Z,2026-02-03T06:40:30Z,25.90,C,operator4@example.invalid
R003680,S20,2026-02-03T06:40:00Z,2026-02-03T06:41:00Z,78.80,F,operator0@example.invalid
R003681,S01,2026-02-03T06:40:30Z,2026-02-03T06:41:30Z,26.10,C,operator1@example.invalid
R003682, s02 ,2026-02-03T06:41:00Z,2026-02-03T06:42:00Z,79.16,F,operator2@example.invalid
R003683,S03,2026-02-03T06:41:30Z,2026-02-03T06:42:30Z,26.30,C,operator3@example.invalid
R003684,S04,2026-02-03T06:42:00Z,2026-02-03T06:43:00Z,79.52,F,operator4@example.invalid
R003685,S05,2026-02-03T06:42:30Z,2026-02-03T06:43:30Z,26.50, c ,operator0@example.invalid
R003686,S06,2026-02-03T06:43:00Z,2026-02-03T06:44:00Z,79.88,F,operator1@example.invalid
R003687,S07,2026-02-03T06:43:30Z,2026-02-03T06:44:30Z,26.70,C,operator2@example.invalid
R003688,S08,2026-02-03T06:44:00Z,2026-02-03T06:45:00Z,80.24,F,operator3@example.invalid
R003689, s09 ,2026-02-03T06:44:30Z,2026-02-03T06:45:30Z,26.90,C,operator4@example.invalid
R003690,S10,2026-02-03T06:45:00Z,2026-02-03T06:46:00Z,80.60,F,operator0@example.invalid
R003691,S11,2026-02-03T06:45:30Z,2026-02-03T06:46:30Z,27.10,C,operator1@example.invalid
R003692,S12,2026-02-03T06:46:00Z,2026-02-03T06:47:00Z,80.96,F,operator2@example.invalid
R003693,S13,2026-02-03T06:46:30Z,2026-02-03T06:47:30Z,27.30,C,operator3@example.invalid
R003694,S14,2026-02-03T06:47:00Z,2026-02-03T06:48:00Z,81.32,F,operator4@example.invalid
R003695,S15,2026-02-03T06:47:30Z,2026-02-03T06:48:30Z,27.50,C,operator0@example.invalid
R003696, s16 ,2026-02-03T06:48:00Z,2026-02-03T06:49:00Z,81.68, f ,operator1@example.invalid
R003697,S17,2026-02-03T06:48:30Z,2026-02-03T06:49:30Z,27.70,C,operator2@example.invalid
R003698,S18,2026-02-03T06:49:00Z,2026-02-03T06:50:00Z,82.04,F,operator3@example.invalid
R003699,S19,2026-02-03T06:49:30Z,2026-02-03T06:50:30Z,27.90,C,operator4@example.invalid
R003700,S20,2026-02-03T06:50:00Z,2026-02-03T06:51:00Z,64.40,F,operator0@example.invalid
R003701,S01,2026-02-03T06:50:30Z,2026-02-03T06:51:30Z,18.10,C,operator1@example.invalid
R003702,S02,2026-02-03T06:51:00Z,2026-02-03T06:52:00Z,64.76,F,operator2@example.invalid
R003703, s03 ,2026-02-03T06:51:30Z,2026-02-03T06:52:30Z,18.30,C,operator3@example.invalid
R003704,S04,2026-02-03T06:52:00Z,2026-02-03T06:53:00Z,65.12,F,operator4@example.invalid
R003705,S05,2026-02-03T06:52:30Z,2026-02-03T06:53:30Z,18.50,C,operator0@example.invalid
R003706,S06,2026-02-03T06:53:00Z,2026-02-03T06:54:00Z,65.48,F,operator1@example.invalid
R003707,S07,2026-02-03T06:53:30Z,2026-02-03T06:54:30Z,18.70, c ,operator2@example.invalid
R003708,S08,2026-02-03T06:54:00Z,2026-02-03T06:55:00Z,65.84,F,operator3@example.invalid
R003709,S09,2026-02-03T06:54:30Z,2026-02-03T06:55:30Z,18.90,C,operator4@example.invalid
R003710, s10 ,2026-02-03T06:55:00Z,2026-02-03T06:56:00Z,66.20,F,operator0@example.invalid
R003711,S11,2026-02-03T06:55:30Z,2026-02-03T06:56:30Z,19.10,C,operator1@example.invalid
R003712,S12,2026-02-03T06:56:00Z,2026-02-03T06:57:00Z,66.56,F,operator2@example.invalid
R003713,S13,2026-02-03T06:56:30Z,2026-02-03T06:57:30Z,19.30,C,operator3@example.invalid
R003714,S14,2026-02-03T06:57:00Z,2026-02-03T06:58:00Z,66.92,F,operator4@example.invalid
R003715,S15,2026-02-03T06:57:30Z,2026-02-03T06:58:30Z,19.50,C,operator0@example.invalid
R003716,S16,2026-02-03T06:58:00Z,2026-02-03T06:59:00Z,67.28,F,operator1@example.invalid
R003717, s17 ,2026-02-03T06:58:30Z,2026-02-03T06:59:30Z,19.70,C,operator2@example.invalid
R003718,S18,2026-02-03T06:59:00Z,2026-02-03T07:00:00Z,67.64, f ,operator3@example.invalid
R003719,S19,2026-02-03T06:59:30Z,2026-02-03T07:00:30Z,19.90,C,operator4@example.invalid
R003720,S20,2026-02-03T07:00:00Z,2026-02-03T07:01:00Z,68.00,F,operator0@example.invalid
R003721,S01,2026-02-03T07:00:30Z,2026-02-03T07:01:30Z,20.10,C,operator1@example.invalid
R003722,S02,2026-02-03T07:01:00Z,2026-02-03T07:02:00Z,68.36,F,operator2@example.invalid
R003723,S03,2026-02-03T07:01:30Z,2026-02-03T07:02:30Z,20.30,C,operator3@example.invalid
R003724, s04 ,2026-02-03T07:02:00Z,2026-02-03T07:03:00Z,68.72,F,operator4@example.invalid
R003725,S05,2026-02-03T07:02:30Z,2026-02-03T07:03:30Z,20.50,C,operator0@example.invalid
R003726,S06,2026-02-03T07:03:00Z,2026-02-03T07:04:00Z,69.08,F,operator1@example.invalid
R003727,S07,2026-02-03T07:03:30Z,2026-02-03T07:04:30Z,20.70,C,operator2@example.invalid
R003728,S08,2026-02-03T07:04:00Z,2026-02-03T07:05:00Z,69.44,F,operator3@example.invalid
R003729,S09,2026-02-03T07:04:30Z,2026-02-03T07:05:30Z,20.90, c ,operator4@example.invalid
R003730,S10,2026-02-03T07:05:00Z,2026-02-03T07:06:00Z,69.80,F,operator0@example.invalid
R003731, s11 ,2026-02-03T07:05:30Z,2026-02-03T07:06:30Z,21.10,C,operator1@example.invalid
R003732,S12,2026-02-03T07:06:00Z,2026-02-03T07:07:00Z,70.16,F,operator2@example.invalid
R003733,S13,2026-02-03T07:06:30Z,2026-02-03T07:07:30Z,21.30,C,operator3@example.invalid
R003734,S14,2026-02-03T07:07:00Z,2026-02-03T07:08:00Z,70.52,F,operator4@example.invalid
R003735,S15,2026-02-03T07:07:30Z,2026-02-03T07:08:30Z,21.50,C,operator0@example.invalid
R003736,S16,2026-02-03T07:08:00Z,2026-02-03T07:09:00Z,70.88,F,operator1@example.invalid
R003737,S17,2026-02-03T07:08:30Z,2026-02-03T07:09:30Z,21.70,C,operator2@example.invalid
R003738, s18 ,2026-02-03T07:09:00Z,2026-02-03T07:10:00Z,71.24,F,operator3@example.invalid
R003739,S19,2026-02-03T07:09:30Z,2026-02-03T07:10:30Z,21.90,C,operator4@example.invalid
R003740,S20,2026-02-03T07:10:00Z,2026-02-03T07:11:00Z,71.60, f ,operator0@example.invalid
R003741,S01,2026-02-03T07:10:30Z,2026-02-03T07:11:30Z,22.10,C,operator1@example.invalid
R003742,S02,2026-02-03T07:11:00Z,2026-02-03T07:12:00Z,71.96,F,operator2@example.invalid
R003743,S03,2026-02-03T07:11:30Z,2026-02-03T07:12:30Z,22.30,C,operator3@example.invalid
R003744,S04,2026-02-03T07:12:00Z,2026-02-03T07:13:00Z,72.32,F,operator4@example.invalid
R003745, s05 ,2026-02-03T07:12:30Z,2026-02-03T07:13:30Z,22.50,C,operator0@example.invalid
R003746,S06,2026-02-03T07:13:00Z,2026-02-03T07:14:00Z,72.68,F,operator1@example.invalid
R003747,S07,2026-02-03T07:13:30Z,2026-02-03T07:14:30Z,22.70,C,operator2@example.invalid
R003748,S08,2026-02-03T07:14:00Z,2026-02-03T07:15:00Z,73.04,F,operator3@example.invalid
R003749,S09,2026-02-03T07:14:30Z,2026-02-03T07:15:30Z,22.90,C,operator4@example.invalid
R003750,S10,2026-02-03T07:15:00Z,2026-02-03T07:16:00Z,73.40,F,operator0@example.invalid
R003751,S11,2026-02-03T07:15:30Z,2026-02-03T07:16:30Z,23.10, c ,operator1@example.invalid
R003752, s12 ,2026-02-03T07:16:00Z,2026-02-03T07:17:00Z,73.76,F,operator2@example.invalid
R003753,S13,2026-02-03T07:16:30Z,2026-02-03T07:17:30Z,23.30,C,operator3@example.invalid
R003754,S14,2026-02-03T07:17:00Z,2026-02-03T07:18:00Z,74.12,F,operator4@example.invalid
R003755,S15,2026-02-03T07:17:30Z,2026-02-03T07:18:30Z,23.50,C,operator0@example.invalid
R003756,S16,2026-02-03T07:18:00Z,2026-02-03T07:19:00Z,74.48,F,operator1@example.invalid
R003757,S17,2026-02-03T07:18:30Z,2026-02-03T07:19:30Z,23.70,C,operator2@example.invalid
R003758,S18,2026-02-03T07:19:00Z,2026-02-03T07:20:00Z,74.84,F,operator3@example.invalid
R003759, s19 ,2026-02-03T07:19:30Z,2026-02-03T07:20:30Z,23.90,C,operator4@example.invalid
R003760,S20,2026-02-03T07:20:00Z,2026-02-03T07:21:00Z,75.20,F,operator0@example.invalid
R003761,S01,2026-02-03T07:20:30Z,2026-02-03T07:21:30Z,24.10,C,operator1@example.invalid
R003762,S02,2026-02-03T07:21:00Z,2026-02-03T07:22:00Z,75.56, f ,operator2@example.invalid
R003763,S03,2026-02-03T07:21:30Z,2026-02-03T07:22:30Z,24.30,C,operator3@example.invalid
R003764,S04,2026-02-03T07:22:00Z,2026-02-03T07:23:00Z,75.92,F,operator4@example.invalid
R003765,S05,2026-02-03T07:22:30Z,2026-02-03T07:23:30Z,24.50,C,operator0@example.invalid
R003766, s06 ,2026-02-03T07:23:00Z,2026-02-03T07:24:00Z,76.28,F,operator1@example.invalid
R003767,S07,2026-02-03T07:23:30Z,2026-02-03T07:24:30Z,24.70,C,operator2@example.invalid
R003768,S08,2026-02-03T07:24:00Z,2026-02-03T07:25:00Z,76.64,F,operator3@example.invalid
R003769,S09,2026-02-03T07:24:30Z,2026-02-03T07:25:30Z,24.90,C,operator4@example.invalid
R003770,S10,2026-02-03T07:25:00Z,2026-02-03T07:26:00Z,77.00,F,operator0@example.invalid
R003771,S11,2026-02-03T07:25:30Z,2026-02-03T07:26:30Z,25.10,C,operator1@example.invalid
R003772,S12,2026-02-03T07:26:00Z,2026-02-03T07:27:00Z,77.36,F,operator2@example.invalid
R003773, s13 ,2026-02-03T07:26:30Z,2026-02-03T07:27:30Z,25.30, c ,operator3@example.invalid
R003774,S14,2026-02-03T07:27:00Z,2026-02-03T07:28:00Z,77.72,F,operator4@example.invalid
R003775,S15,2026-02-03T07:27:30Z,2026-02-03T07:28:30Z,25.50,C,operator0@example.invalid
R003776,S16,2026-02-03T07:28:00Z,2026-02-03T07:29:00Z,78.08,F,operator1@example.invalid
R003777,S17,2026-02-03T07:28:30Z,2026-02-03T07:29:30Z,25.70,C,operator2@example.invalid
R003778,S18,2026-02-03T07:29:00Z,2026-02-03T07:30:00Z,78.44,F,operator3@example.invalid
R003779,S19,2026-02-03T07:29:30Z,2026-02-03T07:30:30Z,25.90,C,operator4@example.invalid
R003780, s20 ,2026-02-03T07:30:00Z,2026-02-03T07:31:00Z,78.80,F,operator0@example.invalid
R003781,S01,2026-02-03T07:30:30Z,2026-02-03T07:31:30Z,26.10,C,operator1@example.invalid
R003782,S02,2026-02-03T07:31:00Z,2026-02-03T07:32:00Z,79.16,F,operator2@example.invalid
R003783,S03,2026-02-03T07:31:30Z,2026-02-03T07:32:30Z,26.30,C,operator3@example.invalid
R003784,S04,2026-02-03T07:32:00Z,2026-02-03T07:33:00Z,79.52, f ,operator4@example.invalid
R003785,S05,2026-02-03T07:32:30Z,2026-02-03T07:33:30Z,26.50,C,operator0@example.invalid
R003786,S06,2026-02-03T07:33:00Z,2026-02-03T07:34:00Z,79.88,F,operator1@example.invalid
R003787, s07 ,2026-02-03T07:33:30Z,2026-02-03T07:34:30Z,26.70,C,operator2@example.invalid
R003788,S08,2026-02-03T07:34:00Z,2026-02-03T07:35:00Z,80.24,F,operator3@example.invalid
R003789,S09,2026-02-03T07:34:30Z,2026-02-03T07:35:30Z,26.90,C,operator4@example.invalid
R003790,S10,2026-02-03T07:35:00Z,2026-02-03T07:36:00Z,80.60,F,operator0@example.invalid
R003791,S11,2026-02-03T07:35:30Z,2026-02-03T07:36:30Z,27.10,C,operator1@example.invalid
R003792,S12,2026-02-03T07:36:00Z,2026-02-03T07:37:00Z,80.96,F,operator2@example.invalid
R003793,S13,2026-02-03T07:36:30Z,2026-02-03T07:37:30Z,27.30,C,operator3@example.invalid
R003794, s14 ,2026-02-03T07:37:00Z,2026-02-03T07:38:00Z,81.32,F,operator4@example.invalid
R003795,S15,2026-02-03T07:37:30Z,2026-02-03T07:38:30Z,27.50, c ,operator0@example.invalid
R003796,S16,2026-02-03T07:38:00Z,2026-02-03T07:39:00Z,81.68,F,operator1@example.invalid
R003797,S17,2026-02-03T07:38:30Z,2026-02-03T07:39:30Z,27.70,C,operator2@example.invalid
R003798,S18,2026-02-03T07:39:00Z,2026-02-03T07:40:00Z,82.04,F,operator3@example.invalid
R003799,S19,2026-02-03T07:39:30Z,2026-02-03T07:40:30Z,27.90,C,operator4@example.invalid
R003800,S20,2026-02-03T07:40:00Z,2026-02-03T07:41:00Z,64.40,F,operator0@example.invalid
R003801, s01 ,2026-02-03T07:40:30Z,2026-02-03T07:41:30Z,18.10,C,operator1@example.invalid
R003802,S02,2026-02-03T07:41:00Z,2026-02-03T07:42:00Z,64.76,F,operator2@example.invalid
R003803,S03,2026-02-03T07:41:30Z,2026-02-03T07:42:30Z,18.30,C,operator3@example.invalid
R003804,S04,2026-02-03T07:42:00Z,2026-02-03T07:43:00Z,65.12,F,operator4@example.invalid
R003805,S05,2026-02-03T07:42:30Z,2026-02-03T07:43:30Z,18.50,C,operator0@example.invalid
R003806,S06,2026-02-03T07:43:00Z,2026-02-03T07:44:00Z,65.48, f ,operator1@example.invalid
R003807,S07,2026-02-03T07:43:30Z,2026-02-03T07:44:30Z,18.70,C,operator2@example.invalid
R003808, s08 ,2026-02-03T07:44:00Z,2026-02-03T07:45:00Z,65.84,F,operator3@example.invalid
R003809,S09,2026-02-03T07:44:30Z,2026-02-03T07:45:30Z,18.90,C,operator4@example.invalid
R003810,S10,2026-02-03T07:45:00Z,2026-02-03T07:46:00Z,66.20,F,operator0@example.invalid
R003811,S11,2026-02-03T07:45:30Z,2026-02-03T07:46:30Z,19.10,C,operator1@example.invalid
R003812,S12,2026-02-03T07:46:00Z,2026-02-03T07:47:00Z,66.56,F,operator2@example.invalid
R003813,S13,2026-02-03T07:46:30Z,2026-02-03T07:47:30Z,19.30,C,operator3@example.invalid
R003814,S14,2026-02-03T07:47:00Z,2026-02-03T07:48:00Z,66.92,F,operator4@example.invalid
R003815, s15 ,2026-02-03T07:47:30Z,2026-02-03T07:48:30Z,19.50,C,operator0@example.invalid
R003816,S16,2026-02-03T07:48:00Z,2026-02-03T07:49:00Z,67.28,F,operator1@example.invalid
R003817,S17,2026-02-03T07:48:30Z,2026-02-03T07:49:30Z,19.70, c ,operator2@example.invalid
R003818,S18,2026-02-03T07:49:00Z,2026-02-03T07:50:00Z,67.64,F,operator3@example.invalid
R003819,S19,2026-02-03T07:49:30Z,2026-02-03T07:50:30Z,19.90,C,operator4@example.invalid
R003820,S20,2026-02-03T07:50:00Z,2026-02-03T07:51:00Z,68.00,F,operator0@example.invalid
R003821,S01,2026-02-03T07:50:30Z,2026-02-03T07:51:30Z,20.10,C,operator1@example.invalid
R003822, s02 ,2026-02-03T07:51:00Z,2026-02-03T07:52:00Z,68.36,F,operator2@example.invalid
R003823,S03,2026-02-03T07:51:30Z,2026-02-03T07:52:30Z,20.30,C,operator3@example.invalid
R003824,S04,2026-02-03T07:52:00Z,2026-02-03T07:53:00Z,68.72,F,operator4@example.invalid
R003825,S05,2026-02-03T07:52:30Z,2026-02-03T07:53:30Z,20.50,C,operator0@example.invalid
R003826,S06,2026-02-03T07:53:00Z,2026-02-03T07:54:00Z,69.08,F,operator1@example.invalid
R003827,S07,2026-02-03T07:53:30Z,2026-02-03T07:54:30Z,20.70,C,operator2@example.invalid
R003828,S08,2026-02-03T07:54:00Z,2026-02-03T07:55:00Z,69.44, f ,operator3@example.invalid
R003829, s09 ,2026-02-03T07:54:30Z,2026-02-03T07:55:30Z,20.90,C,operator4@example.invalid
R003830,S10,2026-02-03T07:55:00Z,2026-02-03T07:56:00Z,69.80,F,operator0@example.invalid
R003831,S11,2026-02-03T07:55:30Z,2026-02-03T07:56:30Z,21.10,C,operator1@example.invalid
R003832,S12,2026-02-03T07:56:00Z,2026-02-03T07:57:00Z,70.16,F,operator2@example.invalid
R003833,S13,2026-02-03T07:56:30Z,2026-02-03T07:57:30Z,21.30,C,operator3@example.invalid
R003834,S14,2026-02-03T07:57:00Z,2026-02-03T07:58:00Z,70.52,F,operator4@example.invalid
R003835,S15,2026-02-03T07:57:30Z,2026-02-03T07:58:30Z,21.50,C,operator0@example.invalid
R003836, s16 ,2026-02-03T07:58:00Z,2026-02-03T07:59:00Z,70.88,F,operator1@example.invalid
R003837,S17,2026-02-03T07:58:30Z,2026-02-03T07:59:30Z,21.70,C,operator2@example.invalid
R003838,S18,2026-02-03T07:59:00Z,2026-02-03T08:00:00Z,71.24,F,operator3@example.invalid
R003839,S19,2026-02-03T07:59:30Z,2026-02-03T08:00:30Z,21.90, c ,operator4@example.invalid
R003840,S20,2026-02-03T08:00:00Z,2026-02-03T08:01:00Z,71.60,F,operator0@example.invalid
R003841,S01,2026-02-03T08:00:30Z,2026-02-03T08:01:30Z,22.10,C,operator1@example.invalid
R003842,S02,2026-02-03T08:01:00Z,2026-02-03T08:02:00Z,71.96,F,operator2@example.invalid
R003843, s03 ,2026-02-03T08:01:30Z,2026-02-03T08:02:30Z,22.30,C,operator3@example.invalid
R003844,S04,2026-02-03T08:02:00Z,2026-02-03T08:03:00Z,72.32,F,operator4@example.invalid
R003845,S05,2026-02-03T08:02:30Z,2026-02-03T08:03:30Z,22.50,C,operator0@example.invalid
R003846,S06,2026-02-03T08:03:00Z,2026-02-03T08:04:00Z,72.68,F,operator1@example.invalid
R003847,S07,2026-02-03T08:03:30Z,2026-02-03T08:04:30Z,22.70,C,operator2@example.invalid
R003848,S08,2026-02-03T08:04:00Z,2026-02-03T08:05:00Z,73.04,F,operator3@example.invalid
R003849,S09,2026-02-03T08:04:30Z,2026-02-03T08:05:30Z,22.90,C,operator4@example.invalid
R003850, s10 ,2026-02-03T08:05:00Z,2026-02-03T08:06:00Z,73.40, f ,operator0@example.invalid
R003851,S11,2026-02-03T08:05:30Z,2026-02-03T08:06:30Z,23.10,C,operator1@example.invalid
R003852,S12,2026-02-03T08:06:00Z,2026-02-03T08:07:00Z,73.76,F,operator2@example.invalid
R003853,S13,2026-02-03T08:06:30Z,2026-02-03T08:07:30Z,23.30,C,operator3@example.invalid
R003854,S14,2026-02-03T08:07:00Z,2026-02-03T08:08:00Z,74.12,F,operator4@example.invalid
R003855,S15,2026-02-03T08:07:30Z,2026-02-03T08:08:30Z,23.50,C,operator0@example.invalid
R003856,S16,2026-02-03T08:08:00Z,2026-02-03T08:09:00Z,74.48,F,operator1@example.invalid
R003857, s17 ,2026-02-03T08:08:30Z,2026-02-03T08:09:30Z,23.70,C,operator2@example.invalid
R003858,S18,2026-02-03T08:09:00Z,2026-02-03T08:10:00Z,74.84,F,operator3@example.invalid
R003859,S19,2026-02-03T08:09:30Z,2026-02-03T08:10:30Z,23.90,C,operator4@example.invalid
R003860,S20,2026-02-03T08:10:00Z,2026-02-03T08:11:00Z,75.20,F,operator0@example.invalid
R003861,S01,2026-02-03T08:10:30Z,2026-02-03T08:11:30Z,24.10, c ,operator1@example.invalid
R003862,S02,2026-02-03T08:11:00Z,2026-02-03T08:12:00Z,75.56,F,operator2@example.invalid
R003863,S03,2026-02-03T08:11:30Z,2026-02-03T08:12:30Z,24.30,C,operator3@example.invalid
R003864, s04 ,2026-02-03T08:12:00Z,2026-02-03T08:13:00Z,75.92,F,operator4@example.invalid
R003865,S05,2026-02-03T08:12:30Z,2026-02-03T08:13:30Z,24.50,C,operator0@example.invalid
R003866,S06,2026-02-03T08:13:00Z,2026-02-03T08:14:00Z,76.28,F,operator1@example.invalid
R003867,S07,2026-02-03T08:13:30Z,2026-02-03T08:14:30Z,24.70,C,operator2@example.invalid
R003868,S08,2026-02-03T08:14:00Z,2026-02-03T08:15:00Z,76.64,F,operator3@example.invalid
R003869,S09,2026-02-03T08:14:30Z,2026-02-03T08:15:30Z,24.90,C,operator4@example.invalid
R003870,S10,2026-02-03T08:15:00Z,2026-02-03T08:16:00Z,77.00,F,operator0@example.invalid
R003871, s11 ,2026-02-03T08:15:30Z,2026-02-03T08:16:30Z,25.10,C,operator1@example.invalid
R003872,S12,2026-02-03T08:16:00Z,2026-02-03T08:17:00Z,77.36, f ,operator2@example.invalid
R003873,S13,2026-02-03T08:16:30Z,2026-02-03T08:17:30Z,25.30,C,operator3@example.invalid
R003874,S14,2026-02-03T08:17:00Z,2026-02-03T08:18:00Z,77.72,F,operator4@example.invalid
R003875,S15,2026-02-03T08:17:30Z,2026-02-03T08:18:30Z,25.50,C,operator0@example.invalid
R003876,S16,2026-02-03T08:18:00Z,2026-02-03T08:19:00Z,78.08,F,operator1@example.invalid
R003877,S17,2026-02-03T08:18:30Z,2026-02-03T08:19:30Z,25.70,C,operator2@example.invalid
R003878, s18 ,2026-02-03T08:19:00Z,2026-02-03T08:20:00Z,78.44,F,operator3@example.invalid
R003879,S19,2026-02-03T08:19:30Z,2026-02-03T08:20:30Z,25.90,C,operator4@example.invalid
R003880,S20,2026-02-03T08:20:00Z,2026-02-03T08:21:00Z,78.80,F,operator0@example.invalid
R003881,S01,2026-02-03T08:20:30Z,2026-02-03T08:21:30Z,26.10,C,operator1@example.invalid
R003882,S02,2026-02-03T08:21:00Z,2026-02-03T08:22:00Z,79.16,F,operator2@example.invalid
R003883,S03,2026-02-03T08:21:30Z,2026-02-03T08:22:30Z,26.30, c ,operator3@example.invalid
R003884,S04,2026-02-03T08:22:00Z,2026-02-03T08:23:00Z,79.52,F,operator4@example.invalid
R003885, s05 ,2026-02-03T08:22:30Z,2026-02-03T08:23:30Z,26.50,C,operator0@example.invalid
R003886,S06,2026-02-03T08:23:00Z,2026-02-03T08:24:00Z,79.88,F,operator1@example.invalid
R003887,S07,2026-02-03T08:23:30Z,2026-02-03T08:24:30Z,26.70,C,operator2@example.invalid
R003888,S08,2026-02-03T08:24:00Z,2026-02-03T08:25:00Z,80.24,F,operator3@example.invalid
R003889,S09,2026-02-03T08:24:30Z,2026-02-03T08:25:30Z,26.90,C,operator4@example.invalid
R003890,S10,2026-02-03T08:25:00Z,2026-02-03T08:26:00Z,80.60,F,operator0@example.invalid
R003891,S11,2026-02-03T08:25:30Z,2026-02-03T08:26:30Z,27.10,C,operator1@example.invalid
R003892, s12 ,2026-02-03T08:26:00Z,2026-02-03T08:27:00Z,80.96,F,operator2@example.invalid
R003893,S13,2026-02-03T08:26:30Z,2026-02-03T08:27:30Z,27.30,C,operator3@example.invalid
R003894,S14,2026-02-03T08:27:00Z,2026-02-03T08:28:00Z,81.32, f ,operator4@example.invalid
R003895,S15,2026-02-03T08:27:30Z,2026-02-03T08:28:30Z,27.50,C,operator0@example.invalid
R003896,S16,2026-02-03T08:28:00Z,2026-02-03T08:29:00Z,81.68,F,operator1@example.invalid
R003897,S17,2026-02-03T08:28:30Z,2026-02-03T08:29:30Z,27.70,C,operator2@example.invalid
R003898,S18,2026-02-03T08:29:00Z,2026-02-03T08:30:00Z,82.04,F,operator3@example.invalid
R003899, s19 ,2026-02-03T08:29:30Z,2026-02-03T08:30:30Z,27.90,C,operator4@example.invalid
R003900,S20,2026-02-03T08:30:00Z,2026-02-03T08:31:00Z,64.40,F,operator0@example.invalid
R003901,S01,2026-02-03T08:30:30Z,2026-02-03T08:31:30Z,18.10,C,operator1@example.invalid
R003902,S02,2026-02-03T08:31:00Z,2026-02-03T08:32:00Z,64.76,F,operator2@example.invalid
R003903,S03,2026-02-03T08:31:30Z,2026-02-03T08:32:30Z,18.30,C,operator3@example.invalid
R003904,S04,2026-02-03T08:32:00Z,2026-02-03T08:33:00Z,65.12,F,operator4@example.invalid
R003905,S05,2026-02-03T08:32:30Z,2026-02-03T08:33:30Z,18.50, c ,operator0@example.invalid
R003906, s06 ,2026-02-03T08:33:00Z,2026-02-03T08:34:00Z,65.48,F,operator1@example.invalid
R003907,S07,2026-02-03T08:33:30Z,2026-02-03T08:34:30Z,18.70,C,operator2@example.invalid
R003908,S08,2026-02-03T08:34:00Z,2026-02-03T08:35:00Z,65.84,F,operator3@example.invalid
R003909,S09,2026-02-03T08:34:30Z,2026-02-03T08:35:30Z,18.90,C,operator4@example.invalid
R003910,S10,2026-02-03T08:35:00Z,2026-02-03T08:36:00Z,66.20,F,operator0@example.invalid
R003911,S11,2026-02-03T08:35:30Z,2026-02-03T08:36:30Z,19.10,C,operator1@example.invalid
R003912,S12,2026-02-03T08:36:00Z,2026-02-03T08:37:00Z,66.56,F,operator2@example.invalid
R003913, s13 ,2026-02-03T08:36:30Z,2026-02-03T08:37:30Z,19.30,C,operator3@example.invalid
R003914,S14,2026-02-03T08:37:00Z,2026-02-03T08:38:00Z,66.92,F,operator4@example.invalid
R003915,S15,2026-02-03T08:37:30Z,2026-02-03T08:38:30Z,19.50,C,operator0@example.invalid
R003916,S16,2026-02-03T08:38:00Z,2026-02-03T08:39:00Z,67.28, f ,operator1@example.invalid
R003917,S17,2026-02-03T08:38:30Z,2026-02-03T08:39:30Z,19.70,C,operator2@example.invalid
R003918,S18,2026-02-03T08:39:00Z,2026-02-03T08:40:00Z,67.64,F,operator3@example.invalid
R003919,S19,2026-02-03T08:39:30Z,2026-02-03T08:40:30Z,19.90,C,operator4@example.invalid
R003920, s20 ,2026-02-03T08:40:00Z,2026-02-03T08:41:00Z,68.00,F,operator0@example.invalid
R003921,S01,2026-02-03T08:40:30Z,2026-02-03T08:41:30Z,20.10,C,operator1@example.invalid
R003922,S02,2026-02-03T08:41:00Z,2026-02-03T08:42:00Z,68.36,F,operator2@example.invalid
R003923,S03,2026-02-03T08:41:30Z,2026-02-03T08:42:30Z,20.30,C,operator3@example.invalid
R003924,S04,2026-02-03T08:42:00Z,2026-02-03T08:43:00Z,68.72,F,operator4@example.invalid
R003925,S05,2026-02-03T08:42:30Z,2026-02-03T08:43:30Z,20.50,C,operator0@example.invalid
R003926,S06,2026-02-03T08:43:00Z,2026-02-03T08:44:00Z,69.08,F,operator1@example.invalid
R003927, s07 ,2026-02-03T08:43:30Z,2026-02-03T08:44:30Z,20.70, c ,operator2@example.invalid
R003928,S08,2026-02-03T08:44:00Z,2026-02-03T08:45:00Z,69.44,F,operator3@example.invalid
R003929,S09,2026-02-03T08:44:30Z,2026-02-03T08:45:30Z,20.90,C,operator4@example.invalid
R003930,S10,2026-02-03T08:45:00Z,2026-02-03T08:46:00Z,69.80,F,operator0@example.invalid
R003931,S11,2026-02-03T08:45:30Z,2026-02-03T08:46:30Z,21.10,C,operator1@example.invalid
R003932,S12,2026-02-03T08:46:00Z,2026-02-03T08:47:00Z,70.16,F,operator2@example.invalid
R003933,S13,2026-02-03T08:46:30Z,2026-02-03T08:47:30Z,21.30,C,operator3@example.invalid
R003934, s14 ,2026-02-03T08:47:00Z,2026-02-03T08:48:00Z,70.52,F,operator4@example.invalid
R003935,S15,2026-02-03T08:47:30Z,2026-02-03T08:48:30Z,21.50,C,operator0@example.invalid
R003936,S16,2026-02-03T08:48:00Z,2026-02-03T08:49:00Z,70.88,F,operator1@example.invalid
R003937,S17,2026-02-03T08:48:30Z,2026-02-03T08:49:30Z,21.70,C,operator2@example.invalid
R003938,S18,2026-02-03T08:49:00Z,2026-02-03T08:50:00Z,71.24, f ,operator3@example.invalid
R003939,S19,2026-02-03T08:49:30Z,2026-02-03T08:50:30Z,21.90,C,operator4@example.invalid
R003940,S20,2026-02-03T08:50:00Z,2026-02-03T08:51:00Z,71.60,F,operator0@example.invalid
R003941, s01 ,2026-02-03T08:50:30Z,2026-02-03T08:51:30Z,22.10,C,operator1@example.invalid
R003942,S02,2026-02-03T08:51:00Z,2026-02-03T08:52:00Z,71.96,F,operator2@example.invalid
R003943,S03,2026-02-03T08:51:30Z,2026-02-03T08:52:30Z,22.30,C,operator3@example.invalid
R003944,S04,2026-02-03T08:52:00Z,2026-02-03T08:53:00Z,72.32,F,operator4@example.invalid
R003945,S05,2026-02-03T08:52:30Z,2026-02-03T08:53:30Z,22.50,C,operator0@example.invalid
R003946,S06,2026-02-03T08:53:00Z,2026-02-03T08:54:00Z,72.68,F,operator1@example.invalid
R003947,S07,2026-02-03T08:53:30Z,2026-02-03T08:54:30Z,22.70,C,operator2@example.invalid
R003948, s08 ,2026-02-03T08:54:00Z,2026-02-03T08:55:00Z,73.04,F,operator3@example.invalid
R003949,S09,2026-02-03T08:54:30Z,2026-02-03T08:55:30Z,22.90, c ,operator4@example.invalid
R003950,S10,2026-02-03T08:55:00Z,2026-02-03T08:56:00Z,73.40,F,operator0@example.invalid
R003951,S11,2026-02-03T08:55:30Z,2026-02-03T08:56:30Z,23.10,C,operator1@example.invalid
R003952,S12,2026-02-03T08:56:00Z,2026-02-03T08:57:00Z,73.76,F,operator2@example.invalid
R003953,S13,2026-02-03T08:56:30Z,2026-02-03T08:57:30Z,23.30,C,operator3@example.invalid
R003954,S14,2026-02-03T08:57:00Z,2026-02-03T08:58:00Z,74.12,F,operator4@example.invalid
R003955, s15 ,2026-02-03T08:57:30Z,2026-02-03T08:58:30Z,23.50,C,operator0@example.invalid
R003956,S16,2026-02-03T08:58:00Z,2026-02-03T08:59:00Z,74.48,F,operator1@example.invalid
R003957,S17,2026-02-03T08:58:30Z,2026-02-03T08:59:30Z,23.70,C,operator2@example.invalid
R003958,S18,2026-02-03T08:59:00Z,2026-02-03T09:00:00Z,74.84,F,operator3@example.invalid
R003959,S19,2026-02-03T08:59:30Z,2026-02-03T09:00:30Z,23.90,C,operator4@example.invalid
R003960,S20,2026-02-03T09:00:00Z,2026-02-03T09:01:00Z,75.20, f ,operator0@example.invalid
R003961,S01,2026-02-03T09:00:30Z,2026-02-03T09:01:30Z,24.10,C,operator1@example.invalid
R003962, s02 ,2026-02-03T09:01:00Z,2026-02-03T09:02:00Z,75.56,F,operator2@example.invalid
R003963,S03,2026-02-03T09:01:30Z,2026-02-03T09:02:30Z,24.30,C,operator3@example.invalid
R003964,S04,2026-02-03T09:02:00Z,2026-02-03T09:03:00Z,75.92,F,operator4@example.invalid
R003965,S05,2026-02-03T09:02:30Z,2026-02-03T09:03:30Z,24.50,C,operator0@example.invalid
R003966,S06,2026-02-03T09:03:00Z,2026-02-03T09:04:00Z,76.28,F,operator1@example.invalid
R003967,S07,2026-02-03T09:03:30Z,2026-02-03T09:04:30Z,24.70,C,operator2@example.invalid
R003968,S08,2026-02-03T09:04:00Z,2026-02-03T09:05:00Z,76.64,F,operator3@example.invalid
R003969, s09 ,2026-02-03T09:04:30Z,2026-02-03T09:05:30Z,24.90,C,operator4@example.invalid
R003970,S10,2026-02-03T09:05:00Z,2026-02-03T09:06:00Z,77.00,F,operator0@example.invalid
R003971,S11,2026-02-03T09:05:30Z,2026-02-03T09:06:30Z,25.10, c ,operator1@example.invalid
R003972,S12,2026-02-03T09:06:00Z,2026-02-03T09:07:00Z,77.36,F,operator2@example.invalid
R003973,S13,2026-02-03T09:06:30Z,2026-02-03T09:07:30Z,25.30,C,operator3@example.invalid
R003974,S14,2026-02-03T09:07:00Z,2026-02-03T09:08:00Z,77.72,F,operator4@example.invalid
R003975,S15,2026-02-03T09:07:30Z,2026-02-03T09:08:30Z,25.50,C,operator0@example.invalid
R003976, s16 ,2026-02-03T09:08:00Z,2026-02-03T09:09:00Z,78.08,F,operator1@example.invalid
R003977,S17,2026-02-03T09:08:30Z,2026-02-03T09:09:30Z,25.70,C,operator2@example.invalid
R003978,S18,2026-02-03T09:09:00Z,2026-02-03T09:10:00Z,78.44,F,operator3@example.invalid
R003979,S19,2026-02-03T09:09:30Z,2026-02-03T09:10:30Z,25.90,C,operator4@example.invalid
R003980,S20,2026-02-03T09:10:00Z,2026-02-03T09:11:00Z,78.80,F,operator0@example.invalid
R003981,S01,2026-02-03T09:10:30Z,2026-02-03T09:11:30Z,26.10,C,operator1@example.invalid
R003982,S02,2026-02-03T09:11:00Z,2026-02-03T09:12:00Z,79.16, f ,operator2@example.invalid
R003983, s03 ,2026-02-03T09:11:30Z,2026-02-03T09:12:30Z,26.30,C,operator3@example.invalid
R003984,S04,2026-02-03T09:12:00Z,2026-02-03T09:13:00Z,79.52,F,operator4@example.invalid
R003985,S05,2026-02-03T09:12:30Z,2026-02-03T09:13:30Z,26.50,C,operator0@example.invalid
R003986,S06,2026-02-03T09:13:00Z,2026-02-03T09:14:00Z,79.88,F,operator1@example.invalid
R003987,S07,2026-02-03T09:13:30Z,2026-02-03T09:14:30Z,26.70,C,operator2@example.invalid
R003988,S08,2026-02-03T09:14:00Z,2026-02-03T09:15:00Z,80.24,F,operator3@example.invalid
R003989,S09,2026-02-03T09:14:30Z,2026-02-03T09:15:30Z,26.90,C,operator4@example.invalid
R003990, s10 ,2026-02-03T09:15:00Z,2026-02-03T09:16:00Z,80.60,F,operator0@example.invalid
R003991,S11,2026-02-03T09:15:30Z,2026-02-03T09:16:30Z,27.10,C,operator1@example.invalid
R003992,S12,2026-02-03T09:16:00Z,2026-02-03T09:17:00Z,80.96,F,operator2@example.invalid
R003993,S13,2026-02-03T09:16:30Z,2026-02-03T09:17:30Z,27.30, c ,operator3@example.invalid
R003994,S14,2026-02-03T09:17:00Z,2026-02-03T09:18:00Z,81.32,F,operator4@example.invalid
R003995,S15,2026-02-03T09:17:30Z,2026-02-03T09:18:30Z,27.50,C,operator0@example.invalid
R003996,S16,2026-02-03T09:18:00Z,2026-02-03T09:19:00Z,81.68,F,operator1@example.invalid
R003997, s17 ,2026-02-03T09:18:30Z,2026-02-03T09:19:30Z,27.70,C,operator2@example.invalid
R003998,S18,2026-02-03T09:19:00Z,2026-02-03T09:20:00Z,82.04,F,operator3@example.invalid
R003999,S19,2026-02-03T09:19:30Z,2026-02-03T09:20:30Z,27.90,C,operator4@example.invalid
R004000,S20,2026-02-03T09:20:00Z,2026-02-03T09:21:00Z,64.40,F,operator0@example.invalid
R004001,S01,2026-02-03T09:20:30Z,2026-02-03T09:21:30Z,18.10,C,operator1@example.invalid
R004002,S02,2026-02-03T09:21:00Z,2026-02-03T09:22:00Z,64.76,F,operator2@example.invalid
R004003,S03,2026-02-03T09:21:30Z,2026-02-03T09:22:30Z,18.30,C,operator3@example.invalid
R004004, s04 ,2026-02-03T09:22:00Z,2026-02-03T09:23:00Z,65.12, f ,operator4@example.invalid
R004005,S05,2026-02-03T09:22:30Z,2026-02-03T09:23:30Z,18.50,C,operator0@example.invalid
R004006,S06,2026-02-03T09:23:00Z,2026-02-03T09:24:00Z,65.48,F,operator1@example.invalid
R004007,S07,2026-02-03T09:23:30Z,2026-02-03T09:24:30Z,18.70,C,operator2@example.invalid
R004008,S08,2026-02-03T09:24:00Z,2026-02-03T09:25:00Z,65.84,F,operator3@example.invalid
R004009,S09,2026-02-03T09:24:30Z,2026-02-03T09:25:30Z,18.90,C,operator4@example.invalid
R004010,S10,2026-02-03T09:25:00Z,2026-02-03T09:26:00Z,66.20,F,operator0@example.invalid
R004011, s11 ,2026-02-03T09:25:30Z,2026-02-03T09:26:30Z,19.10,C,operator1@example.invalid
R004012,S12,2026-02-03T09:26:00Z,2026-02-03T09:27:00Z,66.56,F,operator2@example.invalid
R004013,S13,2026-02-03T09:26:30Z,2026-02-03T09:27:30Z,19.30,C,operator3@example.invalid
R004014,S14,2026-02-03T09:27:00Z,2026-02-03T09:28:00Z,66.92,F,operator4@example.invalid
R004015,S15,2026-02-03T09:27:30Z,2026-02-03T09:28:30Z,19.50, c ,operator0@example.invalid
R004016,S16,2026-02-03T09:28:00Z,2026-02-03T09:29:00Z,67.28,F,operator1@example.invalid
R004017,S17,2026-02-03T09:28:30Z,2026-02-03T09:29:30Z,19.70,C,operator2@example.invalid
R004018, s18 ,2026-02-03T09:29:00Z,2026-02-03T09:30:00Z,67.64,F,operator3@example.invalid
R004019,S19,2026-02-03T09:29:30Z,2026-02-03T09:30:30Z,19.90,C,operator4@example.invalid
R004020,S20,2026-02-03T09:30:00Z,2026-02-03T09:31:00Z,68.00,F,operator0@example.invalid
R004021,S01,2026-02-03T09:30:30Z,2026-02-03T09:31:30Z,20.10,C,operator1@example.invalid
R004022,S02,2026-02-03T09:31:00Z,2026-02-03T09:32:00Z,68.36,F,operator2@example.invalid
R004023,S03,2026-02-03T09:31:30Z,2026-02-03T09:32:30Z,20.30,C,operator3@example.invalid
R004024,S04,2026-02-03T09:32:00Z,2026-02-03T09:33:00Z,68.72,F,operator4@example.invalid
R004025, s05 ,2026-02-03T09:32:30Z,2026-02-03T09:33:30Z,20.50,C,operator0@example.invalid
R004026,S06,2026-02-03T09:33:00Z,2026-02-03T09:34:00Z,69.08, f ,operator1@example.invalid
R004027,S07,2026-02-03T09:33:30Z,2026-02-03T09:34:30Z,20.70,C,operator2@example.invalid
R004028,S08,2026-02-03T09:34:00Z,2026-02-03T09:35:00Z,69.44,F,operator3@example.invalid
R004029,S09,2026-02-03T09:34:30Z,2026-02-03T09:35:30Z,20.90,C,operator4@example.invalid
R004030,S10,2026-02-03T09:35:00Z,2026-02-03T09:36:00Z,69.80,F,operator0@example.invalid
R004031,S11,2026-02-03T09:35:30Z,2026-02-03T09:36:30Z,21.10,C,operator1@example.invalid
R004032, s12 ,2026-02-03T09:36:00Z,2026-02-03T09:37:00Z,70.16,F,operator2@example.invalid
R004033,S13,2026-02-03T09:36:30Z,2026-02-03T09:37:30Z,21.30,C,operator3@example.invalid
R004034,S14,2026-02-03T09:37:00Z,2026-02-03T09:38:00Z,70.52,F,operator4@example.invalid
R004035,S15,2026-02-03T09:37:30Z,2026-02-03T09:38:30Z,21.50,C,operator0@example.invalid
R004036,S16,2026-02-03T09:38:00Z,2026-02-03T09:39:00Z,70.88,F,operator1@example.invalid
R004037,S17,2026-02-03T09:38:30Z,2026-02-03T09:39:30Z,21.70, c ,operator2@example.invalid
R004038,S18,2026-02-03T09:39:00Z,2026-02-03T09:40:00Z,71.24,F,operator3@example.invalid
R004039, s19 ,2026-02-03T09:39:30Z,2026-02-03T09:40:30Z,21.90,C,operator4@example.invalid
R004040,S20,2026-02-03T09:40:00Z,2026-02-03T09:41:00Z,71.60,F,operator0@example.invalid
R004041,S01,2026-02-03T09:40:30Z,2026-02-03T09:41:30Z,22.10,C,operator1@example.invalid
R004042,S02,2026-02-03T09:41:00Z,2026-02-03T09:42:00Z,71.96,F,operator2@example.invalid
R004043,S03,2026-02-03T09:41:30Z,2026-02-03T09:42:30Z,22.30,C,operator3@example.invalid
R004044,S04,2026-02-03T09:42:00Z,2026-02-03T09:43:00Z,72.32,F,operator4@example.invalid
R004045,S05,2026-02-03T09:42:30Z,2026-02-03T09:43:30Z,22.50,C,operator0@example.invalid
R004046, s06 ,2026-02-03T09:43:00Z,2026-02-03T09:44:00Z,72.68,F,operator1@example.invalid
R004047,S07,2026-02-03T09:43:30Z,2026-02-03T09:44:30Z,22.70,C,operator2@example.invalid
R004048,S08,2026-02-03T09:44:00Z,2026-02-03T09:45:00Z,73.04, f ,operator3@example.invalid
R004049,S09,2026-02-03T09:44:30Z,2026-02-03T09:45:30Z,22.90,C,operator4@example.invalid
R004050,S10,2026-02-03T09:45:00Z,2026-02-03T09:46:00Z,73.40,F,operator0@example.invalid
R004051,S11,2026-02-03T09:45:30Z,2026-02-03T09:46:30Z,23.10,C,operator1@example.invalid
R004052,S12,2026-02-03T09:46:00Z,2026-02-03T09:47:00Z,73.76,F,operator2@example.invalid
R004053, s13 ,2026-02-03T09:46:30Z,2026-02-03T09:47:30Z,23.30,C,operator3@example.invalid
R004054,S14,2026-02-03T09:47:00Z,2026-02-03T09:48:00Z,74.12,F,operator4@example.invalid
R004055,S15,2026-02-03T09:47:30Z,2026-02-03T09:48:30Z,23.50,C,operator0@example.invalid
R004056,S16,2026-02-03T09:48:00Z,2026-02-03T09:49:00Z,74.48,F,operator1@example.invalid
R004057,S17,2026-02-03T09:48:30Z,2026-02-03T09:49:30Z,23.70,C,operator2@example.invalid
R004058,S18,2026-02-03T09:49:00Z,2026-02-03T09:50:00Z,74.84,F,operator3@example.invalid
R004059,S19,2026-02-03T09:49:30Z,2026-02-03T09:50:30Z,23.90, c ,operator4@example.invalid
R004060, s20 ,2026-02-03T09:50:00Z,2026-02-03T09:51:00Z,75.20,F,operator0@example.invalid
R004061,S01,2026-02-03T09:50:30Z,2026-02-03T09:51:30Z,24.10,C,operator1@example.invalid
R004062,S02,2026-02-03T09:51:00Z,2026-02-03T09:52:00Z,75.56,F,operator2@example.invalid
R004063,S03,2026-02-03T09:51:30Z,2026-02-03T09:52:30Z,24.30,C,operator3@example.invalid
R004064,S04,2026-02-03T09:52:00Z,2026-02-03T09:53:00Z,75.92,F,operator4@example.invalid
R004065,S05,2026-02-03T09:52:30Z,2026-02-03T09:53:30Z,24.50,C,operator0@example.invalid
R004066,S06,2026-02-03T09:53:00Z,2026-02-03T09:54:00Z,76.28,F,operator1@example.invalid
R004067, s07 ,2026-02-03T09:53:30Z,2026-02-03T09:54:30Z,24.70,C,operator2@example.invalid
R004068,S08,2026-02-03T09:54:00Z,2026-02-03T09:55:00Z,76.64,F,operator3@example.invalid
R004069,S09,2026-02-03T09:54:30Z,2026-02-03T09:55:30Z,24.90,C,operator4@example.invalid
R004070,S10,2026-02-03T09:55:00Z,2026-02-03T09:56:00Z,77.00, f ,operator0@example.invalid
R004071,S11,2026-02-03T09:55:30Z,2026-02-03T09:56:30Z,25.10,C,operator1@example.invalid
R004072,S12,2026-02-03T09:56:00Z,2026-02-03T09:57:00Z,77.36,F,operator2@example.invalid
R004073,S13,2026-02-03T09:56:30Z,2026-02-03T09:57:30Z,25.30,C,operator3@example.invalid
R004074, s14 ,2026-02-03T09:57:00Z,2026-02-03T09:58:00Z,77.72,F,operator4@example.invalid
R004075,S15,2026-02-03T09:57:30Z,2026-02-03T09:58:30Z,25.50,C,operator0@example.invalid
R004076,S16,2026-02-03T09:58:00Z,2026-02-03T09:59:00Z,78.08,F,operator1@example.invalid
R004077,S17,2026-02-03T09:58:30Z,2026-02-03T09:59:30Z,25.70,C,operator2@example.invalid
R004078,S18,2026-02-03T09:59:00Z,2026-02-03T10:00:00Z,78.44,F,operator3@example.invalid
R004079,S19,2026-02-03T09:59:30Z,2026-02-03T10:00:30Z,25.90,C,operator4@example.invalid
R004080,S20,2026-02-03T10:00:00Z,2026-02-03T10:01:00Z,78.80,F,operator0@example.invalid
R004081, s01 ,2026-02-03T10:00:30Z,2026-02-03T10:01:30Z,26.10, c ,operator1@example.invalid
R004082,S02,2026-02-03T10:01:00Z,2026-02-03T10:02:00Z,79.16,F,operator2@example.invalid
R004083,S03,2026-02-03T10:01:30Z,2026-02-03T10:02:30Z,26.30,C,operator3@example.invalid
R004084,S04,2026-02-03T10:02:00Z,2026-02-03T10:03:00Z,79.52,F,operator4@example.invalid
R004085,S05,2026-02-03T10:02:30Z,2026-02-03T10:03:30Z,26.50,C,operator0@example.invalid
R004086,S06,2026-02-03T10:03:00Z,2026-02-03T10:04:00Z,79.88,F,operator1@example.invalid
R004087,S07,2026-02-03T10:03:30Z,2026-02-03T10:04:30Z,26.70,C,operator2@example.invalid
R004088, s08 ,2026-02-03T10:04:00Z,2026-02-03T10:05:00Z,80.24,F,operator3@example.invalid
R004089,S09,2026-02-03T10:04:30Z,2026-02-03T10:05:30Z,26.90,C,operator4@example.invalid
R004090,S10,2026-02-03T10:05:00Z,2026-02-03T10:06:00Z,80.60,F,operator0@example.invalid
R004091,S11,2026-02-03T10:05:30Z,2026-02-03T10:06:30Z,27.10,C,operator1@example.invalid
R004092,S12,2026-02-03T10:06:00Z,2026-02-03T10:07:00Z,80.96, f ,operator2@example.invalid
R004093,S13,2026-02-03T10:06:30Z,2026-02-03T10:07:30Z,27.30,C,operator3@example.invalid
R004094,S14,2026-02-03T10:07:00Z,2026-02-03T10:08:00Z,81.32,F,operator4@example.invalid
R004095, s15 ,2026-02-03T10:07:30Z,2026-02-03T10:08:30Z,27.50,C,operator0@example.invalid
R004096,S16,2026-02-03T10:08:00Z,2026-02-03T10:09:00Z,81.68,F,operator1@example.invalid
R004097,S17,2026-02-03T10:08:30Z,2026-02-03T10:09:30Z,27.70,C,operator2@example.invalid
R004098,S18,2026-02-03T10:09:00Z,2026-02-03T10:10:00Z,82.04,F,operator3@example.invalid
R004099,S19,2026-02-03T10:09:30Z,2026-02-03T10:10:30Z,27.90,C,operator4@example.invalid
R004100,S20,2026-02-03T10:10:00Z,2026-02-03T10:11:00Z,64.40,F,operator0@example.invalid
R004101,S01,2026-02-03T10:10:30Z,2026-02-03T10:11:30Z,18.10,C,operator1@example.invalid
R004102, s02 ,2026-02-03T10:11:00Z,2026-02-03T10:12:00Z,64.76,F,operator2@example.invalid
R004103,S03,2026-02-03T10:11:30Z,2026-02-03T10:12:30Z,18.30, c ,operator3@example.invalid
R004104,S04,2026-02-03T10:12:00Z,2026-02-03T10:13:00Z,65.12,F,operator4@example.invalid
R004105,S05,2026-02-03T10:12:30Z,2026-02-03T10:13:30Z,18.50,C,operator0@example.invalid
R004106,S06,2026-02-03T10:13:00Z,2026-02-03T10:14:00Z,65.48,F,operator1@example.invalid
R004107,S07,2026-02-03T10:13:30Z,2026-02-03T10:14:30Z,18.70,C,operator2@example.invalid
R004108,S08,2026-02-03T10:14:00Z,2026-02-03T10:15:00Z,65.84,F,operator3@example.invalid
R004109, s09 ,2026-02-03T10:14:30Z,2026-02-03T10:15:30Z,18.90,C,operator4@example.invalid
R004110,S10,2026-02-03T10:15:00Z,2026-02-03T10:16:00Z,66.20,F,operator0@example.invalid
R004111,S11,2026-02-03T10:15:30Z,2026-02-03T10:16:30Z,19.10,C,operator1@example.invalid
R004112,S12,2026-02-03T10:16:00Z,2026-02-03T10:17:00Z,66.56,F,operator2@example.invalid
R004113,S13,2026-02-03T10:16:30Z,2026-02-03T10:17:30Z,19.30,C,operator3@example.invalid
R004114,S14,2026-02-03T10:17:00Z,2026-02-03T10:18:00Z,66.92, f ,operator4@example.invalid
R004115,S15,2026-02-03T10:17:30Z,2026-02-03T10:18:30Z,19.50,C,operator0@example.invalid
R004116, s16 ,2026-02-03T10:18:00Z,2026-02-03T10:19:00Z,67.28,F,operator1@example.invalid
R004117,S17,2026-02-03T10:18:30Z,2026-02-03T10:19:30Z,19.70,C,operator2@example.invalid
R004118,S18,2026-02-03T10:19:00Z,2026-02-03T10:20:00Z,67.64,F,operator3@example.invalid
R004119,S19,2026-02-03T10:19:30Z,2026-02-03T10:20:30Z,19.90,C,operator4@example.invalid
R004120,S20,2026-02-03T10:20:00Z,2026-02-03T10:21:00Z,68.00,F,operator0@example.invalid
R004121,S01,2026-02-03T10:20:30Z,2026-02-03T10:21:30Z,20.10,C,operator1@example.invalid
R004122,S02,2026-02-03T10:21:00Z,2026-02-03T10:22:00Z,68.36,F,operator2@example.invalid
R004123, s03 ,2026-02-03T10:21:30Z,2026-02-03T10:22:30Z,20.30,C,operator3@example.invalid
R004124,S04,2026-02-03T10:22:00Z,2026-02-03T10:23:00Z,68.72,F,operator4@example.invalid
R004125,S05,2026-02-03T10:22:30Z,2026-02-03T10:23:30Z,20.50, c ,operator0@example.invalid
R004126,S06,2026-02-03T10:23:00Z,2026-02-03T10:24:00Z,69.08,F,operator1@example.invalid
R004127,S07,2026-02-03T10:23:30Z,2026-02-03T10:24:30Z,20.70,C,operator2@example.invalid
R004128,S08,2026-02-03T10:24:00Z,2026-02-03T10:25:00Z,69.44,F,operator3@example.invalid
R004129,S09,2026-02-03T10:24:30Z,2026-02-03T10:25:30Z,20.90,C,operator4@example.invalid
R004130, s10 ,2026-02-03T10:25:00Z,2026-02-03T10:26:00Z,69.80,F,operator0@example.invalid
R004131,S11,2026-02-03T10:25:30Z,2026-02-03T10:26:30Z,21.10,C,operator1@example.invalid
R004132,S12,2026-02-03T10:26:00Z,2026-02-03T10:27:00Z,70.16,F,operator2@example.invalid
R004133,S13,2026-02-03T10:26:30Z,2026-02-03T10:27:30Z,21.30,C,operator3@example.invalid
R004134,S14,2026-02-03T10:27:00Z,2026-02-03T10:28:00Z,70.52,F,operator4@example.invalid
R004135,S15,2026-02-03T10:27:30Z,2026-02-03T10:28:30Z,21.50,C,operator0@example.invalid
R004136,S16,2026-02-03T10:28:00Z,2026-02-03T10:29:00Z,70.88, f ,operator1@example.invalid
R004137, s17 ,2026-02-03T10:28:30Z,2026-02-03T10:29:30Z,21.70,C,operator2@example.invalid
R004138,S18,2026-02-03T10:29:00Z,2026-02-03T10:30:00Z,71.24,F,operator3@example.invalid
R004139,S19,2026-02-03T10:29:30Z,2026-02-03T10:30:30Z,21.90,C,operator4@example.invalid
R004140,S20,2026-02-03T10:30:00Z,2026-02-03T10:31:00Z,71.60,F,operator0@example.invalid
R004141,S01,2026-02-03T10:30:30Z,2026-02-03T10:31:30Z,22.10,C,operator1@example.invalid
R004142,S02,2026-02-03T10:31:00Z,2026-02-03T10:32:00Z,71.96,F,operator2@example.invalid
R004143,S03,2026-02-03T10:31:30Z,2026-02-03T10:32:30Z,22.30,C,operator3@example.invalid
R004144, s04 ,2026-02-03T10:32:00Z,2026-02-03T10:33:00Z,72.32,F,operator4@example.invalid
R004145,S05,2026-02-03T10:32:30Z,2026-02-03T10:33:30Z,22.50,C,operator0@example.invalid
R004146,S06,2026-02-03T10:33:00Z,2026-02-03T10:34:00Z,72.68,F,operator1@example.invalid
R004147,S07,2026-02-03T10:33:30Z,2026-02-03T10:34:30Z,22.70, c ,operator2@example.invalid
R004148,S08,2026-02-03T10:34:00Z,2026-02-03T10:35:00Z,73.04,F,operator3@example.invalid
R004149,S09,2026-02-03T10:34:30Z,2026-02-03T10:35:30Z,22.90,C,operator4@example.invalid
R004150,S10,2026-02-03T10:35:00Z,2026-02-03T10:36:00Z,73.40,F,operator0@example.invalid
R004151, s11 ,2026-02-03T10:35:30Z,2026-02-03T10:36:30Z,23.10,C,operator1@example.invalid
R004152,S12,2026-02-03T10:36:00Z,2026-02-03T10:37:00Z,73.76,F,operator2@example.invalid
R004153,S13,2026-02-03T10:36:30Z,2026-02-03T10:37:30Z,23.30,C,operator3@example.invalid
R004154,S14,2026-02-03T10:37:00Z,2026-02-03T10:38:00Z,74.12,F,operator4@example.invalid
R004155,S15,2026-02-03T10:37:30Z,2026-02-03T10:38:30Z,23.50,C,operator0@example.invalid
R004156,S16,2026-02-03T10:38:00Z,2026-02-03T10:39:00Z,74.48,F,operator1@example.invalid
R004157,S17,2026-02-03T10:38:30Z,2026-02-03T10:39:30Z,23.70,C,operator2@example.invalid
R004158, s18 ,2026-02-03T10:39:00Z,2026-02-03T10:40:00Z,74.84, f ,operator3@example.invalid
R004159,S19,2026-02-03T10:39:30Z,2026-02-03T10:40:30Z,23.90,C,operator4@example.invalid
R004160,S20,2026-02-03T10:40:00Z,2026-02-03T10:41:00Z,75.20,F,operator0@example.invalid
R004161,S01,2026-02-03T10:40:30Z,2026-02-03T10:41:30Z,24.10,C,operator1@example.invalid
R004162,S02,2026-02-03T10:41:00Z,2026-02-03T10:42:00Z,75.56,F,operator2@example.invalid
R004163,S03,2026-02-03T10:41:30Z,2026-02-03T10:42:30Z,24.30,C,operator3@example.invalid
R004164,S04,2026-02-03T10:42:00Z,2026-02-03T10:43:00Z,75.92,F,operator4@example.invalid
R004165, s05 ,2026-02-03T10:42:30Z,2026-02-03T10:43:30Z,24.50,C,operator0@example.invalid
R004166,S06,2026-02-03T10:43:00Z,2026-02-03T10:44:00Z,76.28,F,operator1@example.invalid
R004167,S07,2026-02-03T10:43:30Z,2026-02-03T10:44:30Z,24.70,C,operator2@example.invalid
R004168,S08,2026-02-03T10:44:00Z,2026-02-03T10:45:00Z,76.64,F,operator3@example.invalid
R004169,S09,2026-02-03T10:44:30Z,2026-02-03T10:45:30Z,24.90, c ,operator4@example.invalid
R004170,S10,2026-02-03T10:45:00Z,2026-02-03T10:46:00Z,77.00,F,operator0@example.invalid
R004171,S11,2026-02-03T10:45:30Z,2026-02-03T10:46:30Z,25.10,C,operator1@example.invalid
R004172, s12 ,2026-02-03T10:46:00Z,2026-02-03T10:47:00Z,77.36,F,operator2@example.invalid
R004173,S13,2026-02-03T10:46:30Z,2026-02-03T10:47:30Z,25.30,C,operator3@example.invalid
R004174,S14,2026-02-03T10:47:00Z,2026-02-03T10:48:00Z,77.72,F,operator4@example.invalid
R004175,S15,2026-02-03T10:47:30Z,2026-02-03T10:48:30Z,25.50,C,operator0@example.invalid
R004176,S16,2026-02-03T10:48:00Z,2026-02-03T10:49:00Z,78.08,F,operator1@example.invalid
R004177,S17,2026-02-03T10:48:30Z,2026-02-03T10:49:30Z,25.70,C,operator2@example.invalid
R004178,S18,2026-02-03T10:49:00Z,2026-02-03T10:50:00Z,78.44,F,operator3@example.invalid
R004179, s19 ,2026-02-03T10:49:30Z,2026-02-03T10:50:30Z,25.90,C,operator4@example.invalid
R004180,S20,2026-02-03T10:50:00Z,2026-02-03T10:51:00Z,78.80, f ,operator0@example.invalid
R004181,S01,2026-02-03T10:50:30Z,2026-02-03T10:51:30Z,26.10,C,operator1@example.invalid
R004182,S02,2026-02-03T10:51:00Z,2026-02-03T10:52:00Z,79.16,F,operator2@example.invalid
R004183,S03,2026-02-03T10:51:30Z,2026-02-03T10:52:30Z,26.30,C,operator3@example.invalid
R004184,S04,2026-02-03T10:52:00Z,2026-02-03T10:53:00Z,79.52,F,operator4@example.invalid
R004185,S05,2026-02-03T10:52:30Z,2026-02-03T10:53:30Z,26.50,C,operator0@example.invalid
R004186, s06 ,2026-02-03T10:53:00Z,2026-02-03T10:54:00Z,79.88,F,operator1@example.invalid
R004187,S07,2026-02-03T10:53:30Z,2026-02-03T10:54:30Z,26.70,C,operator2@example.invalid
R004188,S08,2026-02-03T10:54:00Z,2026-02-03T10:55:00Z,80.24,F,operator3@example.invalid
R004189,S09,2026-02-03T10:54:30Z,2026-02-03T10:55:30Z,26.90,C,operator4@example.invalid
R004190,S10,2026-02-03T10:55:00Z,2026-02-03T10:56:00Z,80.60,F,operator0@example.invalid
R004191,S11,2026-02-03T10:55:30Z,2026-02-03T10:56:30Z,27.10, c ,operator1@example.invalid
R004192,S12,2026-02-03T10:56:00Z,2026-02-03T10:57:00Z,80.96,F,operator2@example.invalid
R004193, s13 ,2026-02-03T10:56:30Z,2026-02-03T10:57:30Z,27.30,C,operator3@example.invalid
R004194,S14,2026-02-03T10:57:00Z,2026-02-03T10:58:00Z,81.32,F,operator4@example.invalid
R004195,S15,2026-02-03T10:57:30Z,2026-02-03T10:58:30Z,27.50,C,operator0@example.invalid
R004196,S16,2026-02-03T10:58:00Z,2026-02-03T10:59:00Z,81.68,F,operator1@example.invalid
R004197,S17,2026-02-03T10:58:30Z,2026-02-03T10:59:30Z,27.70,C,operator2@example.invalid
R004198,S18,2026-02-03T10:59:00Z,2026-02-03T11:00:00Z,82.04,F,operator3@example.invalid
R004199,S19,2026-02-03T10:59:30Z,2026-02-03T11:00:30Z,27.90,C,operator4@example.invalid
R004200, s20 ,2026-02-03T11:00:00Z,2026-02-03T11:01:00Z,64.40,F,operator0@example.invalid
R004201,S01,2026-02-03T11:00:30Z,2026-02-03T11:01:30Z,18.10,C,operator1@example.invalid
R004202,S02,2026-02-03T11:01:00Z,2026-02-03T11:02:00Z,64.76, f ,operator2@example.invalid
R004203,S03,2026-02-03T11:01:30Z,2026-02-03T11:02:30Z,18.30,C,operator3@example.invalid
R004204,S04,2026-02-03T11:02:00Z,2026-02-03T11:03:00Z,65.12,F,operator4@example.invalid
R004205,S05,2026-02-03T11:02:30Z,2026-02-03T11:03:30Z,18.50,C,operator0@example.invalid
R004206,S06,2026-02-03T11:03:00Z,2026-02-03T11:04:00Z,65.48,F,operator1@example.invalid
R004207, s07 ,2026-02-03T11:03:30Z,2026-02-03T11:04:30Z,18.70,C,operator2@example.invalid
R004208,S08,2026-02-03T11:04:00Z,2026-02-03T11:05:00Z,65.84,F,operator3@example.invalid
R004209,S09,2026-02-03T11:04:30Z,2026-02-03T11:05:30Z,18.90,C,operator4@example.invalid
R004210,S10,2026-02-03T11:05:00Z,2026-02-03T11:06:00Z,66.20,F,operator0@example.invalid
R004211,S11,2026-02-03T11:05:30Z,2026-02-03T11:06:30Z,19.10,C,operator1@example.invalid
R004212,S12,2026-02-03T11:06:00Z,2026-02-03T11:07:00Z,66.56,F,operator2@example.invalid
R004213,S13,2026-02-03T11:06:30Z,2026-02-03T11:07:30Z,19.30, c ,operator3@example.invalid
R004214, s14 ,2026-02-03T11:07:00Z,2026-02-03T11:08:00Z,66.92,F,operator4@example.invalid
R004215,S15,2026-02-03T11:07:30Z,2026-02-03T11:08:30Z,19.50,C,operator0@example.invalid
R004216,S16,2026-02-03T11:08:00Z,2026-02-03T11:09:00Z,67.28,F,operator1@example.invalid
R004217,S17,2026-02-03T11:08:30Z,2026-02-03T11:09:30Z,19.70,C,operator2@example.invalid
R004218,S18,2026-02-03T11:09:00Z,2026-02-03T11:10:00Z,67.64,F,operator3@example.invalid
R004219,S19,2026-02-03T11:09:30Z,2026-02-03T11:10:30Z,19.90,C,operator4@example.invalid
R004220,S20,2026-02-03T11:10:00Z,2026-02-03T11:11:00Z,68.00,F,operator0@example.invalid
R004221, s01 ,2026-02-03T11:10:30Z,2026-02-03T11:11:30Z,20.10,C,operator1@example.invalid
R004222,S02,2026-02-03T11:11:00Z,2026-02-03T11:12:00Z,68.36,F,operator2@example.invalid
R004223,S03,2026-02-03T11:11:30Z,2026-02-03T11:12:30Z,20.30,C,operator3@example.invalid
R004224,S04,2026-02-03T11:12:00Z,2026-02-03T11:13:00Z,68.72, f ,operator4@example.invalid
R004225,S05,2026-02-03T11:12:30Z,2026-02-03T11:13:30Z,20.50,C,operator0@example.invalid
R004226,S06,2026-02-03T11:13:00Z,2026-02-03T11:14:00Z,69.08,F,operator1@example.invalid
R004227,S07,2026-02-03T11:13:30Z,2026-02-03T11:14:30Z,20.70,C,operator2@example.invalid
R004228, s08 ,2026-02-03T11:14:00Z,2026-02-03T11:15:00Z,69.44,F,operator3@example.invalid
R004229,S09,2026-02-03T11:14:30Z,2026-02-03T11:15:30Z,20.90,C,operator4@example.invalid
R004230,S10,2026-02-03T11:15:00Z,2026-02-03T11:16:00Z,69.80,F,operator0@example.invalid
R004231,S11,2026-02-03T11:15:30Z,2026-02-03T11:16:30Z,21.10,C,operator1@example.invalid
R004232,S12,2026-02-03T11:16:00Z,2026-02-03T11:17:00Z,70.16,F,operator2@example.invalid
R004233,S13,2026-02-03T11:16:30Z,2026-02-03T11:17:30Z,21.30,C,operator3@example.invalid
R004234,S14,2026-02-03T11:17:00Z,2026-02-03T11:18:00Z,70.52,F,operator4@example.invalid
R004235, s15 ,2026-02-03T11:17:30Z,2026-02-03T11:18:30Z,21.50, c ,operator0@example.invalid
R004236,S16,2026-02-03T11:18:00Z,2026-02-03T11:19:00Z,70.88,F,operator1@example.invalid
R004237,S17,2026-02-03T11:18:30Z,2026-02-03T11:19:30Z,21.70,C,operator2@example.invalid
R004238,S18,2026-02-03T11:19:00Z,2026-02-03T11:20:00Z,71.24,F,operator3@example.invalid
R004239,S19,2026-02-03T11:19:30Z,2026-02-03T11:20:30Z,21.90,C,operator4@example.invalid
R004240,S20,2026-02-03T11:20:00Z,2026-02-03T11:21:00Z,71.60,F,operator0@example.invalid
R004241,S01,2026-02-03T11:20:30Z,2026-02-03T11:21:30Z,22.10,C,operator1@example.invalid
R004242, s02 ,2026-02-03T11:21:00Z,2026-02-03T11:22:00Z,71.96,F,operator2@example.invalid
R004243,S03,2026-02-03T11:21:30Z,2026-02-03T11:22:30Z,22.30,C,operator3@example.invalid
R004244,S04,2026-02-03T11:22:00Z,2026-02-03T11:23:00Z,72.32,F,operator4@example.invalid
R004245,S05,2026-02-03T11:22:30Z,2026-02-03T11:23:30Z,22.50,C,operator0@example.invalid
R004246,S06,2026-02-03T11:23:00Z,2026-02-03T11:24:00Z,72.68, f ,operator1@example.invalid
R004247,S07,2026-02-03T11:23:30Z,2026-02-03T11:24:30Z,22.70,C,operator2@example.invalid
R004248,S08,2026-02-03T11:24:00Z,2026-02-03T11:25:00Z,73.04,F,operator3@example.invalid
R004249, s09 ,2026-02-03T11:24:30Z,2026-02-03T11:25:30Z,22.90,C,operator4@example.invalid
R004250,S10,2026-02-03T11:25:00Z,2026-02-03T11:26:00Z,73.40,F,operator0@example.invalid
R004251,S11,2026-02-03T11:25:30Z,2026-02-03T11:26:30Z,23.10,C,operator1@example.invalid
R004252,S12,2026-02-03T11:26:00Z,2026-02-03T11:27:00Z,73.76,F,operator2@example.invalid
R004253,S13,2026-02-03T11:26:30Z,2026-02-03T11:27:30Z,23.30,C,operator3@example.invalid
R004254,S14,2026-02-03T11:27:00Z,2026-02-03T11:28:00Z,74.12,F,operator4@example.invalid
R004255,S15,2026-02-03T11:27:30Z,2026-02-03T11:28:30Z,23.50,C,operator0@example.invalid
R004256, s16 ,2026-02-03T11:28:00Z,2026-02-03T11:29:00Z,74.48,F,operator1@example.invalid
R004257,S17,2026-02-03T11:28:30Z,2026-02-03T11:29:30Z,23.70, c ,operator2@example.invalid
R004258,S18,2026-02-03T11:29:00Z,2026-02-03T11:30:00Z,74.84,F,operator3@example.invalid
R004259,S19,2026-02-03T11:29:30Z,2026-02-03T11:30:30Z,23.90,C,operator4@example.invalid
R004260,S20,2026-02-03T11:30:00Z,2026-02-03T11:31:00Z,75.20,F,operator0@example.invalid
R004261,S01,2026-02-03T11:30:30Z,2026-02-03T11:31:30Z,24.10,C,operator1@example.invalid
R004262,S02,2026-02-03T11:31:00Z,2026-02-03T11:32:00Z,75.56,F,operator2@example.invalid
R004263, s03 ,2026-02-03T11:31:30Z,2026-02-03T11:32:30Z,24.30,C,operator3@example.invalid
R004264,S04,2026-02-03T11:32:00Z,2026-02-03T11:33:00Z,75.92,F,operator4@example.invalid
R004265,S05,2026-02-03T11:32:30Z,2026-02-03T11:33:30Z,24.50,C,operator0@example.invalid
R004266,S06,2026-02-03T11:33:00Z,2026-02-03T11:34:00Z,76.28,F,operator1@example.invalid
R004267,S07,2026-02-03T11:33:30Z,2026-02-03T11:34:30Z,24.70,C,operator2@example.invalid
R004268,S08,2026-02-03T11:34:00Z,2026-02-03T11:35:00Z,76.64, f ,operator3@example.invalid
R004269,S09,2026-02-03T11:34:30Z,2026-02-03T11:35:30Z,24.90,C,operator4@example.invalid
R004270, s10 ,2026-02-03T11:35:00Z,2026-02-03T11:36:00Z,77.00,F,operator0@example.invalid
R004271,S11,2026-02-03T11:35:30Z,2026-02-03T11:36:30Z,25.10,C,operator1@example.invalid
R004272,S12,2026-02-03T11:36:00Z,2026-02-03T11:37:00Z,77.36,F,operator2@example.invalid
R004273,S13,2026-02-03T11:36:30Z,2026-02-03T11:37:30Z,25.30,C,operator3@example.invalid
R004274,S14,2026-02-03T11:37:00Z,2026-02-03T11:38:00Z,77.72,F,operator4@example.invalid
R004275,S15,2026-02-03T11:37:30Z,2026-02-03T11:38:30Z,25.50,C,operator0@example.invalid
R004276,S16,2026-02-03T11:38:00Z,2026-02-03T11:39:00Z,78.08,F,operator1@example.invalid
R004277, s17 ,2026-02-03T11:38:30Z,2026-02-03T11:39:30Z,25.70,C,operator2@example.invalid
R004278,S18,2026-02-03T11:39:00Z,2026-02-03T11:40:00Z,78.44,F,operator3@example.invalid
R004279,S19,2026-02-03T11:39:30Z,2026-02-03T11:40:30Z,25.90, c ,operator4@example.invalid
R004280,S20,2026-02-03T11:40:00Z,2026-02-03T11:41:00Z,78.80,F,operator0@example.invalid
R004281,S01,2026-02-03T11:40:30Z,2026-02-03T11:41:30Z,26.10,C,operator1@example.invalid
R004282,S02,2026-02-03T11:41:00Z,2026-02-03T11:42:00Z,79.16,F,operator2@example.invalid
R004283,S03,2026-02-03T11:41:30Z,2026-02-03T11:42:30Z,26.30,C,operator3@example.invalid
R004284, s04 ,2026-02-03T11:42:00Z,2026-02-03T11:43:00Z,79.52,F,operator4@example.invalid
R004285,S05,2026-02-03T11:42:30Z,2026-02-03T11:43:30Z,26.50,C,operator0@example.invalid
R004286,S06,2026-02-03T11:43:00Z,2026-02-03T11:44:00Z,79.88,F,operator1@example.invalid
R004287,S07,2026-02-03T11:43:30Z,2026-02-03T11:44:30Z,26.70,C,operator2@example.invalid
R004288,S08,2026-02-03T11:44:00Z,2026-02-03T11:45:00Z,80.24,F,operator3@example.invalid
R004289,S09,2026-02-03T11:44:30Z,2026-02-03T11:45:30Z,26.90,C,operator4@example.invalid
R004290,S10,2026-02-03T11:45:00Z,2026-02-03T11:46:00Z,80.60, f ,operator0@example.invalid
R004291, s11 ,2026-02-03T11:45:30Z,2026-02-03T11:46:30Z,27.10,C,operator1@example.invalid
R004292,S12,2026-02-03T11:46:00Z,2026-02-03T11:47:00Z,80.96,F,operator2@example.invalid
R004293,S13,2026-02-03T11:46:30Z,2026-02-03T11:47:30Z,27.30,C,operator3@example.invalid
R004294,S14,2026-02-03T11:47:00Z,2026-02-03T11:48:00Z,81.32,F,operator4@example.invalid
R004295,S15,2026-02-03T11:47:30Z,2026-02-03T11:48:30Z,27.50,C,operator0@example.invalid
R004296,S16,2026-02-03T11:48:00Z,2026-02-03T11:49:00Z,81.68,F,operator1@example.invalid
R004297,S17,2026-02-03T11:48:30Z,2026-02-03T11:49:30Z,27.70,C,operator2@example.invalid
R004298, s18 ,2026-02-03T11:49:00Z,2026-02-03T11:50:00Z,82.04,F,operator3@example.invalid
R004299,S19,2026-02-03T11:49:30Z,2026-02-03T11:50:30Z,27.90,C,operator4@example.invalid
R004300,S20,2026-02-03T11:50:00Z,2026-02-03T11:51:00Z,64.40,F,operator0@example.invalid
R004301,S01,2026-02-03T11:50:30Z,2026-02-03T11:51:30Z,18.10, c ,operator1@example.invalid
R004302,S02,2026-02-03T11:51:00Z,2026-02-03T11:52:00Z,64.76,F,operator2@example.invalid
R004303,S03,2026-02-03T11:51:30Z,2026-02-03T11:52:30Z,18.30,C,operator3@example.invalid
R004304,S04,2026-02-03T11:52:00Z,2026-02-03T11:53:00Z,65.12,F,operator4@example.invalid
R004305, s05 ,2026-02-03T11:52:30Z,2026-02-03T11:53:30Z,18.50,C,operator0@example.invalid
R004306,S06,2026-02-03T11:53:00Z,2026-02-03T11:54:00Z,65.48,F,operator1@example.invalid
R004307,S07,2026-02-03T11:53:30Z,2026-02-03T11:54:30Z,18.70,C,operator2@example.invalid
R004308,S08,2026-02-03T11:54:00Z,2026-02-03T11:55:00Z,65.84,F,operator3@example.invalid
R004309,S09,2026-02-03T11:54:30Z,2026-02-03T11:55:30Z,18.90,C,operator4@example.invalid
R004310,S10,2026-02-03T11:55:00Z,2026-02-03T11:56:00Z,66.20,F,operator0@example.invalid
R004311,S11,2026-02-03T11:55:30Z,2026-02-03T11:56:30Z,19.10,C,operator1@example.invalid
R004312, s12 ,2026-02-03T11:56:00Z,2026-02-03T11:57:00Z,66.56, f ,operator2@example.invalid
R004313,S13,2026-02-03T11:56:30Z,2026-02-03T11:57:30Z,19.30,C,operator3@example.invalid
R004314,S14,2026-02-03T11:57:00Z,2026-02-03T11:58:00Z,66.92,F,operator4@example.invalid
R004315,S15,2026-02-03T11:57:30Z,2026-02-03T11:58:30Z,19.50,C,operator0@example.invalid
R004316,S16,2026-02-03T11:58:00Z,2026-02-03T11:59:00Z,67.28,F,operator1@example.invalid
R004317,S17,2026-02-03T11:58:30Z,2026-02-03T11:59:30Z,19.70,C,operator2@example.invalid
R004318,S18,2026-02-03T11:59:00Z,2026-02-03T12:00:00Z,67.64,F,operator3@example.invalid
R004319, s19 ,2026-02-03T11:59:30Z,2026-02-03T12:00:30Z,19.90,C,operator4@example.invalid
R004320,S20,2026-02-03T12:00:00Z,2026-02-03T12:01:00Z,68.00,F,operator0@example.invalid
R004321,S01,2026-02-03T12:00:30Z,2026-02-03T12:01:30Z,20.10,C,operator1@example.invalid
R004322,S02,2026-02-03T12:01:00Z,2026-02-03T12:02:00Z,68.36,F,operator2@example.invalid
R004323,S03,2026-02-03T12:01:30Z,2026-02-03T12:02:30Z,20.30, c ,operator3@example.invalid
R004324,S04,2026-02-03T12:02:00Z,2026-02-03T12:03:00Z,68.72,F,operator4@example.invalid
R004325,S05,2026-02-03T12:02:30Z,2026-02-03T12:03:30Z,20.50,C,operator0@example.invalid
R004326, s06 ,2026-02-03T12:03:00Z,2026-02-03T12:04:00Z,69.08,F,operator1@example.invalid
R004327,S07,2026-02-03T12:03:30Z,2026-02-03T12:04:30Z,20.70,C,operator2@example.invalid
R004328,S08,2026-02-03T12:04:00Z,2026-02-03T12:05:00Z,69.44,F,operator3@example.invalid
R004329,S09,2026-02-03T12:04:30Z,2026-02-03T12:05:30Z,20.90,C,operator4@example.invalid
R004330,S10,2026-02-03T12:05:00Z,2026-02-03T12:06:00Z,69.80,F,operator0@example.invalid
R004331,S11,2026-02-03T12:05:30Z,2026-02-03T12:06:30Z,21.10,C,operator1@example.invalid
R004332,S12,2026-02-03T12:06:00Z,2026-02-03T12:07:00Z,70.16,F,operator2@example.invalid
R004333, s13 ,2026-02-03T12:06:30Z,2026-02-03T12:07:30Z,21.30,C,operator3@example.invalid
R004334,S14,2026-02-03T12:07:00Z,2026-02-03T12:08:00Z,70.52, f ,operator4@example.invalid
R004335,S15,2026-02-03T12:07:30Z,2026-02-03T12:08:30Z,21.50,C,operator0@example.invalid
R004336,S16,2026-02-03T12:08:00Z,2026-02-03T12:09:00Z,70.88,F,operator1@example.invalid
R004337,S17,2026-02-03T12:08:30Z,2026-02-03T12:09:30Z,21.70,C,operator2@example.invalid
R004338,S18,2026-02-03T12:09:00Z,2026-02-03T12:10:00Z,71.24,F,operator3@example.invalid
R004339,S19,2026-02-03T12:09:30Z,2026-02-03T12:10:30Z,21.90,C,operator4@example.invalid
R004340, s20 ,2026-02-03T12:10:00Z,2026-02-03T12:11:00Z,71.60,F,operator0@example.invalid
R004341,S01,2026-02-03T12:10:30Z,2026-02-03T12:11:30Z,22.10,C,operator1@example.invalid
R004342,S02,2026-02-03T12:11:00Z,2026-02-03T12:12:00Z,71.96,F,operator2@example.invalid
R004343,S03,2026-02-03T12:11:30Z,2026-02-03T12:12:30Z,22.30,C,operator3@example.invalid
R004344,S04,2026-02-03T12:12:00Z,2026-02-03T12:13:00Z,72.32,F,operator4@example.invalid
R004345,S05,2026-02-03T12:12:30Z,2026-02-03T12:13:30Z,22.50, c ,operator0@example.invalid
R004346,S06,2026-02-03T12:13:00Z,2026-02-03T12:14:00Z,72.68,F,operator1@example.invalid
R004347, s07 ,2026-02-03T12:13:30Z,2026-02-03T12:14:30Z,22.70,C,operator2@example.invalid
R004348,S08,2026-02-03T12:14:00Z,2026-02-03T12:15:00Z,73.04,F,operator3@example.invalid
R004349,S09,2026-02-03T12:14:30Z,2026-02-03T12:15:30Z,22.90,C,operator4@example.invalid
R004350,S10,2026-02-03T12:15:00Z,2026-02-03T12:16:00Z,73.40,F,operator0@example.invalid
R004351,S11,2026-02-03T12:15:30Z,2026-02-03T12:16:30Z,23.10,C,operator1@example.invalid
R004352,S12,2026-02-03T12:16:00Z,2026-02-03T12:17:00Z,73.76,F,operator2@example.invalid
R004353,S13,2026-02-03T12:16:30Z,2026-02-03T12:17:30Z,23.30,C,operator3@example.invalid
R004354, s14 ,2026-02-03T12:17:00Z,2026-02-03T12:18:00Z,74.12,F,operator4@example.invalid
R004355,S15,2026-02-03T12:17:30Z,2026-02-03T12:18:30Z,23.50,C,operator0@example.invalid
R004356,S16,2026-02-03T12:18:00Z,2026-02-03T12:19:00Z,74.48, f ,operator1@example.invalid
R004357,S17,2026-02-03T12:18:30Z,2026-02-03T12:19:30Z,23.70,C,operator2@example.invalid
R004358,S18,2026-02-03T12:19:00Z,2026-02-03T12:20:00Z,74.84,F,operator3@example.invalid
R004359,S19,2026-02-03T12:19:30Z,2026-02-03T12:20:30Z,23.90,C,operator4@example.invalid
R004360,S20,2026-02-03T12:20:00Z,2026-02-03T12:21:00Z,75.20,F,operator0@example.invalid
R004361, s01 ,2026-02-03T12:20:30Z,2026-02-03T12:21:30Z,24.10,C,operator1@example.invalid
R004362,S02,2026-02-03T12:21:00Z,2026-02-03T12:22:00Z,75.56,F,operator2@example.invalid
R004363,S03,2026-02-03T12:21:30Z,2026-02-03T12:22:30Z,24.30,C,operator3@example.invalid
R004364,S04,2026-02-03T12:22:00Z,2026-02-03T12:23:00Z,75.92,F,operator4@example.invalid
R004365,S05,2026-02-03T12:22:30Z,2026-02-03T12:23:30Z,24.50,C,operator0@example.invalid
R004366,S06,2026-02-03T12:23:00Z,2026-02-03T12:24:00Z,76.28,F,operator1@example.invalid
R004367,S07,2026-02-03T12:23:30Z,2026-02-03T12:24:30Z,24.70, c ,operator2@example.invalid
R004368, s08 ,2026-02-03T12:24:00Z,2026-02-03T12:25:00Z,76.64,F,operator3@example.invalid
R004369,S09,2026-02-03T12:24:30Z,2026-02-03T12:25:30Z,24.90,C,operator4@example.invalid
R004370,S10,2026-02-03T12:25:00Z,2026-02-03T12:26:00Z,77.00,F,operator0@example.invalid
R004371,S11,2026-02-03T12:25:30Z,2026-02-03T12:26:30Z,25.10,C,operator1@example.invalid
R004372,S12,2026-02-03T12:26:00Z,2026-02-03T12:27:00Z,77.36,F,operator2@example.invalid
R004373,S13,2026-02-03T12:26:30Z,2026-02-03T12:27:30Z,25.30,C,operator3@example.invalid
R004374,S14,2026-02-03T12:27:00Z,2026-02-03T12:28:00Z,77.72,F,operator4@example.invalid
R004375, s15 ,2026-02-03T12:27:30Z,2026-02-03T12:28:30Z,25.50,C,operator0@example.invalid
R004376,S16,2026-02-03T12:28:00Z,2026-02-03T12:29:00Z,78.08,F,operator1@example.invalid
R004377,S17,2026-02-03T12:28:30Z,2026-02-03T12:29:30Z,25.70,C,operator2@example.invalid
R004378,S18,2026-02-03T12:29:00Z,2026-02-03T12:30:00Z,78.44, f ,operator3@example.invalid
R004379,S19,2026-02-03T12:29:30Z,2026-02-03T12:30:30Z,25.90,C,operator4@example.invalid
R004380,S20,2026-02-03T12:30:00Z,2026-02-03T12:31:00Z,78.80,F,operator0@example.invalid
R004381,S01,2026-02-03T12:30:30Z,2026-02-03T12:31:30Z,26.10,C,operator1@example.invalid
R004382, s02 ,2026-02-03T12:31:00Z,2026-02-03T12:32:00Z,79.16,F,operator2@example.invalid
R004383,S03,2026-02-03T12:31:30Z,2026-02-03T12:32:30Z,26.30,C,operator3@example.invalid
R004384,S04,2026-02-03T12:32:00Z,2026-02-03T12:33:00Z,79.52,F,operator4@example.invalid
R004385,S05,2026-02-03T12:32:30Z,2026-02-03T12:33:30Z,26.50,C,operator0@example.invalid
R004386,S06,2026-02-03T12:33:00Z,2026-02-03T12:34:00Z,79.88,F,operator1@example.invalid
R004387,S07,2026-02-03T12:33:30Z,2026-02-03T12:34:30Z,26.70,C,operator2@example.invalid
R004388,S08,2026-02-03T12:34:00Z,2026-02-03T12:35:00Z,80.24,F,operator3@example.invalid
R004389, s09 ,2026-02-03T12:34:30Z,2026-02-03T12:35:30Z,26.90, c ,operator4@example.invalid
R004390,S10,2026-02-03T12:35:00Z,2026-02-03T12:36:00Z,80.60,F,operator0@example.invalid
R004391,S11,2026-02-03T12:35:30Z,2026-02-03T12:36:30Z,27.10,C,operator1@example.invalid
R004392,S12,2026-02-03T12:36:00Z,2026-02-03T12:37:00Z,80.96,F,operator2@example.invalid
R004393,S13,2026-02-03T12:36:30Z,2026-02-03T12:37:30Z,27.30,C,operator3@example.invalid
R004394,S14,2026-02-03T12:37:00Z,2026-02-03T12:38:00Z,81.32,F,operator4@example.invalid
R004395,S15,2026-02-03T12:37:30Z,2026-02-03T12:38:30Z,27.50,C,operator0@example.invalid
R004396, s16 ,2026-02-03T12:38:00Z,2026-02-03T12:39:00Z,81.68,F,operator1@example.invalid
R004397,S17,2026-02-03T12:38:30Z,2026-02-03T12:39:30Z,27.70,C,operator2@example.invalid
R004398,S18,2026-02-03T12:39:00Z,2026-02-03T12:40:00Z,82.04,F,operator3@example.invalid
R004399,S19,2026-02-03T12:39:30Z,2026-02-03T12:40:30Z,27.90,C,operator4@example.invalid
R004400,S20,2026-02-03T12:40:00Z,2026-02-03T12:41:00Z,64.40, f ,operator0@example.invalid
R004401,S01,2026-02-03T12:40:30Z,2026-02-03T12:41:30Z,18.10,C,operator1@example.invalid
R004402,S02,2026-02-03T12:41:00Z,2026-02-03T12:42:00Z,64.76,F,operator2@example.invalid
R004403, s03 ,2026-02-03T12:41:30Z,2026-02-03T12:42:30Z,18.30,C,operator3@example.invalid
R004404,S04,2026-02-03T12:42:00Z,2026-02-03T12:43:00Z,65.12,F,operator4@example.invalid
R004405,S05,2026-02-03T12:42:30Z,2026-02-03T12:43:30Z,18.50,C,operator0@example.invalid
R004406,S06,2026-02-03T12:43:00Z,2026-02-03T12:44:00Z,65.48,F,operator1@example.invalid
R004407,S07,2026-02-03T12:43:30Z,2026-02-03T12:44:30Z,18.70,C,operator2@example.invalid
R004408,S08,2026-02-03T12:44:00Z,2026-02-03T12:45:00Z,65.84,F,operator3@example.invalid
R004409,S09,2026-02-03T12:44:30Z,2026-02-03T12:45:30Z,18.90,C,operator4@example.invalid
R004410, s10 ,2026-02-03T12:45:00Z,2026-02-03T12:46:00Z,66.20,F,operator0@example.invalid
R004411,S11,2026-02-03T12:45:30Z,2026-02-03T12:46:30Z,19.10, c ,operator1@example.invalid
R004412,S12,2026-02-03T12:46:00Z,2026-02-03T12:47:00Z,66.56,F,operator2@example.invalid
R004413,S13,2026-02-03T12:46:30Z,2026-02-03T12:47:30Z,19.30,C,operator3@example.invalid
R004414,S14,2026-02-03T12:47:00Z,2026-02-03T12:48:00Z,66.92,F,operator4@example.invalid
R004415,S15,2026-02-03T12:47:30Z,2026-02-03T12:48:30Z,19.50,C,operator0@example.invalid
R004416,S16,2026-02-03T12:48:00Z,2026-02-03T12:49:00Z,67.28,F,operator1@example.invalid
R004417, s17 ,2026-02-03T12:48:30Z,2026-02-03T12:49:30Z,19.70,C,operator2@example.invalid
R004418,S18,2026-02-03T12:49:00Z,2026-02-03T12:50:00Z,67.64,F,operator3@example.invalid
R004419,S19,2026-02-03T12:49:30Z,2026-02-03T12:50:30Z,19.90,C,operator4@example.invalid
R004420,S20,2026-02-03T12:50:00Z,2026-02-03T12:51:00Z,68.00,F,operator0@example.invalid
R004421,S01,2026-02-03T12:50:30Z,2026-02-03T12:51:30Z,20.10,C,operator1@example.invalid
R004422,S02,2026-02-03T12:51:00Z,2026-02-03T12:52:00Z,68.36, f ,operator2@example.invalid
R004423,S03,2026-02-03T12:51:30Z,2026-02-03T12:52:30Z,20.30,C,operator3@example.invalid
R004424, s04 ,2026-02-03T12:52:00Z,2026-02-03T12:53:00Z,68.72,F,operator4@example.invalid
R004425,S05,2026-02-03T12:52:30Z,2026-02-03T12:53:30Z,20.50,C,operator0@example.invalid
R004426,S06,2026-02-03T12:53:00Z,2026-02-03T12:54:00Z,69.08,F,operator1@example.invalid
R004427,S07,2026-02-03T12:53:30Z,2026-02-03T12:54:30Z,20.70,C,operator2@example.invalid
R004428,S08,2026-02-03T12:54:00Z,2026-02-03T12:55:00Z,69.44,F,operator3@example.invalid
R004429,S09,2026-02-03T12:54:30Z,2026-02-03T12:55:30Z,20.90,C,operator4@example.invalid
R004430,S10,2026-02-03T12:55:00Z,2026-02-03T12:56:00Z,69.80,F,operator0@example.invalid
R004431, s11 ,2026-02-03T12:55:30Z,2026-02-03T12:56:30Z,21.10,C,operator1@example.invalid
R004432,S12,2026-02-03T12:56:00Z,2026-02-03T12:57:00Z,70.16,F,operator2@example.invalid
R004433,S13,2026-02-03T12:56:30Z,2026-02-03T12:57:30Z,21.30, c ,operator3@example.invalid
R004434,S14,2026-02-03T12:57:00Z,2026-02-03T12:58:00Z,70.52,F,operator4@example.invalid
R004435,S15,2026-02-03T12:57:30Z,2026-02-03T12:58:30Z,21.50,C,operator0@example.invalid
R004436,S16,2026-02-03T12:58:00Z,2026-02-03T12:59:00Z,70.88,F,operator1@example.invalid
R004437,S17,2026-02-03T12:58:30Z,2026-02-03T12:59:30Z,21.70,C,operator2@example.invalid
R004438, s18 ,2026-02-03T12:59:00Z,2026-02-03T13:00:00Z,71.24,F,operator3@example.invalid
R004439,S19,2026-02-03T12:59:30Z,2026-02-03T13:00:30Z,21.90,C,operator4@example.invalid
R004440,S20,2026-02-03T13:00:00Z,2026-02-03T13:01:00Z,71.60,F,operator0@example.invalid
R004441,S01,2026-02-03T13:00:30Z,2026-02-03T13:01:30Z,22.10,C,operator1@example.invalid
R004442,S02,2026-02-03T13:01:00Z,2026-02-03T13:02:00Z,71.96,F,operator2@example.invalid
R004443,S03,2026-02-03T13:01:30Z,2026-02-03T13:02:30Z,22.30,C,operator3@example.invalid
R004444,S04,2026-02-03T13:02:00Z,2026-02-03T13:03:00Z,72.32, f ,operator4@example.invalid
R004445, s05 ,2026-02-03T13:02:30Z,2026-02-03T13:03:30Z,22.50,C,operator0@example.invalid
R004446,S06,2026-02-03T13:03:00Z,2026-02-03T13:04:00Z,72.68,F,operator1@example.invalid
R004447,S07,2026-02-03T13:03:30Z,2026-02-03T13:04:30Z,22.70,C,operator2@example.invalid
R004448,S08,2026-02-03T13:04:00Z,2026-02-03T13:05:00Z,73.04,F,operator3@example.invalid
R004449,S09,2026-02-03T13:04:30Z,2026-02-03T13:05:30Z,22.90,C,operator4@example.invalid
R004450,S10,2026-02-03T13:05:00Z,2026-02-03T13:06:00Z,73.40,F,operator0@example.invalid
R004451,S11,2026-02-03T13:05:30Z,2026-02-03T13:06:30Z,23.10,C,operator1@example.invalid
R004452, s12 ,2026-02-03T13:06:00Z,2026-02-03T13:07:00Z,73.76,F,operator2@example.invalid
R004453,S13,2026-02-03T13:06:30Z,2026-02-03T13:07:30Z,23.30,C,operator3@example.invalid
R004454,S14,2026-02-03T13:07:00Z,2026-02-03T13:08:00Z,74.12,F,operator4@example.invalid
R004455,S15,2026-02-03T13:07:30Z,2026-02-03T13:08:30Z,23.50, c ,operator0@example.invalid
R004456,S16,2026-02-03T13:08:00Z,2026-02-03T13:09:00Z,74.48,F,operator1@example.invalid
R004457,S17,2026-02-03T13:08:30Z,2026-02-03T13:09:30Z,23.70,C,operator2@example.invalid
R004458,S18,2026-02-03T13:09:00Z,2026-02-03T13:10:00Z,74.84,F,operator3@example.invalid
R004459, s19 ,2026-02-03T13:09:30Z,2026-02-03T13:10:30Z,23.90,C,operator4@example.invalid
R004460,S20,2026-02-03T13:10:00Z,2026-02-03T13:11:00Z,75.20,F,operator0@example.invalid
R004461,S01,2026-02-03T13:10:30Z,2026-02-03T13:11:30Z,24.10,C,operator1@example.invalid
R004462,S02,2026-02-03T13:11:00Z,2026-02-03T13:12:00Z,75.56,F,operator2@example.invalid
R004463,S03,2026-02-03T13:11:30Z,2026-02-03T13:12:30Z,24.30,C,operator3@example.invalid
R004464,S04,2026-02-03T13:12:00Z,2026-02-03T13:13:00Z,75.92,F,operator4@example.invalid
R004465,S05,2026-02-03T13:12:30Z,2026-02-03T13:13:30Z,24.50,C,operator0@example.invalid
R004466, s06 ,2026-02-03T13:13:00Z,2026-02-03T13:14:00Z,76.28, f ,operator1@example.invalid
R004467,S07,2026-02-03T13:13:30Z,2026-02-03T13:14:30Z,24.70,C,operator2@example.invalid
R004468,S08,2026-02-03T13:14:00Z,2026-02-03T13:15:00Z,76.64,F,operator3@example.invalid
R004469,S09,2026-02-03T13:14:30Z,2026-02-03T13:15:30Z,24.90,C,operator4@example.invalid
R004470,S10,2026-02-03T13:15:00Z,2026-02-03T13:16:00Z,77.00,F,operator0@example.invalid
R004471,S11,2026-02-03T13:15:30Z,2026-02-03T13:16:30Z,25.10,C,operator1@example.invalid
R004472,S12,2026-02-03T13:16:00Z,2026-02-03T13:17:00Z,77.36,F,operator2@example.invalid
R004473, s13 ,2026-02-03T13:16:30Z,2026-02-03T13:17:30Z,25.30,C,operator3@example.invalid
R004474,S14,2026-02-03T13:17:00Z,2026-02-03T13:18:00Z,77.72,F,operator4@example.invalid
R004475,S15,2026-02-03T13:17:30Z,2026-02-03T13:18:30Z,25.50,C,operator0@example.invalid
R004476,S16,2026-02-03T13:18:00Z,2026-02-03T13:19:00Z,78.08,F,operator1@example.invalid
R004477,S17,2026-02-03T13:18:30Z,2026-02-03T13:19:30Z,25.70, c ,operator2@example.invalid
R004478,S18,2026-02-03T13:19:00Z,2026-02-03T13:20:00Z,78.44,F,operator3@example.invalid
R004479,S19,2026-02-03T13:19:30Z,2026-02-03T13:20:30Z,25.90,C,operator4@example.invalid
R004480, s20 ,2026-02-03T13:20:00Z,2026-02-03T13:21:00Z,78.80,F,operator0@example.invalid
R004481,S01,2026-02-03T13:20:30Z,2026-02-03T13:21:30Z,26.10,C,operator1@example.invalid
R004482,S02,2026-02-03T13:21:00Z,2026-02-03T13:22:00Z,79.16,F,operator2@example.invalid
R004483,S03,2026-02-03T13:21:30Z,2026-02-03T13:22:30Z,26.30,C,operator3@example.invalid
R004484,S04,2026-02-03T13:22:00Z,2026-02-03T13:23:00Z,79.52,F,operator4@example.invalid
R004485,S05,2026-02-03T13:22:30Z,2026-02-03T13:23:30Z,26.50,C,operator0@example.invalid
R004486,S06,2026-02-03T13:23:00Z,2026-02-03T13:24:00Z,79.88,F,operator1@example.invalid
R004487, s07 ,2026-02-03T13:23:30Z,2026-02-03T13:24:30Z,26.70,C,operator2@example.invalid
R004488,S08,2026-02-03T13:24:00Z,2026-02-03T13:25:00Z,80.24, f ,operator3@example.invalid
R004489,S09,2026-02-03T13:24:30Z,2026-02-03T13:25:30Z,26.90,C,operator4@example.invalid
R004490,S10,2026-02-03T13:25:00Z,2026-02-03T13:26:00Z,80.60,F,operator0@example.invalid
R004491,S11,2026-02-03T13:25:30Z,2026-02-03T13:26:30Z,27.10,C,operator1@example.invalid
R004492,S12,2026-02-03T13:26:00Z,2026-02-03T13:27:00Z,80.96,F,operator2@example.invalid
R004493,S13,2026-02-03T13:26:30Z,2026-02-03T13:27:30Z,27.30,C,operator3@example.invalid
R004494, s14 ,2026-02-03T13:27:00Z,2026-02-03T13:28:00Z,81.32,F,operator4@example.invalid
R004495,S15,2026-02-03T13:27:30Z,2026-02-03T13:28:30Z,27.50,C,operator0@example.invalid
R004496,S16,2026-02-03T13:28:00Z,2026-02-03T13:29:00Z,81.68,F,operator1@example.invalid
R004497,S17,2026-02-03T13:28:30Z,2026-02-03T13:29:30Z,27.70,C,operator2@example.invalid
R004498,S18,2026-02-03T13:29:00Z,2026-02-03T13:30:00Z,82.04,F,operator3@example.invalid
R004499,S19,2026-02-03T13:29:30Z,2026-02-03T13:30:30Z,27.90, c ,operator4@example.invalid
R004500,S20,2026-02-03T13:30:00Z,2026-02-03T13:31:00Z,64.40,F,operator0@example.invalid
R004501, s01 ,2026-02-03T13:30:30Z,2026-02-03T13:31:30Z,18.10,C,operator1@example.invalid
R004502,S02,2026-02-03T13:31:00Z,2026-02-03T13:32:00Z,64.76,F,operator2@example.invalid
R004503,S03,2026-02-03T13:31:30Z,2026-02-03T13:32:30Z,18.30,C,operator3@example.invalid
R004504,S04,2026-02-03T13:32:00Z,2026-02-03T13:33:00Z,65.12,F,operator4@example.invalid
R004505,S05,2026-02-03T13:32:30Z,2026-02-03T13:33:30Z,18.50,C,operator0@example.invalid
R004506,S06,2026-02-03T13:33:00Z,2026-02-03T13:34:00Z,65.48,F,operator1@example.invalid
R004507,S07,2026-02-03T13:33:30Z,2026-02-03T13:34:30Z,18.70,C,operator2@example.invalid
R004508, s08 ,2026-02-03T13:34:00Z,2026-02-03T13:35:00Z,65.84,F,operator3@example.invalid
R004509,S09,2026-02-03T13:34:30Z,2026-02-03T13:35:30Z,18.90,C,operator4@example.invalid
R004510,S10,2026-02-03T13:35:00Z,2026-02-03T13:36:00Z,66.20, f ,operator0@example.invalid
R004511,S11,2026-02-03T13:35:30Z,2026-02-03T13:36:30Z,19.10,C,operator1@example.invalid
R004512,S12,2026-02-03T13:36:00Z,2026-02-03T13:37:00Z,66.56,F,operator2@example.invalid
R004513,S13,2026-02-03T13:36:30Z,2026-02-03T13:37:30Z,19.30,C,operator3@example.invalid
R004514,S14,2026-02-03T13:37:00Z,2026-02-03T13:38:00Z,66.92,F,operator4@example.invalid
R004515, s15 ,2026-02-03T13:37:30Z,2026-02-03T13:38:30Z,19.50,C,operator0@example.invalid
R004516,S16,2026-02-03T13:38:00Z,2026-02-03T13:39:00Z,67.28,F,operator1@example.invalid
R004517,S17,2026-02-03T13:38:30Z,2026-02-03T13:39:30Z,19.70,C,operator2@example.invalid
R004518,S18,2026-02-03T13:39:00Z,2026-02-03T13:40:00Z,67.64,F,operator3@example.invalid
R004519,S19,2026-02-03T13:39:30Z,2026-02-03T13:40:30Z,19.90,C,operator4@example.invalid
R004520,S20,2026-02-03T13:40:00Z,2026-02-03T13:41:00Z,68.00,F,operator0@example.invalid
R004521,S01,2026-02-03T13:40:30Z,2026-02-03T13:41:30Z,20.10, c ,operator1@example.invalid
R004522, s02 ,2026-02-03T13:41:00Z,2026-02-03T13:42:00Z,68.36,F,operator2@example.invalid
R004523,S03,2026-02-03T13:41:30Z,2026-02-03T13:42:30Z,20.30,C,operator3@example.invalid
R004524,S04,2026-02-03T13:42:00Z,2026-02-03T13:43:00Z,68.72,F,operator4@example.invalid
R004525,S05,2026-02-03T13:42:30Z,2026-02-03T13:43:30Z,20.50,C,operator0@example.invalid
R004526,S06,2026-02-03T13:43:00Z,2026-02-03T13:44:00Z,69.08,F,operator1@example.invalid
R004527,S07,2026-02-03T13:43:30Z,2026-02-03T13:44:30Z,20.70,C,operator2@example.invalid
R004528,S08,2026-02-03T13:44:00Z,2026-02-03T13:45:00Z,69.44,F,operator3@example.invalid
R004529, s09 ,2026-02-03T13:44:30Z,2026-02-03T13:45:30Z,20.90,C,operator4@example.invalid
R004530,S10,2026-02-03T13:45:00Z,2026-02-03T13:46:00Z,69.80,F,operator0@example.invalid
R004531,S11,2026-02-03T13:45:30Z,2026-02-03T13:46:30Z,21.10,C,operator1@example.invalid
R004532,S12,2026-02-03T13:46:00Z,2026-02-03T13:47:00Z,70.16, f ,operator2@example.invalid
R004533,S13,2026-02-03T13:46:30Z,2026-02-03T13:47:30Z,21.30,C,operator3@example.invalid
R004534,S14,2026-02-03T13:47:00Z,2026-02-03T13:48:00Z,70.52,F,operator4@example.invalid
R004535,S15,2026-02-03T13:47:30Z,2026-02-03T13:48:30Z,21.50,C,operator0@example.invalid
R004536, s16 ,2026-02-03T13:48:00Z,2026-02-03T13:49:00Z,70.88,F,operator1@example.invalid
R004537,S17,2026-02-03T13:48:30Z,2026-02-03T13:49:30Z,21.70,C,operator2@example.invalid
R004538,S18,2026-02-03T13:49:00Z,2026-02-03T13:50:00Z,71.24,F,operator3@example.invalid
R004539,S19,2026-02-03T13:49:30Z,2026-02-03T13:50:30Z,21.90,C,operator4@example.invalid
R004540,S20,2026-02-03T13:50:00Z,2026-02-03T13:51:00Z,71.60,F,operator0@example.invalid
R004541,S01,2026-02-03T13:50:30Z,2026-02-03T13:51:30Z,22.10,C,operator1@example.invalid
R004542,S02,2026-02-03T13:51:00Z,2026-02-03T13:52:00Z,71.96,F,operator2@example.invalid
R004543, s03 ,2026-02-03T13:51:30Z,2026-02-03T13:52:30Z,22.30, c ,operator3@example.invalid
R004544,S04,2026-02-03T13:52:00Z,2026-02-03T13:53:00Z,72.32,F,operator4@example.invalid
R004545,S05,2026-02-03T13:52:30Z,2026-02-03T13:53:30Z,22.50,C,operator0@example.invalid
R004546,S06,2026-02-03T13:53:00Z,2026-02-03T13:54:00Z,72.68,F,operator1@example.invalid
R004547,S07,2026-02-03T13:53:30Z,2026-02-03T13:54:30Z,22.70,C,operator2@example.invalid
R004548,S08,2026-02-03T13:54:00Z,2026-02-03T13:55:00Z,73.04,F,operator3@example.invalid
R004549,S09,2026-02-03T13:54:30Z,2026-02-03T13:55:30Z,22.90,C,operator4@example.invalid
R004550, s10 ,2026-02-03T13:55:00Z,2026-02-03T13:56:00Z,73.40,F,operator0@example.invalid
R004551,S11,2026-02-03T13:55:30Z,2026-02-03T13:56:30Z,23.10,C,operator1@example.invalid
R004552,S12,2026-02-03T13:56:00Z,2026-02-03T13:57:00Z,73.76,F,operator2@example.invalid
R004553,S13,2026-02-03T13:56:30Z,2026-02-03T13:57:30Z,23.30,C,operator3@example.invalid
R004554,S14,2026-02-03T13:57:00Z,2026-02-03T13:58:00Z,74.12, f ,operator4@example.invalid
R004555,S15,2026-02-03T13:57:30Z,2026-02-03T13:58:30Z,23.50,C,operator0@example.invalid
R004556,S16,2026-02-03T13:58:00Z,2026-02-03T13:59:00Z,74.48,F,operator1@example.invalid
R004557, s17 ,2026-02-03T13:58:30Z,2026-02-03T13:59:30Z,23.70,C,operator2@example.invalid
R004558,S18,2026-02-03T13:59:00Z,2026-02-03T14:00:00Z,74.84,F,operator3@example.invalid
R004559,S19,2026-02-03T13:59:30Z,2026-02-03T14:00:30Z,23.90,C,operator4@example.invalid
R004560,S20,2026-02-03T14:00:00Z,2026-02-03T14:01:00Z,75.20,F,operator0@example.invalid
R004561,S01,2026-02-03T14:00:30Z,2026-02-03T14:01:30Z,24.10,C,operator1@example.invalid
R004562,S02,2026-02-03T14:01:00Z,2026-02-03T14:02:00Z,75.56,F,operator2@example.invalid
R004563,S03,2026-02-03T14:01:30Z,2026-02-03T14:02:30Z,24.30,C,operator3@example.invalid
R004564, s04 ,2026-02-03T14:02:00Z,2026-02-03T14:03:00Z,75.92,F,operator4@example.invalid
R004565,S05,2026-02-03T14:02:30Z,2026-02-03T14:03:30Z,24.50, c ,operator0@example.invalid
R004566,S06,2026-02-03T14:03:00Z,2026-02-03T14:04:00Z,76.28,F,operator1@example.invalid
R004567,S07,2026-02-03T14:03:30Z,2026-02-03T14:04:30Z,24.70,C,operator2@example.invalid
R004568,S08,2026-02-03T14:04:00Z,2026-02-03T14:05:00Z,76.64,F,operator3@example.invalid
R004569,S09,2026-02-03T14:04:30Z,2026-02-03T14:05:30Z,24.90,C,operator4@example.invalid
R004570,S10,2026-02-03T14:05:00Z,2026-02-03T14:06:00Z,77.00,F,operator0@example.invalid
R004571, s11 ,2026-02-03T14:05:30Z,2026-02-03T14:06:30Z,25.10,C,operator1@example.invalid
R004572,S12,2026-02-03T14:06:00Z,2026-02-03T14:07:00Z,77.36,F,operator2@example.invalid
R004573,S13,2026-02-03T14:06:30Z,2026-02-03T14:07:30Z,25.30,C,operator3@example.invalid
R004574,S14,2026-02-03T14:07:00Z,2026-02-03T14:08:00Z,77.72,F,operator4@example.invalid
R004575,S15,2026-02-03T14:07:30Z,2026-02-03T14:08:30Z,25.50,C,operator0@example.invalid
R004576,S16,2026-02-03T14:08:00Z,2026-02-03T14:09:00Z,78.08, f ,operator1@example.invalid
R004577,S17,2026-02-03T14:08:30Z,2026-02-03T14:09:30Z,25.70,C,operator2@example.invalid
R004578, s18 ,2026-02-03T14:09:00Z,2026-02-03T14:10:00Z,78.44,F,operator3@example.invalid
R004579,S19,2026-02-03T14:09:30Z,2026-02-03T14:10:30Z,25.90,C,operator4@example.invalid
R004580,S20,2026-02-03T14:10:00Z,2026-02-03T14:11:00Z,78.80,F,operator0@example.invalid
R004581,S01,2026-02-03T14:10:30Z,2026-02-03T14:11:30Z,26.10,C,operator1@example.invalid
R004582,S02,2026-02-03T14:11:00Z,2026-02-03T14:12:00Z,79.16,F,operator2@example.invalid
R004583,S03,2026-02-03T14:11:30Z,2026-02-03T14:12:30Z,26.30,C,operator3@example.invalid
R004584,S04,2026-02-03T14:12:00Z,2026-02-03T14:13:00Z,79.52,F,operator4@example.invalid
R004585, s05 ,2026-02-03T14:12:30Z,2026-02-03T14:13:30Z,26.50,C,operator0@example.invalid
R004586,S06,2026-02-03T14:13:00Z,2026-02-03T14:14:00Z,79.88,F,operator1@example.invalid
R004587,S07,2026-02-03T14:13:30Z,2026-02-03T14:14:30Z,26.70, c ,operator2@example.invalid
R004588,S08,2026-02-03T14:14:00Z,2026-02-03T14:15:00Z,80.24,F,operator3@example.invalid
R004589,S09,2026-02-03T14:14:30Z,2026-02-03T14:15:30Z,26.90,C,operator4@example.invalid
R004590,S10,2026-02-03T14:15:00Z,2026-02-03T14:16:00Z,80.60,F,operator0@example.invalid
R004591,S11,2026-02-03T14:15:30Z,2026-02-03T14:16:30Z,27.10,C,operator1@example.invalid
R004592, s12 ,2026-02-03T14:16:00Z,2026-02-03T14:17:00Z,80.96,F,operator2@example.invalid
R004593,S13,2026-02-03T14:16:30Z,2026-02-03T14:17:30Z,27.30,C,operator3@example.invalid
R004594,S14,2026-02-03T14:17:00Z,2026-02-03T14:18:00Z,81.32,F,operator4@example.invalid
R004595,S15,2026-02-03T14:17:30Z,2026-02-03T14:18:30Z,27.50,C,operator0@example.invalid
R004596,S16,2026-02-03T14:18:00Z,2026-02-03T14:19:00Z,81.68,F,operator1@example.invalid
R004597,S17,2026-02-03T14:18:30Z,2026-02-03T14:19:30Z,27.70,C,operator2@example.invalid
R004598,S18,2026-02-03T14:19:00Z,2026-02-03T14:20:00Z,82.04, f ,operator3@example.invalid
R004599, s19 ,2026-02-03T14:19:30Z,2026-02-03T14:20:30Z,27.90,C,operator4@example.invalid
R004600,S20,2026-02-03T14:20:00Z,2026-02-03T14:21:00Z,64.40,F,operator0@example.invalid
R004601,S01,2026-02-03T14:20:30Z,2026-02-03T14:21:30Z,18.10,C,operator1@example.invalid
R004602,S02,2026-02-03T14:21:00Z,2026-02-03T14:22:00Z,64.76,F,operator2@example.invalid
R004603,S03,2026-02-03T14:21:30Z,2026-02-03T14:22:30Z,18.30,C,operator3@example.invalid
R004604,S04,2026-02-03T14:22:00Z,2026-02-03T14:23:00Z,65.12,F,operator4@example.invalid
R004605,S05,2026-02-03T14:22:30Z,2026-02-03T14:23:30Z,18.50,C,operator0@example.invalid
R004606, s06 ,2026-02-03T14:23:00Z,2026-02-03T14:24:00Z,65.48,F,operator1@example.invalid
R004607,S07,2026-02-03T14:23:30Z,2026-02-03T14:24:30Z,18.70,C,operator2@example.invalid
R004608,S08,2026-02-03T14:24:00Z,2026-02-03T14:25:00Z,65.84,F,operator3@example.invalid
R004609,S09,2026-02-03T14:24:30Z,2026-02-03T14:25:30Z,18.90, c ,operator4@example.invalid
R004610,S10,2026-02-03T14:25:00Z,2026-02-03T14:26:00Z,66.20,F,operator0@example.invalid
R004611,S11,2026-02-03T14:25:30Z,2026-02-03T14:26:30Z,19.10,C,operator1@example.invalid
R004612,S12,2026-02-03T14:26:00Z,2026-02-03T14:27:00Z,66.56,F,operator2@example.invalid
R004613, s13 ,2026-02-03T14:26:30Z,2026-02-03T14:27:30Z,19.30,C,operator3@example.invalid
R004614,S14,2026-02-03T14:27:00Z,2026-02-03T14:28:00Z,66.92,F,operator4@example.invalid
R004615,S15,2026-02-03T14:27:30Z,2026-02-03T14:28:30Z,19.50,C,operator0@example.invalid
R004616,S16,2026-02-03T14:28:00Z,2026-02-03T14:29:00Z,67.28,F,operator1@example.invalid
R004617,S17,2026-02-03T14:28:30Z,2026-02-03T14:29:30Z,19.70,C,operator2@example.invalid
R004618,S18,2026-02-03T14:29:00Z,2026-02-03T14:30:00Z,67.64,F,operator3@example.invalid
R004619,S19,2026-02-03T14:29:30Z,2026-02-03T14:30:30Z,19.90,C,operator4@example.invalid
R004620, s20 ,2026-02-03T14:30:00Z,2026-02-03T14:31:00Z,68.00, f ,operator0@example.invalid
R004621,S01,2026-02-03T14:30:30Z,2026-02-03T14:31:30Z,20.10,C,operator1@example.invalid
R004622,S02,2026-02-03T14:31:00Z,2026-02-03T14:32:00Z,68.36,F,operator2@example.invalid
R004623,S03,2026-02-03T14:31:30Z,2026-02-03T14:32:30Z,20.30,C,operator3@example.invalid
R004624,S04,2026-02-03T14:32:00Z,2026-02-03T14:33:00Z,68.72,F,operator4@example.invalid
R004625,S05,2026-02-03T14:32:30Z,2026-02-03T14:33:30Z,20.50,C,operator0@example.invalid
R004626,S06,2026-02-03T14:33:00Z,2026-02-03T14:34:00Z,69.08,F,operator1@example.invalid
R004627, s07 ,2026-02-03T14:33:30Z,2026-02-03T14:34:30Z,20.70,C,operator2@example.invalid
R004628,S08,2026-02-03T14:34:00Z,2026-02-03T14:35:00Z,69.44,F,operator3@example.invalid
R004629,S09,2026-02-03T14:34:30Z,2026-02-03T14:35:30Z,20.90,C,operator4@example.invalid
R004630,S10,2026-02-03T14:35:00Z,2026-02-03T14:36:00Z,69.80,F,operator0@example.invalid
R004631,S11,2026-02-03T14:35:30Z,2026-02-03T14:36:30Z,21.10, c ,operator1@example.invalid
R004632,S12,2026-02-03T14:36:00Z,2026-02-03T14:37:00Z,70.16,F,operator2@example.invalid
R004633,S13,2026-02-03T14:36:30Z,2026-02-03T14:37:30Z,21.30,C,operator3@example.invalid
R004634, s14 ,2026-02-03T14:37:00Z,2026-02-03T14:38:00Z,70.52,F,operator4@example.invalid
R004635,S15,2026-02-03T14:37:30Z,2026-02-03T14:38:30Z,21.50,C,operator0@example.invalid
R004636,S16,2026-02-03T14:38:00Z,2026-02-03T14:39:00Z,70.88,F,operator1@example.invalid
R004637,S17,2026-02-03T14:38:30Z,2026-02-03T14:39:30Z,21.70,C,operator2@example.invalid
R004638,S18,2026-02-03T14:39:00Z,2026-02-03T14:40:00Z,71.24,F,operator3@example.invalid
R004639,S19,2026-02-03T14:39:30Z,2026-02-03T14:40:30Z,21.90,C,operator4@example.invalid
R004640,S20,2026-02-03T14:40:00Z,2026-02-03T14:41:00Z,71.60,F,operator0@example.invalid
R004641, s01 ,2026-02-03T14:40:30Z,2026-02-03T14:41:30Z,22.10,C,operator1@example.invalid
R004642,S02,2026-02-03T14:41:00Z,2026-02-03T14:42:00Z,71.96, f ,operator2@example.invalid
R004643,S03,2026-02-03T14:41:30Z,2026-02-03T14:42:30Z,22.30,C,operator3@example.invalid
R004644,S04,2026-02-03T14:42:00Z,2026-02-03T14:43:00Z,72.32,F,operator4@example.invalid
R004645,S05,2026-02-03T14:42:30Z,2026-02-03T14:43:30Z,22.50,C,operator0@example.invalid
R004646,S06,2026-02-03T14:43:00Z,2026-02-03T14:44:00Z,72.68,F,operator1@example.invalid
R004647,S07,2026-02-03T14:43:30Z,2026-02-03T14:44:30Z,22.70,C,operator2@example.invalid
R004648, s08 ,2026-02-03T14:44:00Z,2026-02-03T14:45:00Z,73.04,F,operator3@example.invalid
R004649,S09,2026-02-03T14:44:30Z,2026-02-03T14:45:30Z,22.90,C,operator4@example.invalid
R004650,S10,2026-02-03T14:45:00Z,2026-02-03T14:46:00Z,73.40,F,operator0@example.invalid
R004651,S11,2026-02-03T14:45:30Z,2026-02-03T14:46:30Z,23.10,C,operator1@example.invalid
R004652,S12,2026-02-03T14:46:00Z,2026-02-03T14:47:00Z,73.76,F,operator2@example.invalid
R004653,S13,2026-02-03T14:46:30Z,2026-02-03T14:47:30Z,23.30, c ,operator3@example.invalid
R004654,S14,2026-02-03T14:47:00Z,2026-02-03T14:48:00Z,74.12,F,operator4@example.invalid
R004655, s15 ,2026-02-03T14:47:30Z,2026-02-03T14:48:30Z,23.50,C,operator0@example.invalid
R004656,S16,2026-02-03T14:48:00Z,2026-02-03T14:49:00Z,74.48,F,operator1@example.invalid
R004657,S17,2026-02-03T14:48:30Z,2026-02-03T14:49:30Z,23.70,C,operator2@example.invalid
R004658,S18,2026-02-03T14:49:00Z,2026-02-03T14:50:00Z,74.84,F,operator3@example.invalid
R004659,S19,2026-02-03T14:49:30Z,2026-02-03T14:50:30Z,23.90,C,operator4@example.invalid
R004660,S20,2026-02-03T14:50:00Z,2026-02-03T14:51:00Z,75.20,F,operator0@example.invalid
R004661,S01,2026-02-03T14:50:30Z,2026-02-03T14:51:30Z,24.10,C,operator1@example.invalid
R004662, s02 ,2026-02-03T14:51:00Z,2026-02-03T14:52:00Z,75.56,F,operator2@example.invalid
R004663,S03,2026-02-03T14:51:30Z,2026-02-03T14:52:30Z,24.30,C,operator3@example.invalid
R004664,S04,2026-02-03T14:52:00Z,2026-02-03T14:53:00Z,75.92, f ,operator4@example.invalid
R004665,S05,2026-02-03T14:52:30Z,2026-02-03T14:53:30Z,24.50,C,operator0@example.invalid
R004666,S06,2026-02-03T14:53:00Z,2026-02-03T14:54:00Z,76.28,F,operator1@example.invalid
R004667,S07,2026-02-03T14:53:30Z,2026-02-03T14:54:30Z,24.70,C,operator2@example.invalid
R004668,S08,2026-02-03T14:54:00Z,2026-02-03T14:55:00Z,76.64,F,operator3@example.invalid
R004669, s09 ,2026-02-03T14:54:30Z,2026-02-03T14:55:30Z,24.90,C,operator4@example.invalid
R004670,S10,2026-02-03T14:55:00Z,2026-02-03T14:56:00Z,77.00,F,operator0@example.invalid
R004671,S11,2026-02-03T14:55:30Z,2026-02-03T14:56:30Z,25.10,C,operator1@example.invalid
R004672,S12,2026-02-03T14:56:00Z,2026-02-03T14:57:00Z,77.36,F,operator2@example.invalid
R004673,S13,2026-02-03T14:56:30Z,2026-02-03T14:57:30Z,25.30,C,operator3@example.invalid
R004674,S14,2026-02-03T14:57:00Z,2026-02-03T14:58:00Z,77.72,F,operator4@example.invalid
R004675,S15,2026-02-03T14:57:30Z,2026-02-03T14:58:30Z,25.50, c ,operator0@example.invalid
R004676, s16 ,2026-02-03T14:58:00Z,2026-02-03T14:59:00Z,78.08,F,operator1@example.invalid
R004677,S17,2026-02-03T14:58:30Z,2026-02-03T14:59:30Z,25.70,C,operator2@example.invalid
R004678,S18,2026-02-03T14:59:00Z,2026-02-03T15:00:00Z,78.44,F,operator3@example.invalid
R004679,S19,2026-02-03T14:59:30Z,2026-02-03T15:00:30Z,25.90,C,operator4@example.invalid
R004680,S20,2026-02-03T15:00:00Z,2026-02-03T15:01:00Z,78.80,F,operator0@example.invalid
R004681,S01,2026-02-03T15:00:30Z,2026-02-03T15:01:30Z,26.10,C,operator1@example.invalid
R004682,S02,2026-02-03T15:01:00Z,2026-02-03T15:02:00Z,79.16,F,operator2@example.invalid
R004683, s03 ,2026-02-03T15:01:30Z,2026-02-03T15:02:30Z,26.30,C,operator3@example.invalid
R004684,S04,2026-02-03T15:02:00Z,2026-02-03T15:03:00Z,79.52,F,operator4@example.invalid
R004685,S05,2026-02-03T15:02:30Z,2026-02-03T15:03:30Z,26.50,C,operator0@example.invalid
R004686,S06,2026-02-03T15:03:00Z,2026-02-03T15:04:00Z,79.88, f ,operator1@example.invalid
R004687,S07,2026-02-03T15:03:30Z,2026-02-03T15:04:30Z,26.70,C,operator2@example.invalid
R004688,S08,2026-02-03T15:04:00Z,2026-02-03T15:05:00Z,80.24,F,operator3@example.invalid
R004689,S09,2026-02-03T15:04:30Z,2026-02-03T15:05:30Z,26.90,C,operator4@example.invalid
R004690, s10 ,2026-02-03T15:05:00Z,2026-02-03T15:06:00Z,80.60,F,operator0@example.invalid
R004691,S11,2026-02-03T15:05:30Z,2026-02-03T15:06:30Z,27.10,C,operator1@example.invalid
R004692,S12,2026-02-03T15:06:00Z,2026-02-03T15:07:00Z,80.96,F,operator2@example.invalid
R004693,S13,2026-02-03T15:06:30Z,2026-02-03T15:07:30Z,27.30,C,operator3@example.invalid
R004694,S14,2026-02-03T15:07:00Z,2026-02-03T15:08:00Z,81.32,F,operator4@example.invalid
R004695,S15,2026-02-03T15:07:30Z,2026-02-03T15:08:30Z,27.50,C,operator0@example.invalid
R004696,S16,2026-02-03T15:08:00Z,2026-02-03T15:09:00Z,81.68,F,operator1@example.invalid
R004697, s17 ,2026-02-03T15:08:30Z,2026-02-03T15:09:30Z,27.70, c ,operator2@example.invalid
R004698,S18,2026-02-03T15:09:00Z,2026-02-03T15:10:00Z,82.04,F,operator3@example.invalid
R004699,S19,2026-02-03T15:09:30Z,2026-02-03T15:10:30Z,27.90,C,operator4@example.invalid
R004700,S20,2026-02-03T15:10:00Z,2026-02-03T15:11:00Z,64.40,F,operator0@example.invalid
R004701,S01,2026-02-03T15:10:30Z,2026-02-03T15:11:30Z,18.10,C,operator1@example.invalid
R004702,S02,2026-02-03T15:11:00Z,2026-02-03T15:12:00Z,64.76,F,operator2@example.invalid
R004703,S03,2026-02-03T15:11:30Z,2026-02-03T15:12:30Z,18.30,C,operator3@example.invalid
R004704, s04 ,2026-02-03T15:12:00Z,2026-02-03T15:13:00Z,65.12,F,operator4@example.invalid
R004705,S05,2026-02-03T15:12:30Z,2026-02-03T15:13:30Z,18.50,C,operator0@example.invalid
R004706,S06,2026-02-03T15:13:00Z,2026-02-03T15:14:00Z,65.48,F,operator1@example.invalid
R004707,S07,2026-02-03T15:13:30Z,2026-02-03T15:14:30Z,18.70,C,operator2@example.invalid
R004708,S08,2026-02-03T15:14:00Z,2026-02-03T15:15:00Z,65.84, f ,operator3@example.invalid
R004709,S09,2026-02-03T15:14:30Z,2026-02-03T15:15:30Z,18.90,C,operator4@example.invalid
R004710,S10,2026-02-03T15:15:00Z,2026-02-03T15:16:00Z,66.20,F,operator0@example.invalid
R004711, s11 ,2026-02-03T15:15:30Z,2026-02-03T15:16:30Z,19.10,C,operator1@example.invalid
R004712,S12,2026-02-03T15:16:00Z,2026-02-03T15:17:00Z,66.56,F,operator2@example.invalid
R004713,S13,2026-02-03T15:16:30Z,2026-02-03T15:17:30Z,19.30,C,operator3@example.invalid
R004714,S14,2026-02-03T15:17:00Z,2026-02-03T15:18:00Z,66.92,F,operator4@example.invalid
R004715,S15,2026-02-03T15:17:30Z,2026-02-03T15:18:30Z,19.50,C,operator0@example.invalid
R004716,S16,2026-02-03T15:18:00Z,2026-02-03T15:19:00Z,67.28,F,operator1@example.invalid
R004717,S17,2026-02-03T15:18:30Z,2026-02-03T15:19:30Z,19.70,C,operator2@example.invalid
R004718, s18 ,2026-02-03T15:19:00Z,2026-02-03T15:20:00Z,67.64,F,operator3@example.invalid
R004719,S19,2026-02-03T15:19:30Z,2026-02-03T15:20:30Z,19.90, c ,operator4@example.invalid
R004720,S20,2026-02-03T15:20:00Z,2026-02-03T15:21:00Z,68.00,F,operator0@example.invalid
R004721,S01,2026-02-03T15:20:30Z,2026-02-03T15:21:30Z,20.10,C,operator1@example.invalid
R004722,S02,2026-02-03T15:21:00Z,2026-02-03T15:22:00Z,68.36,F,operator2@example.invalid
R004723,S03,2026-02-03T15:21:30Z,2026-02-03T15:22:30Z,20.30,C,operator3@example.invalid
R004724,S04,2026-02-03T15:22:00Z,2026-02-03T15:23:00Z,68.72,F,operator4@example.invalid
R004725, s05 ,2026-02-03T15:22:30Z,2026-02-03T15:23:30Z,20.50,C,operator0@example.invalid
R004726,S06,2026-02-03T15:23:00Z,2026-02-03T15:24:00Z,69.08,F,operator1@example.invalid
R004727,S07,2026-02-03T15:23:30Z,2026-02-03T15:24:30Z,20.70,C,operator2@example.invalid
R004728,S08,2026-02-03T15:24:00Z,2026-02-03T15:25:00Z,69.44,F,operator3@example.invalid
R004729,S09,2026-02-03T15:24:30Z,2026-02-03T15:25:30Z,20.90,C,operator4@example.invalid
R004730,S10,2026-02-03T15:25:00Z,2026-02-03T15:26:00Z,69.80, f ,operator0@example.invalid
R004731,S11,2026-02-03T15:25:30Z,2026-02-03T15:26:30Z,21.10,C,operator1@example.invalid
R004732, s12 ,2026-02-03T15:26:00Z,2026-02-03T15:27:00Z,70.16,F,operator2@example.invalid
R004733,S13,2026-02-03T15:26:30Z,2026-02-03T15:27:30Z,21.30,C,operator3@example.invalid
R004734,S14,2026-02-03T15:27:00Z,2026-02-03T15:28:00Z,70.52,F,operator4@example.invalid
R004735,S15,2026-02-03T15:27:30Z,2026-02-03T15:28:30Z,21.50,C,operator0@example.invalid
R004736,S16,2026-02-03T15:28:00Z,2026-02-03T15:29:00Z,70.88,F,operator1@example.invalid
R004737,S17,2026-02-03T15:28:30Z,2026-02-03T15:29:30Z,21.70,C,operator2@example.invalid
R004738,S18,2026-02-03T15:29:00Z,2026-02-03T15:30:00Z,71.24,F,operator3@example.invalid
R004739, s19 ,2026-02-03T15:29:30Z,2026-02-03T15:30:30Z,21.90,C,operator4@example.invalid
R004740,S20,2026-02-03T15:30:00Z,2026-02-03T15:31:00Z,71.60,F,operator0@example.invalid
R004741,S01,2026-02-03T15:30:30Z,2026-02-03T15:31:30Z,22.10, c ,operator1@example.invalid
R004742,S02,2026-02-03T15:31:00Z,2026-02-03T15:32:00Z,71.96,F,operator2@example.invalid
R004743,S03,2026-02-03T15:31:30Z,2026-02-03T15:32:30Z,22.30,C,operator3@example.invalid
R004744,S04,2026-02-03T15:32:00Z,2026-02-03T15:33:00Z,72.32,F,operator4@example.invalid
R004745,S05,2026-02-03T15:32:30Z,2026-02-03T15:33:30Z,22.50,C,operator0@example.invalid
R004746, s06 ,2026-02-03T15:33:00Z,2026-02-03T15:34:00Z,72.68,F,operator1@example.invalid
R004747,S07,2026-02-03T15:33:30Z,2026-02-03T15:34:30Z,22.70,C,operator2@example.invalid
R004748,S08,2026-02-03T15:34:00Z,2026-02-03T15:35:00Z,73.04,F,operator3@example.invalid
R004749,S09,2026-02-03T15:34:30Z,2026-02-03T15:35:30Z,22.90,C,operator4@example.invalid
R004750,S10,2026-02-03T15:35:00Z,2026-02-03T15:36:00Z,73.40,F,operator0@example.invalid
R004751,S11,2026-02-03T15:35:30Z,2026-02-03T15:36:30Z,23.10,C,operator1@example.invalid
R004752,S12,2026-02-03T15:36:00Z,2026-02-03T15:37:00Z,73.76, f ,operator2@example.invalid
R004753, s13 ,2026-02-03T15:36:30Z,2026-02-03T15:37:30Z,23.30,C,operator3@example.invalid
R004754,S14,2026-02-03T15:37:00Z,2026-02-03T15:38:00Z,74.12,F,operator4@example.invalid
R004755,S15,2026-02-03T15:37:30Z,2026-02-03T15:38:30Z,23.50,C,operator0@example.invalid
R004756,S16,2026-02-03T15:38:00Z,2026-02-03T15:39:00Z,74.48,F,operator1@example.invalid
R004757,S17,2026-02-03T15:38:30Z,2026-02-03T15:39:30Z,23.70,C,operator2@example.invalid
R004758,S18,2026-02-03T15:39:00Z,2026-02-03T15:40:00Z,74.84,F,operator3@example.invalid
R004759,S19,2026-02-03T15:39:30Z,2026-02-03T15:40:30Z,23.90,C,operator4@example.invalid
R004760, s20 ,2026-02-03T15:40:00Z,2026-02-03T15:41:00Z,75.20,F,operator0@example.invalid
R004761,S01,2026-02-03T15:40:30Z,2026-02-03T15:41:30Z,24.10,C,operator1@example.invalid
R004762,S02,2026-02-03T15:41:00Z,2026-02-03T15:42:00Z,75.56,F,operator2@example.invalid
R004763,S03,2026-02-03T15:41:30Z,2026-02-03T15:42:30Z,24.30, c ,operator3@example.invalid
R004764,S04,2026-02-03T15:42:00Z,2026-02-03T15:43:00Z,75.92,F,operator4@example.invalid
R004765,S05,2026-02-03T15:42:30Z,2026-02-03T15:43:30Z,24.50,C,operator0@example.invalid
R004766,S06,2026-02-03T15:43:00Z,2026-02-03T15:44:00Z,76.28,F,operator1@example.invalid
R004767, s07 ,2026-02-03T15:43:30Z,2026-02-03T15:44:30Z,24.70,C,operator2@example.invalid
R004768,S08,2026-02-03T15:44:00Z,2026-02-03T15:45:00Z,76.64,F,operator3@example.invalid
R004769,S09,2026-02-03T15:44:30Z,2026-02-03T15:45:30Z,24.90,C,operator4@example.invalid
R004770,S10,2026-02-03T15:45:00Z,2026-02-03T15:46:00Z,77.00,F,operator0@example.invalid
R004771,S11,2026-02-03T15:45:30Z,2026-02-03T15:46:30Z,25.10,C,operator1@example.invalid
R004772,S12,2026-02-03T15:46:00Z,2026-02-03T15:47:00Z,77.36,F,operator2@example.invalid
R004773,S13,2026-02-03T15:46:30Z,2026-02-03T15:47:30Z,25.30,C,operator3@example.invalid
R004774, s14 ,2026-02-03T15:47:00Z,2026-02-03T15:48:00Z,77.72, f ,operator4@example.invalid
R004775,S15,2026-02-03T15:47:30Z,2026-02-03T15:48:30Z,25.50,C,operator0@example.invalid
R004776,S16,2026-02-03T15:48:00Z,2026-02-03T15:49:00Z,78.08,F,operator1@example.invalid
R004777,S17,2026-02-03T15:48:30Z,2026-02-03T15:49:30Z,25.70,C,operator2@example.invalid
R004778,S18,2026-02-03T15:49:00Z,2026-02-03T15:50:00Z,78.44,F,operator3@example.invalid
R004779,S19,2026-02-03T15:49:30Z,2026-02-03T15:50:30Z,25.90,C,operator4@example.invalid
R004780,S20,2026-02-03T15:50:00Z,2026-02-03T15:51:00Z,78.80,F,operator0@example.invalid
R004781, s01 ,2026-02-03T15:50:30Z,2026-02-03T15:51:30Z,26.10,C,operator1@example.invalid
R004782,S02,2026-02-03T15:51:00Z,2026-02-03T15:52:00Z,79.16,F,operator2@example.invalid
R004783,S03,2026-02-03T15:51:30Z,2026-02-03T15:52:30Z,26.30,C,operator3@example.invalid
R004784,S04,2026-02-03T15:52:00Z,2026-02-03T15:53:00Z,79.52,F,operator4@example.invalid
R004785,S05,2026-02-03T15:52:30Z,2026-02-03T15:53:30Z,26.50, c ,operator0@example.invalid
R004786,S06,2026-02-03T15:53:00Z,2026-02-03T15:54:00Z,79.88,F,operator1@example.invalid
R004787,S07,2026-02-03T15:53:30Z,2026-02-03T15:54:30Z,26.70,C,operator2@example.invalid
R004788, s08 ,2026-02-03T15:54:00Z,2026-02-03T15:55:00Z,80.24,F,operator3@example.invalid
R004789,S09,2026-02-03T15:54:30Z,2026-02-03T15:55:30Z,26.90,C,operator4@example.invalid
R004790,S10,2026-02-03T15:55:00Z,2026-02-03T15:56:00Z,80.60,F,operator0@example.invalid
R004791,S11,2026-02-03T15:55:30Z,2026-02-03T15:56:30Z,27.10,C,operator1@example.invalid
R004792,S12,2026-02-03T15:56:00Z,2026-02-03T15:57:00Z,80.96,F,operator2@example.invalid
R004793,S13,2026-02-03T15:56:30Z,2026-02-03T15:57:30Z,27.30,C,operator3@example.invalid
R004794,S14,2026-02-03T15:57:00Z,2026-02-03T15:58:00Z,81.32,F,operator4@example.invalid
R004795, s15 ,2026-02-03T15:57:30Z,2026-02-03T15:58:30Z,27.50,C,operator0@example.invalid
R004796,S16,2026-02-03T15:58:00Z,2026-02-03T15:59:00Z,81.68, f ,operator1@example.invalid
R004797,S17,2026-02-03T15:58:30Z,2026-02-03T15:59:30Z,27.70,C,operator2@example.invalid
R004798,S18,2026-02-03T15:59:00Z,2026-02-03T16:00:00Z,82.04,F,operator3@example.invalid
R004799,S19,2026-02-03T15:59:30Z,2026-02-03T16:00:30Z,27.90,C,operator4@example.invalid
R004800,S20,2026-02-03T16:00:00Z,2026-02-03T16:01:00Z,64.40,F,operator0@example.invalid
R004801,S01,2026-02-03T16:00:30Z,2026-02-03T16:01:30Z,18.10,C,operator1@example.invalid
R004802, s02 ,2026-02-03T16:01:00Z,2026-02-03T16:02:00Z,64.76,F,operator2@example.invalid
R004803,S03,2026-02-03T16:01:30Z,2026-02-03T16:02:30Z,18.30,C,operator3@example.invalid
R004804,S04,2026-02-03T16:02:00Z,2026-02-03T16:03:00Z,65.12,F,operator4@example.invalid
R004805,S05,2026-02-03T16:02:30Z,2026-02-03T16:03:30Z,18.50,C,operator0@example.invalid
R004806,S06,2026-02-03T16:03:00Z,2026-02-03T16:04:00Z,65.48,F,operator1@example.invalid
R004807,S07,2026-02-03T16:03:30Z,2026-02-03T16:04:30Z,18.70, c ,operator2@example.invalid
R004808,S08,2026-02-03T16:04:00Z,2026-02-03T16:05:00Z,65.84,F,operator3@example.invalid
R004809, s09 ,2026-02-03T16:04:30Z,2026-02-03T16:05:30Z,18.90,C,operator4@example.invalid
R004810,S10,2026-02-03T16:05:00Z,2026-02-03T16:06:00Z,66.20,F,operator0@example.invalid
R004811,S11,2026-02-03T16:05:30Z,2026-02-03T16:06:30Z,19.10,C,operator1@example.invalid
R004812,S12,2026-02-03T16:06:00Z,2026-02-03T16:07:00Z,66.56,F,operator2@example.invalid
R004813,S13,2026-02-03T16:06:30Z,2026-02-03T16:07:30Z,19.30,C,operator3@example.invalid
R004814,S14,2026-02-03T16:07:00Z,2026-02-03T16:08:00Z,66.92,F,operator4@example.invalid
R004815,S15,2026-02-03T16:07:30Z,2026-02-03T16:08:30Z,19.50,C,operator0@example.invalid
R004816, s16 ,2026-02-03T16:08:00Z,2026-02-03T16:09:00Z,67.28,F,operator1@example.invalid
R004817,S17,2026-02-03T16:08:30Z,2026-02-03T16:09:30Z,19.70,C,operator2@example.invalid
R004818,S18,2026-02-03T16:09:00Z,2026-02-03T16:10:00Z,67.64, f ,operator3@example.invalid
R004819,S19,2026-02-03T16:09:30Z,2026-02-03T16:10:30Z,19.90,C,operator4@example.invalid
R004820,S20,2026-02-03T16:10:00Z,2026-02-03T16:11:00Z,68.00,F,operator0@example.invalid
R004821,S01,2026-02-03T16:10:30Z,2026-02-03T16:11:30Z,20.10,C,operator1@example.invalid
R004822,S02,2026-02-03T16:11:00Z,2026-02-03T16:12:00Z,68.36,F,operator2@example.invalid
R004823, s03 ,2026-02-03T16:11:30Z,2026-02-03T16:12:30Z,20.30,C,operator3@example.invalid
R004824,S04,2026-02-03T16:12:00Z,2026-02-03T16:13:00Z,68.72,F,operator4@example.invalid
R004825,S05,2026-02-03T16:12:30Z,2026-02-03T16:13:30Z,20.50,C,operator0@example.invalid
R004826,S06,2026-02-03T16:13:00Z,2026-02-03T16:14:00Z,69.08,F,operator1@example.invalid
R004827,S07,2026-02-03T16:13:30Z,2026-02-03T16:14:30Z,20.70,C,operator2@example.invalid
R004828,S08,2026-02-03T16:14:00Z,2026-02-03T16:15:00Z,69.44,F,operator3@example.invalid
R004829,S09,2026-02-03T16:14:30Z,2026-02-03T16:15:30Z,20.90, c ,operator4@example.invalid
R004830, s10 ,2026-02-03T16:15:00Z,2026-02-03T16:16:00Z,69.80,F,operator0@example.invalid
R004831,S11,2026-02-03T16:15:30Z,2026-02-03T16:16:30Z,21.10,C,operator1@example.invalid
R004832,S12,2026-02-03T16:16:00Z,2026-02-03T16:17:00Z,70.16,F,operator2@example.invalid
R004833,S13,2026-02-03T16:16:30Z,2026-02-03T16:17:30Z,21.30,C,operator3@example.invalid
R004834,S14,2026-02-03T16:17:00Z,2026-02-03T16:18:00Z,70.52,F,operator4@example.invalid
R004835,S15,2026-02-03T16:17:30Z,2026-02-03T16:18:30Z,21.50,C,operator0@example.invalid
R004836,S16,2026-02-03T16:18:00Z,2026-02-03T16:19:00Z,70.88,F,operator1@example.invalid
R004837, s17 ,2026-02-03T16:18:30Z,2026-02-03T16:19:30Z,21.70,C,operator2@example.invalid
R004838,S18,2026-02-03T16:19:00Z,2026-02-03T16:20:00Z,71.24,F,operator3@example.invalid
R004839,S19,2026-02-03T16:19:30Z,2026-02-03T16:20:30Z,21.90,C,operator4@example.invalid
R004840,S20,2026-02-03T16:20:00Z,2026-02-03T16:21:00Z,71.60, f ,operator0@example.invalid
R004841,S01,2026-02-03T16:20:30Z,2026-02-03T16:21:30Z,22.10,C,operator1@example.invalid
R004842,S02,2026-02-03T16:21:00Z,2026-02-03T16:22:00Z,71.96,F,operator2@example.invalid
R004843,S03,2026-02-03T16:21:30Z,2026-02-03T16:22:30Z,22.30,C,operator3@example.invalid
R004844, s04 ,2026-02-03T16:22:00Z,2026-02-03T16:23:00Z,72.32,F,operator4@example.invalid
R004845,S05,2026-02-03T16:22:30Z,2026-02-03T16:23:30Z,22.50,C,operator0@example.invalid
R004846,S06,2026-02-03T16:23:00Z,2026-02-03T16:24:00Z,72.68,F,operator1@example.invalid
R004847,S07,2026-02-03T16:23:30Z,2026-02-03T16:24:30Z,22.70,C,operator2@example.invalid
R004848,S08,2026-02-03T16:24:00Z,2026-02-03T16:25:00Z,73.04,F,operator3@example.invalid
R004849,S09,2026-02-03T16:24:30Z,2026-02-03T16:25:30Z,22.90,C,operator4@example.invalid
R004850,S10,2026-02-03T16:25:00Z,2026-02-03T16:26:00Z,73.40,F,operator0@example.invalid
R004851, s11 ,2026-02-03T16:25:30Z,2026-02-03T16:26:30Z,23.10, c ,operator1@example.invalid
R004852,S12,2026-02-03T16:26:00Z,2026-02-03T16:27:00Z,73.76,F,operator2@example.invalid
R004853,S13,2026-02-03T16:26:30Z,2026-02-03T16:27:30Z,23.30,C,operator3@example.invalid
R004854,S14,2026-02-03T16:27:00Z,2026-02-03T16:28:00Z,74.12,F,operator4@example.invalid
R004855,S15,2026-02-03T16:27:30Z,2026-02-03T16:28:30Z,23.50,C,operator0@example.invalid
R004856,S16,2026-02-03T16:28:00Z,2026-02-03T16:29:00Z,74.48,F,operator1@example.invalid
R004857,S17,2026-02-03T16:28:30Z,2026-02-03T16:29:30Z,23.70,C,operator2@example.invalid
R004858, s18 ,2026-02-03T16:29:00Z,2026-02-03T16:30:00Z,74.84,F,operator3@example.invalid
R004859,S19,2026-02-03T16:29:30Z,2026-02-03T16:30:30Z,23.90,C,operator4@example.invalid
R004860,S20,2026-02-03T16:30:00Z,2026-02-03T16:31:00Z,75.20,F,operator0@example.invalid
R004861,S01,2026-02-03T16:30:30Z,2026-02-03T16:31:30Z,24.10,C,operator1@example.invalid
R004862,S02,2026-02-03T16:31:00Z,2026-02-03T16:32:00Z,75.56, f ,operator2@example.invalid
R004863,S03,2026-02-03T16:31:30Z,2026-02-03T16:32:30Z,24.30,C,operator3@example.invalid
R004864,S04,2026-02-03T16:32:00Z,2026-02-03T16:33:00Z,75.92,F,operator4@example.invalid
R004865, s05 ,2026-02-03T16:32:30Z,2026-02-03T16:33:30Z,24.50,C,operator0@example.invalid
R004866,S06,2026-02-03T16:33:00Z,2026-02-03T16:34:00Z,76.28,F,operator1@example.invalid
R004867,S07,2026-02-03T16:33:30Z,2026-02-03T16:34:30Z,24.70,C,operator2@example.invalid
R004868,S08,2026-02-03T16:34:00Z,2026-02-03T16:35:00Z,76.64,F,operator3@example.invalid
R004869,S09,2026-02-03T16:34:30Z,2026-02-03T16:35:30Z,24.90,C,operator4@example.invalid
R004870,S10,2026-02-03T16:35:00Z,2026-02-03T16:36:00Z,77.00,F,operator0@example.invalid
R004871,S11,2026-02-03T16:35:30Z,2026-02-03T16:36:30Z,25.10,C,operator1@example.invalid
R004872, s12 ,2026-02-03T16:36:00Z,2026-02-03T16:37:00Z,77.36,F,operator2@example.invalid
R004873,S13,2026-02-03T16:36:30Z,2026-02-03T16:37:30Z,25.30, c ,operator3@example.invalid
R004874,S14,2026-02-03T16:37:00Z,2026-02-03T16:38:00Z,77.72,F,operator4@example.invalid
R004875,S15,2026-02-03T16:37:30Z,2026-02-03T16:38:30Z,25.50,C,operator0@example.invalid
R004876,S16,2026-02-03T16:38:00Z,2026-02-03T16:39:00Z,78.08,F,operator1@example.invalid
R004877,S17,2026-02-03T16:38:30Z,2026-02-03T16:39:30Z,25.70,C,operator2@example.invalid
R004878,S18,2026-02-03T16:39:00Z,2026-02-03T16:40:00Z,78.44,F,operator3@example.invalid
R004879, s19 ,2026-02-03T16:39:30Z,2026-02-03T16:40:30Z,25.90,C,operator4@example.invalid
R004880,S20,2026-02-03T16:40:00Z,2026-02-03T16:41:00Z,78.80,F,operator0@example.invalid
R004881,S01,2026-02-03T16:40:30Z,2026-02-03T16:41:30Z,26.10,C,operator1@example.invalid
R004882,S02,2026-02-03T16:41:00Z,2026-02-03T16:42:00Z,79.16,F,operator2@example.invalid
R004883,S03,2026-02-03T16:41:30Z,2026-02-03T16:42:30Z,26.30,C,operator3@example.invalid
R004884,S04,2026-02-03T16:42:00Z,2026-02-03T16:43:00Z,79.52, f ,operator4@example.invalid
R004885,S05,2026-02-03T16:42:30Z,2026-02-03T16:43:30Z,26.50,C,operator0@example.invalid
R004886, s06 ,2026-02-03T16:43:00Z,2026-02-03T16:44:00Z,79.88,F,operator1@example.invalid
R004887,S07,2026-02-03T16:43:30Z,2026-02-03T16:44:30Z,26.70,C,operator2@example.invalid
R004888,S08,2026-02-03T16:44:00Z,2026-02-03T16:45:00Z,80.24,F,operator3@example.invalid
R004889,S09,2026-02-03T16:44:30Z,2026-02-03T16:45:30Z,26.90,C,operator4@example.invalid
R004890,S10,2026-02-03T16:45:00Z,2026-02-03T16:46:00Z,80.60,F,operator0@example.invalid
R004891,S11,2026-02-03T16:45:30Z,2026-02-03T16:46:30Z,27.10,C,operator1@example.invalid
R004892,S12,2026-02-03T16:46:00Z,2026-02-03T16:47:00Z,80.96,F,operator2@example.invalid
R004893, s13 ,2026-02-03T16:46:30Z,2026-02-03T16:47:30Z,27.30,C,operator3@example.invalid
R004894,S14,2026-02-03T16:47:00Z,2026-02-03T16:48:00Z,81.32,F,operator4@example.invalid
R004895,S15,2026-02-03T16:47:30Z,2026-02-03T16:48:30Z,27.50, c ,operator0@example.invalid
R004896,S16,2026-02-03T16:48:00Z,2026-02-03T16:49:00Z,81.68,F,operator1@example.invalid
R004897,S17,2026-02-03T16:48:30Z,2026-02-03T16:49:30Z,27.70,C,operator2@example.invalid
R004898,S18,2026-02-03T16:49:00Z,2026-02-03T16:50:00Z,82.04,F,operator3@example.invalid
R004899,S19,2026-02-03T16:49:30Z,2026-02-03T16:50:30Z,27.90,C,operator4@example.invalid
R004900, s20 ,2026-02-03T16:50:00Z,2026-02-03T16:51:00Z,64.40,F,operator0@example.invalid
R004901,S01,2026-02-03T16:50:30Z,2026-02-03T16:51:30Z,18.10,C,operator1@example.invalid
R004902,S02,2026-02-03T16:51:00Z,2026-02-03T16:52:00Z,64.76,F,operator2@example.invalid
R004903,S03,2026-02-03T16:51:30Z,2026-02-03T16:52:30Z,18.30,C,operator3@example.invalid
R004904,S04,2026-02-03T16:52:00Z,2026-02-03T16:53:00Z,65.12,F,operator4@example.invalid
R004905,S05,2026-02-03T16:52:30Z,2026-02-03T16:53:30Z,18.50,C,operator0@example.invalid
R004906,S06,2026-02-03T16:53:00Z,2026-02-03T16:54:00Z,65.48, f ,operator1@example.invalid
R004907, s07 ,2026-02-03T16:53:30Z,2026-02-03T16:54:30Z,18.70,C,operator2@example.invalid
R004908,S08,2026-02-03T16:54:00Z,2026-02-03T16:55:00Z,65.84,F,operator3@example.invalid
R004909,S09,2026-02-03T16:54:30Z,2026-02-03T16:55:30Z,18.90,C,operator4@example.invalid
R004910,S10,2026-02-03T16:55:00Z,2026-02-03T16:56:00Z,66.20,F,operator0@example.invalid
R004911,S11,2026-02-03T16:55:30Z,2026-02-03T16:56:30Z,19.10,C,operator1@example.invalid
R004912,S12,2026-02-03T16:56:00Z,2026-02-03T16:57:00Z,66.56,F,operator2@example.invalid
R004913,S13,2026-02-03T16:56:30Z,2026-02-03T16:57:30Z,19.30,C,operator3@example.invalid
R004914, s14 ,2026-02-03T16:57:00Z,2026-02-03T16:58:00Z,66.92,F,operator4@example.invalid
R004915,S15,2026-02-03T16:57:30Z,2026-02-03T16:58:30Z,19.50,C,operator0@example.invalid
R004916,S16,2026-02-03T16:58:00Z,2026-02-03T16:59:00Z,67.28,F,operator1@example.invalid
R004917,S17,2026-02-03T16:58:30Z,2026-02-03T16:59:30Z,19.70, c ,operator2@example.invalid
R004918,S18,2026-02-03T16:59:00Z,2026-02-03T17:00:00Z,67.64,F,operator3@example.invalid
R004919,S19,2026-02-03T16:59:30Z,2026-02-03T17:00:30Z,19.90,C,operator4@example.invalid
R004920,S20,2026-02-03T17:00:00Z,2026-02-03T17:01:00Z,68.00,F,operator0@example.invalid
R004921, s01 ,2026-02-03T17:00:30Z,2026-02-03T17:01:30Z,20.10,C,operator1@example.invalid
R004922,S02,2026-02-03T17:01:00Z,2026-02-03T17:02:00Z,68.36,F,operator2@example.invalid
R004923,S03,2026-02-03T17:01:30Z,2026-02-03T17:02:30Z,20.30,C,operator3@example.invalid
R004924,S04,2026-02-03T17:02:00Z,2026-02-03T17:03:00Z,68.72,F,operator4@example.invalid
R004925,S05,2026-02-03T17:02:30Z,2026-02-03T17:03:30Z,20.50,C,operator0@example.invalid
R004926,S06,2026-02-03T17:03:00Z,2026-02-03T17:04:00Z,69.08,F,operator1@example.invalid
R004927,S07,2026-02-03T17:03:30Z,2026-02-03T17:04:30Z,20.70,C,operator2@example.invalid
R004928, s08 ,2026-02-03T17:04:00Z,2026-02-03T17:05:00Z,69.44, f ,operator3@example.invalid
R004929,S09,2026-02-03T17:04:30Z,2026-02-03T17:05:30Z,20.90,C,operator4@example.invalid
R004930,S10,2026-02-03T17:05:00Z,2026-02-03T17:06:00Z,69.80,F,operator0@example.invalid
R004931,S11,2026-02-03T17:05:30Z,2026-02-03T17:06:30Z,21.10,C,operator1@example.invalid
R004932,S12,2026-02-03T17:06:00Z,2026-02-03T17:07:00Z,70.16,F,operator2@example.invalid
R004933,S13,2026-02-03T17:06:30Z,2026-02-03T17:07:30Z,21.30,C,operator3@example.invalid
R004934,S14,2026-02-03T17:07:00Z,2026-02-03T17:08:00Z,70.52,F,operator4@example.invalid
R004935, s15 ,2026-02-03T17:07:30Z,2026-02-03T17:08:30Z,21.50,C,operator0@example.invalid
R004936,S16,2026-02-03T17:08:00Z,2026-02-03T17:09:00Z,70.88,F,operator1@example.invalid
R004937,S17,2026-02-03T17:08:30Z,2026-02-03T17:09:30Z,21.70,C,operator2@example.invalid
R004938,S18,2026-02-03T17:09:00Z,2026-02-03T17:10:00Z,71.24,F,operator3@example.invalid
R004939,S19,2026-02-03T17:09:30Z,2026-02-03T17:10:30Z,21.90, c ,operator4@example.invalid
R004940,S20,2026-02-03T17:10:00Z,2026-02-03T17:11:00Z,71.60,F,operator0@example.invalid
R004941,S01,2026-02-03T17:10:30Z,2026-02-03T17:11:30Z,22.10,C,operator1@example.invalid
R004942, s02 ,2026-02-03T17:11:00Z,2026-02-03T17:12:00Z,71.96,F,operator2@example.invalid
R004943,S03,2026-02-03T17:11:30Z,2026-02-03T17:12:30Z,22.30,C,operator3@example.invalid
R004944,S04,2026-02-03T17:12:00Z,2026-02-03T17:13:00Z,72.32,F,operator4@example.invalid
R004945,S05,2026-02-03T17:12:30Z,2026-02-03T17:13:30Z,22.50,C,operator0@example.invalid
R004946,S06,2026-02-03T17:13:00Z,2026-02-03T17:14:00Z,72.68,F,operator1@example.invalid
R004947,S07,2026-02-03T17:13:30Z,2026-02-03T17:14:30Z,22.70,C,operator2@example.invalid
R004948,S08,2026-02-03T17:14:00Z,2026-02-03T17:15:00Z,73.04,F,operator3@example.invalid
R004949, s09 ,2026-02-03T17:14:30Z,2026-02-03T17:15:30Z,22.90,C,operator4@example.invalid
R004950,S10,2026-02-03T17:15:00Z,2026-02-03T17:16:00Z,73.40, f ,operator0@example.invalid
R004951,S11,2026-02-03T17:15:30Z,2026-02-03T17:16:30Z,23.10,C,operator1@example.invalid
R004952,S12,2026-02-03T17:16:00Z,2026-02-03T17:17:00Z,73.76,F,operator2@example.invalid
R004953,S13,2026-02-03T17:16:30Z,2026-02-03T17:17:30Z,23.30,C,operator3@example.invalid
R004954,S14,2026-02-03T17:17:00Z,2026-02-03T17:18:00Z,74.12,F,operator4@example.invalid
R004955,S15,2026-02-03T17:17:30Z,2026-02-03T17:18:30Z,23.50,C,operator0@example.invalid
R004956, s16 ,2026-02-03T17:18:00Z,2026-02-03T17:19:00Z,74.48,F,operator1@example.invalid
R004957,S17,2026-02-03T17:18:30Z,2026-02-03T17:19:30Z,23.70,C,operator2@example.invalid
R004958,S18,2026-02-03T17:19:00Z,2026-02-03T17:20:00Z,74.84,F,operator3@example.invalid
R004959,S19,2026-02-03T17:19:30Z,2026-02-03T17:20:30Z,23.90,C,operator4@example.invalid
R004960,S20,2026-02-03T17:20:00Z,2026-02-03T17:21:00Z,75.20,F,operator0@example.invalid
R004961,S01,2026-02-03T17:20:30Z,2026-02-03T17:21:30Z,24.10, c ,operator1@example.invalid
R004962,S02,2026-02-03T17:21:00Z,2026-02-03T17:22:00Z,75.56,F,operator2@example.invalid
R004963, s03 ,2026-02-03T17:21:30Z,2026-02-03T17:22:30Z,24.30,C,operator3@example.invalid
R004964,S04,2026-02-03T17:22:00Z,2026-02-03T17:23:00Z,75.92,F,operator4@example.invalid
R004965,S05,2026-02-03T17:22:30Z,2026-02-03T17:23:30Z,24.50,C,operator0@example.invalid
R004966,S06,2026-02-03T17:23:00Z,2026-02-03T17:24:00Z,76.28,F,operator1@example.invalid
R004967,S07,2026-02-03T17:23:30Z,2026-02-03T17:24:30Z,24.70,C,operator2@example.invalid
R004968,S08,2026-02-03T17:24:00Z,2026-02-03T17:25:00Z,76.64,F,operator3@example.invalid
R004969,S09,2026-02-03T17:24:30Z,2026-02-03T17:25:30Z,24.90,C,operator4@example.invalid
R004970, s10 ,2026-02-03T17:25:00Z,2026-02-03T17:26:00Z,77.00,F,operator0@example.invalid
R004971,S11,2026-02-03T17:25:30Z,2026-02-03T17:26:30Z,25.10,C,operator1@example.invalid
R004972,S12,2026-02-03T17:26:00Z,2026-02-03T17:27:00Z,77.36, f ,operator2@example.invalid
R004973,S13,2026-02-03T17:26:30Z,2026-02-03T17:27:30Z,25.30,C,operator3@example.invalid
R004974,S14,2026-02-03T17:27:00Z,2026-02-03T17:28:00Z,77.72,F,operator4@example.invalid
R004975,S15,2026-02-03T17:27:30Z,2026-02-03T17:28:30Z,25.50,C,operator0@example.invalid
R004976,S16,2026-02-03T17:28:00Z,2026-02-03T17:29:00Z,78.08,F,operator1@example.invalid
R004977, s17 ,2026-02-03T17:28:30Z,2026-02-03T17:29:30Z,25.70,C,operator2@example.invalid
R004978,S18,2026-02-03T17:29:00Z,2026-02-03T17:30:00Z,78.44,F,operator3@example.invalid
R004979,S19,2026-02-03T17:29:30Z,2026-02-03T17:30:30Z,25.90,C,operator4@example.invalid
R004980,S20,2026-02-03T17:30:00Z,2026-02-03T17:31:00Z,78.80,F,operator0@example.invalid
R004981,S01,2026-02-03T17:30:30Z,2026-02-03T17:31:30Z,26.10,C,operator1@example.invalid
R004982,S02,2026-02-03T17:31:00Z,2026-02-03T17:32:00Z,79.16,F,operator2@example.invalid
R004983,S03,2026-02-03T17:31:30Z,2026-02-03T17:32:30Z,26.30, c ,operator3@example.invalid
R004984, s04 ,2026-02-03T17:32:00Z,2026-02-03T17:33:00Z,79.52,F,operator4@example.invalid
R004985,S05,2026-02-03T17:32:30Z,2026-02-03T17:33:30Z,26.50,C,operator0@example.invalid
R004986,S06,2026-02-03T17:33:00Z,2026-02-03T17:34:00Z,79.88,F,operator1@example.invalid
R004987,S07,2026-02-03T17:33:30Z,2026-02-03T17:34:30Z,26.70,C,operator2@example.invalid
R004988,S08,2026-02-03T17:34:00Z,2026-02-03T17:35:00Z,80.24,F,operator3@example.invalid
R004989,S09,2026-02-03T17:34:30Z,2026-02-03T17:35:30Z,26.90,C,operator4@example.invalid
R004990,S10,2026-02-03T17:35:00Z,2026-02-03T17:36:00Z,80.60,F,operator0@example.invalid
R004991, s11 ,2026-02-03T17:35:30Z,2026-02-03T17:36:30Z,27.10,C,operator1@example.invalid
R004992,S12,2026-02-03T17:36:00Z,2026-02-03T17:37:00Z,80.96,F,operator2@example.invalid
R004993,S13,2026-02-03T17:36:30Z,2026-02-03T17:37:30Z,27.30,C,operator3@example.invalid
R004994,S14,2026-02-03T17:37:00Z,2026-02-03T17:38:00Z,81.32, f ,operator4@example.invalid
R004995,S15,2026-02-03T17:37:30Z,2026-02-03T17:38:30Z,27.50,C,operator0@example.invalid
R004996,S16,2026-02-03T17:38:00Z,2026-02-03T17:39:00Z,81.68,F,operator1@example.invalid
R004997,S17,2026-02-03T17:38:30Z,2026-02-03T17:39:30Z,27.70,C,operator2@example.invalid
R004998, s18 ,2026-02-03T17:39:00Z,2026-02-03T17:40:00Z,82.04,F,operator3@example.invalid
R004999,S19,2026-02-03T17:39:30Z,2026-02-03T17:40:30Z,27.90,C,operator4@example.invalid
R005000,S20,2026-02-03T17:40:00Z,2026-02-03T17:41:00Z,64.40,F,operator0@example.invalid
